instance,cfg,rep,identical,sols,exp,gen,reins,wall,p_global,p_ch_gen,p_ch_re,p_local,p_full,p_update,p_build,cmpchk,cmpupd,cmpfull,cmpch,ch_gen,ch_re,ch_first,ch_later,ch_none,ch_ideal,ch_tree,ch_nodes,avg_skip,avg_H,avg_T,loc,loc_notr,loc_tdisc,loc_bad,loc_good,kd_builds,kd_rebuilds,htrees,h_redund,h_total,ch_rskip,loc_hist,T_hist
grid10_M4_r-0.6_s42/A50.mvh,flat,0,True,12667,187070,296772,8754,1.6045,7.4,8.9,8.7,30.2,0.7,10.9,0.0,271402904,51400499,3703477,317740665,297332,28440,279462,17309,29001,0,0,0,0.50,50.0,305.7,1512002,482399,1027393,207,2003,0,0,89,0,0,0,"7620,1704,5492,8100,18264,47604,123368,261810,420361,493341,124338,0,0,0,0,0,0,0,0,0,0,0,0,0","19530,1119,3576,4147,6243,13488,18477,44307,43385,99569,71931,0,0,0,0,0,0,0,0,0,0,0,0,0"
grid10_M4_r-0.6_s42/A50.mvh,kd_X0,0,True,12667,187070,296772,8754,1.0841,2.1,4.5,4.5,26.2,1.1,12.2,0.0,8168676,1452216,3703477,10326073,297332,28440,279462,17309,29001,0,0,0,0.50,50.0,305.7,1512002,482399,1027393,207,2003,100,1555,89,0,0,0,"7620,1704,5492,8100,18264,47604,123368,261810,420361,493341,124338,0,0,0,0,0,0,0,0,0,0,0,0,0","19530,1119,3576,4147,6243,13488,18477,44307,43385,99569,71931,0,0,0,0,0,0,0,0,0,0,0,0,0"
grid10_M4_r-0.6_s42/A50.mvh,kd_X16,0,True,12667,187070,296772,8754,1.1137,2.1,4.4,4.7,26.0,1.1,12.1,0.0,8331406,1464439,3703477,10404128,297332,28440,279462,17309,29001,0,0,0,0.50,50.0,305.7,1512002,482399,1027393,207,2003,90,1513,89,0,0,0,"7620,1704,5492,8100,18264,47604,123368,261810,420361,493341,124338,0,0,0,0,0,0,0,0,0,0,0,0,0","19530,1119,3576,4147,6243,13488,18477,44307,43385,99569,71931,0,0,0,0,0,0,0,0,0,0,0,0,0"
grid10_M4_r-0.6_s42/A50.mvh,kd_X32,0,True,12667,187070,296772,8754,1.1690,2.1,4.4,4.5,25.8,1.0,12.1,0.0,9030223,1569088,3703477,10930021,297332,28440,279462,17309,29001,0,0,0,0.50,50.0,305.7,1512002,482399,1027393,207,2003,85,1444,89,0,0,0,"7620,1704,5492,8100,18264,47604,123368,261810,420361,493341,124338,0,0,0,0,0,0,0,0,0,0,0,0,0","19530,1119,3576,4147,6243,13488,18477,44307,43385,99569,71931,0,0,0,0,0,0,0,0,0,0,0,0,0"
grid10_M4_r-0.6_s42/A50.mvh,kd_X64,0,True,12667,187070,296772,8754,1.8325,2.0,4.6,4.3,26.0,0.9,12.1,0.0,11785322,2053733,3703477,12863620,297332,28440,279462,17309,29001,0,0,0,0.50,50.0,305.7,1512002,482399,1027393,207,2003,76,1286,89,0,0,0,"7620,1704,5492,8100,18264,47604,123368,261810,420361,493341,124338,0,0,0,0,0,0,0,0,0,0,0,0,0","19530,1119,3576,4147,6243,13488,18477,44307,43385,99569,71931,0,0,0,0,0,0,0,0,0,0,0,0,0"
grid10_M4_r-0.6_s42/A50.mvh,kd_X128,0,True,12667,187070,296772,8754,1.7655,3.8,4.8,4.4,27.0,1.0,11.4,0.0,23834918,4388543,3703477,21824500,297332,28440,279462,17309,29001,0,0,0,0.50,50.0,305.7,1512002,482399,1027393,207,2003,52,979,89,0,0,0,"7620,1704,5492,8100,18264,47604,123368,261810,420361,493341,124338,0,0,0,0,0,0,0,0,0,0,0,0,0","19530,1119,3576,4147,6243,13488,18477,44307,43385,99569,71931,0,0,0,0,0,0,0,0,0,0,0,0,0"
grid10_M4_r-0.6_s42/A50.mvh,kd_X256,0,True,12667,187070,296772,8754,1.9156,2.6,6.1,4.1,27.8,0.8,10.9,0.0,59234349,12628630,3703477,36226747,297332,28440,279462,17309,29001,0,0,0,0.50,50.0,305.7,1512002,482399,1027393,207,2003,28,547,89,0,0,0,"7620,1704,5492,8100,18264,47604,123368,261810,420361,493341,124338,0,0,0,0,0,0,0,0,0,0,0,0,0","19530,1119,3576,4147,6243,13488,18477,44307,43385,99569,71931,0,0,0,0,0,0,0,0,0,0,0,0,0"
grid10_M4_r-0.6_s42/A50.mvh,kd_X512,0,True,12667,187070,296772,8754,1.6402,4.6,7.0,4.9,31.5,0.8,11.8,0.0,163371156,35311824,3703477,111191523,297332,28440,279462,17309,29001,0,0,0,0.50,50.0,305.7,1512002,482399,1027393,207,2003,8,117,89,0,0,0,"7620,1704,5492,8100,18264,47604,123368,261810,420361,493341,124338,0,0,0,0,0,0,0,0,0,0,0,0,0","19530,1119,3576,4147,6243,13488,18477,44307,43385,99569,71931,0,0,0,0,0,0,0,0,0,0,0,0,0"
grid10_M4_r-0.6_s42/A50.mvh,kd_X0_rb2x,0,True,12667,187070,296772,8754,1.1311,2.3,4.6,5.1,27.4,1.1,11.6,0.0,7319075,1295946,3703477,8811071,297332,28440,279462,17309,29001,0,0,0,0.50,50.0,305.7,1512002,482399,1027393,207,2003,100,1409,89,0,0,0,"7620,1704,5492,8100,18264,47604,123368,261810,420361,493341,124338,0,0,0,0,0,0,0,0,0,0,0,0,0","19530,1119,3576,4147,6243,13488,18477,44307,43385,99569,71931,0,0,0,0,0,0,0,0,0,0,0,0,0"
grid10_M4_r-0.6_s42/A50.mvh,kd_X0_stale,0,True,12667,187070,296772,8754,1.1557,2.2,4.7,4.7,26.3,1.0,12.3,0.0,8168676,1452216,3703477,10326073,297332,28440,279462,17309,29001,0,0,0,0.50,50.0,305.7,1512002,482399,1027393,207,2003,100,1555,89,0,0,0,"7620,1704,5492,8100,18264,47604,123368,261810,420361,493341,124338,0,0,0,0,0,0,0,0,0,0,0,0,0","19530,1119,3576,4147,6243,13488,18477,44307,43385,99569,71931,0,0,0,0,0,0,0,0,0,0,0,0,0"
grid10_M4_r-0.6_s42/A50.mvh,bk16_X0,0,True,12667,187070,296772,8754,1.2417,2.2,5.3,6.6,26.0,1.0,12.2,0.0,7868014,2432093,3703477,8479119,297332,28440,279462,17309,29001,0,0,0,0.50,50.0,305.7,1512002,482399,1027393,207,2003,100,1555,89,0,0,0,"7620,1704,5492,8100,18264,47604,123368,261810,420361,493341,124338,0,0,0,0,0,0,0,0,0,0,0,0,0","19530,1119,3576,4147,6243,13488,18477,44307,43385,99569,71931,0,0,0,0,0,0,0,0,0,0,0,0,0"
grid10_M4_r-0.6_s42/A50.mvh,bk16_X32,0,True,12667,187070,296772,8754,1.1586,2.2,5.3,6.7,26.2,1.0,12.1,0.0,8548948,2490674,3703477,9027298,297332,28440,279462,17309,29001,0,0,0,0.50,50.0,305.7,1512002,482399,1027393,207,2003,85,1444,89,0,0,0,"7620,1704,5492,8100,18264,47604,123368,261810,420361,493341,124338,0,0,0,0,0,0,0,0,0,0,0,0,0","19530,1119,3576,4147,6243,13488,18477,44307,43385,99569,71931,0,0,0,0,0,0,0,0,0,0,0,0,0"
grid10_M4_r-0.6_s42/A50.mvh,bk16_X64,0,True,12667,187070,296772,8754,1.1206,2.2,5.2,6.5,26.1,1.1,11.9,0.0,11112724,2875095,3703477,10717657,297332,28440,279462,17309,29001,0,0,0,0.50,50.0,305.7,1512002,482399,1027393,207,2003,76,1286,89,0,0,0,"7620,1704,5492,8100,18264,47604,123368,261810,420361,493341,124338,0,0,0,0,0,0,0,0,0,0,0,0,0","19530,1119,3576,4147,6243,13488,18477,44307,43385,99569,71931,0,0,0,0,0,0,0,0,0,0,0,0,0"
grid10_M4_r-0.6_s42/A50.mvh,bk16_X128,0,True,12667,187070,296772,8754,1.3482,2.3,5.3,5.9,26.5,0.9,11.8,0.0,22796121,5016637,3703477,19463610,297332,28440,279462,17309,29001,0,0,0,0.50,50.0,305.7,1512002,482399,1027393,207,2003,52,979,89,0,0,0,"7620,1704,5492,8100,18264,47604,123368,261810,420361,493341,124338,0,0,0,0,0,0,0,0,0,0,0,0,0","19530,1119,3576,4147,6243,13488,18477,44307,43385,99569,71931,0,0,0,0,0,0,0,0,0,0,0,0,0"
grid10_M4_r-0.6_s42/A50.mvh,bk16_X256,0,True,12667,187070,296772,8754,1.1442,2.7,5.4,5.9,28.2,1.0,11.8,0.0,58134461,12988499,3703477,33838936,297332,28440,279462,17309,29001,0,0,0,0.50,50.0,305.7,1512002,482399,1027393,207,2003,28,547,89,0,0,0,"7620,1704,5492,8100,18264,47604,123368,261810,420361,493341,124338,0,0,0,0,0,0,0,0,0,0,0,0,0","19530,1119,3576,4147,6243,13488,18477,44307,43385,99569,71931,0,0,0,0,0,0,0,0,0,0,0,0,0"
grid10_M4_r-0.6_s42/A50.mvh,bk8_X0,0,True,12667,187070,296772,8754,1.1228,2.1,5.4,6.6,26.1,0.9,13.2,0.0,4128617,1276074,3703477,4736662,297332,28440,279462,17309,29001,0,0,0,0.50,50.0,305.7,1512002,482399,1027393,207,2003,100,1555,89,0,0,0,"7620,1704,5492,8100,18264,47604,123368,261810,420361,493341,124338,0,0,0,0,0,0,0,0,0,0,0,0,0","19530,1119,3576,4147,6243,13488,18477,44307,43385,99569,71931,0,0,0,0,0,0,0,0,0,0,0,0,0"
grid10_M4_r-0.6_s42/A50.mvh,bk32_X0,0,True,12667,187070,296772,8754,1.0469,2.3,5.2,6.2,26.0,1.0,11.2,0.0,15084940,4431618,3703477,15385429,297332,28440,279462,17309,29001,0,0,0,0.50,50.0,305.7,1512002,482399,1027393,207,2003,100,1555,89,0,0,0,"7620,1704,5492,8100,18264,47604,123368,261810,420361,493341,124338,0,0,0,0,0,0,0,0,0,0,0,0,0","19530,1119,3576,4147,6243,13488,18477,44307,43385,99569,71931,0,0,0,0,0,0,0,0,0,0,0,0,0"
grid10_M4_r-0.6_s42/A50.mvh,flat_lw,0,True,12667,187070,296772,8754,1.7393,8.8,8.6,1.1,33.8,0.7,12.7,0.0,270751062,51400499,3703477,96064775,297332,28440,279462,17309,29001,0,0,0,0.50,50.0,305.7,1512002,482399,1027393,207,2003,0,0,89,0,0,0,"7620,1704,5492,8100,18264,47604,123368,261810,420361,493341,124338,0,0,0,0,0,0,0,0,0,0,0,0,0","19530,1119,3576,4147,6243,13488,18477,44307,43385,99569,71931,0,0,0,0,0,0,0,0,0,0,0,0,0"
grid10_M4_r-0.6_s42/A50.mvh,flat,1,True,12667,187070,296772,8754,2.2556,7.4,9.0,8.6,29.4,0.6,10.8,0.0,271402904,51400499,3703477,317740665,297332,28440,279462,17309,29001,0,0,0,0.50,50.0,305.7,1512002,482399,1027393,207,2003,0,0,89,0,0,0,"7620,1704,5492,8100,18264,47604,123368,261810,420361,493341,124338,0,0,0,0,0,0,0,0,0,0,0,0,0","19530,1119,3576,4147,6243,13488,18477,44307,43385,99569,71931,0,0,0,0,0,0,0,0,0,0,0,0,0"
grid10_M4_r-0.6_s42/A50.mvh,kd_X0,1,True,12667,187070,296772,8754,1.0493,2.2,4.7,4.7,26.0,1.0,12.6,0.0,8168676,1452216,3703477,10326073,297332,28440,279462,17309,29001,0,0,0,0.50,50.0,305.7,1512002,482399,1027393,207,2003,100,1555,89,0,0,0,"7620,1704,5492,8100,18264,47604,123368,261810,420361,493341,124338,0,0,0,0,0,0,0,0,0,0,0,0,0","19530,1119,3576,4147,6243,13488,18477,44307,43385,99569,71931,0,0,0,0,0,0,0,0,0,0,0,0,0"
grid10_M4_r-0.6_s42/A50.mvh,kd_X16,1,True,12667,187070,296772,8754,1.0157,2.2,4.5,4.7,26.2,1.0,12.4,0.0,8331406,1464439,3703477,10404128,297332,28440,279462,17309,29001,0,0,0,0.50,50.0,305.7,1512002,482399,1027393,207,2003,90,1513,89,0,0,0,"7620,1704,5492,8100,18264,47604,123368,261810,420361,493341,124338,0,0,0,0,0,0,0,0,0,0,0,0,0","19530,1119,3576,4147,6243,13488,18477,44307,43385,99569,71931,0,0,0,0,0,0,0,0,0,0,0,0,0"
grid10_M4_r-0.6_s42/A50.mvh,kd_X32,1,True,12667,187070,296772,8754,1.0331,2.2,4.4,4.8,26.2,1.1,12.4,0.0,9030223,1569088,3703477,10930021,297332,28440,279462,17309,29001,0,0,0,0.50,50.0,305.7,1512002,482399,1027393,207,2003,85,1444,89,0,0,0,"7620,1704,5492,8100,18264,47604,123368,261810,420361,493341,124338,0,0,0,0,0,0,0,0,0,0,0,0,0","19530,1119,3576,4147,6243,13488,18477,44307,43385,99569,71931,0,0,0,0,0,0,0,0,0,0,0,0,0"
grid10_M4_r-0.6_s42/A50.mvh,kd_X64,1,True,12667,187070,296772,8754,1.2048,2.2,4.6,4.5,26.1,1.0,12.0,0.0,11785322,2053733,3703477,12863620,297332,28440,279462,17309,29001,0,0,0,0.50,50.0,305.7,1512002,482399,1027393,207,2003,76,1286,89,0,0,0,"7620,1704,5492,8100,18264,47604,123368,261810,420361,493341,124338,0,0,0,0,0,0,0,0,0,0,0,0,0","19530,1119,3576,4147,6243,13488,18477,44307,43385,99569,71931,0,0,0,0,0,0,0,0,0,0,0,0,0"
grid10_M4_r-0.6_s42/A50.mvh,kd_X128,1,True,12667,187070,296772,8754,1.2701,2.3,4.6,4.5,26.5,1.0,11.9,0.0,23834918,4388543,3703477,21824500,297332,28440,279462,17309,29001,0,0,0,0.50,50.0,305.7,1512002,482399,1027393,207,2003,52,979,89,0,0,0,"7620,1704,5492,8100,18264,47604,123368,261810,420361,493341,124338,0,0,0,0,0,0,0,0,0,0,0,0,0","19530,1119,3576,4147,6243,13488,18477,44307,43385,99569,71931,0,0,0,0,0,0,0,0,0,0,0,0,0"
grid10_M4_r-0.6_s42/A50.mvh,kd_X256,1,True,12667,187070,296772,8754,1.1087,2.7,5.0,4.4,28.3,1.0,11.6,0.0,59234349,12628630,3703477,36226747,297332,28440,279462,17309,29001,0,0,0,0.50,50.0,305.7,1512002,482399,1027393,207,2003,28,547,89,0,0,0,"7620,1704,5492,8100,18264,47604,123368,261810,420361,493341,124338,0,0,0,0,0,0,0,0,0,0,0,0,0","19530,1119,3576,4147,6243,13488,18477,44307,43385,99569,71931,0,0,0,0,0,0,0,0,0,0,0,0,0"
grid10_M4_r-0.6_s42/A50.mvh,kd_X512,1,True,12667,187070,296772,8754,1.2548,4.5,6.8,4.9,31.9,0.8,11.9,0.0,163371156,35311824,3703477,111191523,297332,28440,279462,17309,29001,0,0,0,0.50,50.0,305.7,1512002,482399,1027393,207,2003,8,117,89,0,0,0,"7620,1704,5492,8100,18264,47604,123368,261810,420361,493341,124338,0,0,0,0,0,0,0,0,0,0,0,0,0","19530,1119,3576,4147,6243,13488,18477,44307,43385,99569,71931,0,0,0,0,0,0,0,0,0,0,0,0,0"
grid10_M4_r-0.6_s42/A50.mvh,kd_X0_rb2x,1,True,12667,187070,296772,8754,1.0877,2.2,4.5,4.9,27.5,1.0,11.5,0.0,7319075,1295946,3703477,8811071,297332,28440,279462,17309,29001,0,0,0,0.50,50.0,305.7,1512002,482399,1027393,207,2003,100,1409,89,0,0,0,"7620,1704,5492,8100,18264,47604,123368,261810,420361,493341,124338,0,0,0,0,0,0,0,0,0,0,0,0,0","19530,1119,3576,4147,6243,13488,18477,44307,43385,99569,71931,0,0,0,0,0,0,0,0,0,0,0,0,0"
grid10_M4_r-0.6_s42/A50.mvh,kd_X0_stale,1,True,12667,187070,296772,8754,1.0433,2.2,4.6,4.8,26.3,1.1,12.5,0.0,8168676,1452216,3703477,10326073,297332,28440,279462,17309,29001,0,0,0,0.50,50.0,305.7,1512002,482399,1027393,207,2003,100,1555,89,0,0,0,"7620,1704,5492,8100,18264,47604,123368,261810,420361,493341,124338,0,0,0,0,0,0,0,0,0,0,0,0,0","19530,1119,3576,4147,6243,13488,18477,44307,43385,99569,71931,0,0,0,0,0,0,0,0,0,0,0,0,0"
grid10_M4_r-0.6_s42/A50.mvh,bk16_X0,1,True,12667,187070,296772,8754,1.1912,2.2,5.3,6.5,26.1,1.1,12.2,0.0,7868014,2432093,3703477,8479119,297332,28440,279462,17309,29001,0,0,0,0.50,50.0,305.7,1512002,482399,1027393,207,2003,100,1555,89,0,0,0,"7620,1704,5492,8100,18264,47604,123368,261810,420361,493341,124338,0,0,0,0,0,0,0,0,0,0,0,0,0","19530,1119,3576,4147,6243,13488,18477,44307,43385,99569,71931,0,0,0,0,0,0,0,0,0,0,0,0,0"
grid10_M4_r-0.6_s42/A50.mvh,bk16_X32,1,True,12667,187070,296772,8754,1.0784,2.1,5.4,6.5,26.0,1.0,12.1,0.0,8548948,2490674,3703477,9027298,297332,28440,279462,17309,29001,0,0,0,0.50,50.0,305.7,1512002,482399,1027393,207,2003,85,1444,89,0,0,0,"7620,1704,5492,8100,18264,47604,123368,261810,420361,493341,124338,0,0,0,0,0,0,0,0,0,0,0,0,0","19530,1119,3576,4147,6243,13488,18477,44307,43385,99569,71931,0,0,0,0,0,0,0,0,0,0,0,0,0"
grid10_M4_r-0.6_s42/A50.mvh,bk16_X64,1,True,12667,187070,296772,8754,1.0291,2.2,5.2,6.5,26.2,1.0,12.1,0.0,11112724,2875095,3703477,10717657,297332,28440,279462,17309,29001,0,0,0,0.50,50.0,305.7,1512002,482399,1027393,207,2003,76,1286,89,0,0,0,"7620,1704,5492,8100,18264,47604,123368,261810,420361,493341,124338,0,0,0,0,0,0,0,0,0,0,0,0,0","19530,1119,3576,4147,6243,13488,18477,44307,43385,99569,71931,0,0,0,0,0,0,0,0,0,0,0,0,0"
grid10_M4_r-0.6_s42/A50.mvh,bk16_X128,1,True,12667,187070,296772,8754,1.0500,2.3,5.2,6.2,26.7,1.0,12.0,0.0,22796121,5016637,3703477,19463610,297332,28440,279462,17309,29001,0,0,0,0.50,50.0,305.7,1512002,482399,1027393,207,2003,52,979,89,0,0,0,"7620,1704,5492,8100,18264,47604,123368,261810,420361,493341,124338,0,0,0,0,0,0,0,0,0,0,0,0,0","19530,1119,3576,4147,6243,13488,18477,44307,43385,99569,71931,0,0,0,0,0,0,0,0,0,0,0,0,0"
grid10_M4_r-0.6_s42/A50.mvh,bk16_X256,1,True,12667,187070,296772,8754,1.1481,2.7,5.3,5.9,28.2,1.0,12.0,0.0,58134461,12988499,3703477,33838936,297332,28440,279462,17309,29001,0,0,0,0.50,50.0,305.7,1512002,482399,1027393,207,2003,28,547,89,0,0,0,"7620,1704,5492,8100,18264,47604,123368,261810,420361,493341,124338,0,0,0,0,0,0,0,0,0,0,0,0,0","19530,1119,3576,4147,6243,13488,18477,44307,43385,99569,71931,0,0,0,0,0,0,0,0,0,0,0,0,0"
grid10_M4_r-0.6_s42/A50.mvh,bk8_X0,1,True,12667,187070,296772,8754,1.6649,2.1,5.3,6.7,26.8,0.9,13.2,0.0,4128617,1276074,3703477,4736662,297332,28440,279462,17309,29001,0,0,0,0.50,50.0,305.7,1512002,482399,1027393,207,2003,100,1555,89,0,0,0,"7620,1704,5492,8100,18264,47604,123368,261810,420361,493341,124338,0,0,0,0,0,0,0,0,0,0,0,0,0","19530,1119,3576,4147,6243,13488,18477,44307,43385,99569,71931,0,0,0,0,0,0,0,0,0,0,0,0,0"
grid10_M4_r-0.6_s42/A50.mvh,bk32_X0,1,True,12667,187070,296772,8754,1.5374,2.1,5.3,5.9,25.9,0.9,11.0,0.0,15084940,4431618,3703477,15385429,297332,28440,279462,17309,29001,0,0,0,0.50,50.0,305.7,1512002,482399,1027393,207,2003,100,1555,89,0,0,0,"7620,1704,5492,8100,18264,47604,123368,261810,420361,493341,124338,0,0,0,0,0,0,0,0,0,0,0,0,0","19530,1119,3576,4147,6243,13488,18477,44307,43385,99569,71931,0,0,0,0,0,0,0,0,0,0,0,0,0"
grid10_M4_r-0.6_s42/A50.mvh,flat_lw,1,True,12667,187070,296772,8754,1.6731,8.5,8.6,1.1,33.8,0.7,12.4,0.0,270751062,51400499,3703477,96064775,297332,28440,279462,17309,29001,0,0,0,0.50,50.0,305.7,1512002,482399,1027393,207,2003,0,0,89,0,0,0,"7620,1704,5492,8100,18264,47604,123368,261810,420361,493341,124338,0,0,0,0,0,0,0,0,0,0,0,0,0","19530,1119,3576,4147,6243,13488,18477,44307,43385,99569,71931,0,0,0,0,0,0,0,0,0,0,0,0,0"
grid10_M4_r-0.6_s42/A50.mvh,flat,2,True,12667,187070,296772,8754,2.0624,7.7,9.2,9.1,30.3,0.7,11.2,0.0,271402904,51400499,3703477,317740665,297332,28440,279462,17309,29001,0,0,0,0.50,50.0,305.7,1512002,482399,1027393,207,2003,0,0,89,0,0,0,"7620,1704,5492,8100,18264,47604,123368,261810,420361,493341,124338,0,0,0,0,0,0,0,0,0,0,0,0,0","19530,1119,3576,4147,6243,13488,18477,44307,43385,99569,71931,0,0,0,0,0,0,0,0,0,0,0,0,0"
grid10_M4_r-0.6_s42/A50.mvh,kd_X0,2,True,12667,187070,296772,8754,1.1628,2.1,5.0,4.8,26.5,2.0,12.1,0.0,8168676,1452216,3703477,10326073,297332,28440,279462,17309,29001,0,0,0,0.50,50.0,305.7,1512002,482399,1027393,207,2003,100,1555,89,0,0,0,"7620,1704,5492,8100,18264,47604,123368,261810,420361,493341,124338,0,0,0,0,0,0,0,0,0,0,0,0,0","19530,1119,3576,4147,6243,13488,18477,44307,43385,99569,71931,0,0,0,0,0,0,0,0,0,0,0,0,0"
grid10_M4_r-0.6_s42/A50.mvh,kd_X16,2,True,12667,187070,296772,8754,1.1544,2.2,4.6,4.7,26.3,1.0,12.6,0.0,8331406,1464439,3703477,10404128,297332,28440,279462,17309,29001,0,0,0,0.50,50.0,305.7,1512002,482399,1027393,207,2003,90,1513,89,0,0,0,"7620,1704,5492,8100,18264,47604,123368,261810,420361,493341,124338,0,0,0,0,0,0,0,0,0,0,0,0,0","19530,1119,3576,4147,6243,13488,18477,44307,43385,99569,71931,0,0,0,0,0,0,0,0,0,0,0,0,0"
grid10_M4_r-0.6_s42/A50.mvh,kd_X32,2,True,12667,187070,296772,8754,1.1386,2.3,4.4,4.8,26.2,1.1,12.3,0.0,9030223,1569088,3703477,10930021,297332,28440,279462,17309,29001,0,0,0,0.50,50.0,305.7,1512002,482399,1027393,207,2003,85,1444,89,0,0,0,"7620,1704,5492,8100,18264,47604,123368,261810,420361,493341,124338,0,0,0,0,0,0,0,0,0,0,0,0,0","19530,1119,3576,4147,6243,13488,18477,44307,43385,99569,71931,0,0,0,0,0,0,0,0,0,0,0,0,0"
grid10_M4_r-0.6_s42/A50.mvh,kd_X64,2,True,12667,187070,296772,8754,1.1108,2.2,4.6,4.7,26.2,1.0,12.1,0.0,11785322,2053733,3703477,12863620,297332,28440,279462,17309,29001,0,0,0,0.50,50.0,305.7,1512002,482399,1027393,207,2003,76,1286,89,0,0,0,"7620,1704,5492,8100,18264,47604,123368,261810,420361,493341,124338,0,0,0,0,0,0,0,0,0,0,0,0,0","19530,1119,3576,4147,6243,13488,18477,44307,43385,99569,71931,0,0,0,0,0,0,0,0,0,0,0,0,0"
grid10_M4_r-0.6_s42/A50.mvh,kd_X128,2,True,12667,187070,296772,8754,1.1879,2.4,4.6,4.6,26.5,1.1,12.0,0.0,23834918,4388543,3703477,21824500,297332,28440,279462,17309,29001,0,0,0,0.50,50.0,305.7,1512002,482399,1027393,207,2003,52,979,89,0,0,0,"7620,1704,5492,8100,18264,47604,123368,261810,420361,493341,124338,0,0,0,0,0,0,0,0,0,0,0,0,0","19530,1119,3576,4147,6243,13488,18477,44307,43385,99569,71931,0,0,0,0,0,0,0,0,0,0,0,0,0"
grid10_M4_r-0.6_s42/A50.mvh,kd_X256,2,True,12667,187070,296772,8754,1.1862,2.8,5.1,4.5,28.6,1.1,11.8,0.0,59234349,12628630,3703477,36226747,297332,28440,279462,17309,29001,0,0,0,0.50,50.0,305.7,1512002,482399,1027393,207,2003,28,547,89,0,0,0,"7620,1704,5492,8100,18264,47604,123368,261810,420361,493341,124338,0,0,0,0,0,0,0,0,0,0,0,0,0","19530,1119,3576,4147,6243,13488,18477,44307,43385,99569,71931,0,0,0,0,0,0,0,0,0,0,0,0,0"
grid10_M4_r-0.6_s42/A50.mvh,kd_X512,2,True,12667,187070,296772,8754,1.5974,4.5,6.9,4.8,31.5,0.8,11.8,0.0,163371156,35311824,3703477,111191523,297332,28440,279462,17309,29001,0,0,0,0.50,50.0,305.7,1512002,482399,1027393,207,2003,8,117,89,0,0,0,"7620,1704,5492,8100,18264,47604,123368,261810,420361,493341,124338,0,0,0,0,0,0,0,0,0,0,0,0,0","19530,1119,3576,4147,6243,13488,18477,44307,43385,99569,71931,0,0,0,0,0,0,0,0,0,0,0,0,0"
grid10_M4_r-0.6_s42/A50.mvh,kd_X0_rb2x,2,True,12667,187070,296772,8754,1.3038,2.2,4.6,4.8,27.5,1.0,11.6,0.0,7319075,1295946,3703477,8811071,297332,28440,279462,17309,29001,0,0,0,0.50,50.0,305.7,1512002,482399,1027393,207,2003,100,1409,89,0,0,0,"7620,1704,5492,8100,18264,47604,123368,261810,420361,493341,124338,0,0,0,0,0,0,0,0,0,0,0,0,0","19530,1119,3576,4147,6243,13488,18477,44307,43385,99569,71931,0,0,0,0,0,0,0,0,0,0,0,0,0"
grid10_M4_r-0.6_s42/A50.mvh,kd_X0_stale,2,True,12667,187070,296772,8754,1.1601,2.2,4.7,4.8,26.3,1.0,12.4,0.0,8168676,1452216,3703477,10326073,297332,28440,279462,17309,29001,0,0,0,0.50,50.0,305.7,1512002,482399,1027393,207,2003,100,1555,89,0,0,0,"7620,1704,5492,8100,18264,47604,123368,261810,420361,493341,124338,0,0,0,0,0,0,0,0,0,0,0,0,0","19530,1119,3576,4147,6243,13488,18477,44307,43385,99569,71931,0,0,0,0,0,0,0,0,0,0,0,0,0"
grid10_M4_r-0.6_s42/A50.mvh,bk16_X0,2,True,12667,187070,296772,8754,1.5973,2.4,5.3,6.3,25.9,0.9,11.7,0.0,7868014,2432093,3703477,8479119,297332,28440,279462,17309,29001,0,0,0,0.50,50.0,305.7,1512002,482399,1027393,207,2003,100,1555,89,0,0,0,"7620,1704,5492,8100,18264,47604,123368,261810,420361,493341,124338,0,0,0,0,0,0,0,0,0,0,0,0,0","19530,1119,3576,4147,6243,13488,18477,44307,43385,99569,71931,0,0,0,0,0,0,0,0,0,0,0,0,0"
grid10_M4_r-0.6_s42/A50.mvh,bk16_X32,2,True,12667,187070,296772,8754,1.5294,2.2,5.2,6.3,26.4,0.9,11.9,0.0,8548948,2490674,3703477,9027298,297332,28440,279462,17309,29001,0,0,0,0.50,50.0,305.7,1512002,482399,1027393,207,2003,85,1444,89,0,0,0,"7620,1704,5492,8100,18264,47604,123368,261810,420361,493341,124338,0,0,0,0,0,0,0,0,0,0,0,0,0","19530,1119,3576,4147,6243,13488,18477,44307,43385,99569,71931,0,0,0,0,0,0,0,0,0,0,0,0,0"
grid10_M4_r-0.6_s42/A50.mvh,bk16_X64,2,True,12667,187070,296772,8754,1.1989,2.1,5.2,6.2,25.9,1.0,12.0,0.0,11112724,2875095,3703477,10717657,297332,28440,279462,17309,29001,0,0,0,0.50,50.0,305.7,1512002,482399,1027393,207,2003,76,1286,89,0,0,0,"7620,1704,5492,8100,18264,47604,123368,261810,420361,493341,124338,0,0,0,0,0,0,0,0,0,0,0,0,0","19530,1119,3576,4147,6243,13488,18477,44307,43385,99569,71931,0,0,0,0,0,0,0,0,0,0,0,0,0"
grid10_M4_r-0.6_s42/A50.mvh,bk16_X128,2,True,12667,187070,296772,8754,1.2055,2.3,5.2,6.0,26.6,1.0,11.9,0.0,22796121,5016637,3703477,19463610,297332,28440,279462,17309,29001,0,0,0,0.50,50.0,305.7,1512002,482399,1027393,207,2003,52,979,89,0,0,0,"7620,1704,5492,8100,18264,47604,123368,261810,420361,493341,124338,0,0,0,0,0,0,0,0,0,0,0,0,0","19530,1119,3576,4147,6243,13488,18477,44307,43385,99569,71931,0,0,0,0,0,0,0,0,0,0,0,0,0"
grid10_M4_r-0.6_s42/A50.mvh,bk16_X256,2,True,12667,187070,296772,8754,1.2113,2.7,5.5,5.8,28.4,1.0,11.9,0.0,58134461,12988499,3703477,33838936,297332,28440,279462,17309,29001,0,0,0,0.50,50.0,305.7,1512002,482399,1027393,207,2003,28,547,89,0,0,0,"7620,1704,5492,8100,18264,47604,123368,261810,420361,493341,124338,0,0,0,0,0,0,0,0,0,0,0,0,0","19530,1119,3576,4147,6243,13488,18477,44307,43385,99569,71931,0,0,0,0,0,0,0,0,0,0,0,0,0"
grid10_M4_r-0.6_s42/A50.mvh,bk8_X0,2,True,12667,187070,296772,8754,1.2285,2.2,5.3,6.8,26.5,0.9,13.1,0.0,4128617,1276074,3703477,4736662,297332,28440,279462,17309,29001,0,0,0,0.50,50.0,305.7,1512002,482399,1027393,207,2003,100,1555,89,0,0,0,"7620,1704,5492,8100,18264,47604,123368,261810,420361,493341,124338,0,0,0,0,0,0,0,0,0,0,0,0,0","19530,1119,3576,4147,6243,13488,18477,44307,43385,99569,71931,0,0,0,0,0,0,0,0,0,0,0,0,0"
grid10_M4_r-0.6_s42/A50.mvh,bk32_X0,2,True,12667,187070,296772,8754,1.3788,2.2,5.1,6.2,26.1,1.1,11.3,0.0,15084940,4431618,3703477,15385429,297332,28440,279462,17309,29001,0,0,0,0.50,50.0,305.7,1512002,482399,1027393,207,2003,100,1555,89,0,0,0,"7620,1704,5492,8100,18264,47604,123368,261810,420361,493341,124338,0,0,0,0,0,0,0,0,0,0,0,0,0","19530,1119,3576,4147,6243,13488,18477,44307,43385,99569,71931,0,0,0,0,0,0,0,0,0,0,0,0,0"
grid10_M4_r-0.6_s42/A50.mvh,flat_lw,2,True,12667,187070,296772,8754,1.7167,8.4,8.5,1.1,33.7,0.7,12.3,0.0,270751062,51400499,3703477,96064775,297332,28440,279462,17309,29001,0,0,0,0.50,50.0,305.7,1512002,482399,1027393,207,2003,0,0,89,0,0,0,"7620,1704,5492,8100,18264,47604,123368,261810,420361,493341,124338,0,0,0,0,0,0,0,0,0,0,0,0,0","19530,1119,3576,4147,6243,13488,18477,44307,43385,99569,71931,0,0,0,0,0,0,0,0,0,0,0,0,0"
grid12_M4_r0.0_s42/A50.mvh,flat,0,True,13709,214670,334599,9543,2.3778,8.7,11.0,8.2,30.7,0.3,12.4,0.0,411144709,74556305,2348682,438277296,331275,30608,320893,13705,27285,0,0,0,0.43,50.0,470.9,1746649,544941,1200553,151,1004,0,0,135,0,0,0,"1490,1415,3468,9093,23064,58697,117874,278130,369957,455022,428439,0,0,0,0,0,0,0,0,0,0,0,0,0","1373,522,625,1024,2136,1579,14549,19377,53303,77134,190261,0,0,0,0,0,0,0,0,0,0,0,0,0"
grid12_M4_r0.0_s42/A50.mvh,kd_X0,0,True,13709,214670,334599,9543,1.3022,2.3,4.0,5.4,27.5,0.5,13.2,0.0,10289178,1827180,2348682,12595334,331275,30608,320893,13705,27285,0,0,0,0.43,50.0,470.9,1746649,544941,1200553,151,1004,144,1649,135,0,0,0,"1490,1415,3468,9093,23064,58697,117874,278130,369957,455022,428439,0,0,0,0,0,0,0,0,0,0,0,0,0","1373,522,625,1024,2136,1579,14549,19377,53303,77134,190261,0,0,0,0,0,0,0,0,0,0,0,0,0"
grid12_M4_r0.0_s42/A50.mvh,kd_X16,0,True,13709,214670,334599,9543,1.3983,2.4,4.1,5.3,27.5,0.5,13.1,0.0,10433865,1848404,2348682,12831487,331275,30608,320893,13705,27285,0,0,0,0.43,50.0,470.9,1746649,544941,1200553,151,1004,131,1593,135,0,0,0,"1490,1415,3468,9093,23064,58697,117874,278130,369957,455022,428439,0,0,0,0,0,0,0,0,0,0,0,0,0","1373,522,625,1024,2136,1579,14549,19377,53303,77134,190261,0,0,0,0,0,0,0,0,0,0,0,0,0"
grid12_M4_r0.0_s42/A50.mvh,kd_X32,0,True,13709,214670,334599,9543,1.5811,2.1,4.2,5.8,27.5,0.5,12.5,0.0,10911398,1965018,2348682,12722107,331275,30608,320893,13705,27285,0,0,0,0.43,50.0,470.9,1746649,544941,1200553,151,1004,119,1516,135,0,0,0,"1490,1415,3468,9093,23064,58697,117874,278130,369957,455022,428439,0,0,0,0,0,0,0,0,0,0,0,0,0","1373,522,625,1024,2136,1579,14549,19377,53303,77134,190261,0,0,0,0,0,0,0,0,0,0,0,0,0"
grid12_M4_r0.0_s42/A50.mvh,kd_X64,0,True,13709,214670,334599,9543,1.7520,2.5,3.9,6.7,27.2,0.5,13.1,0.0,13241065,2450541,2348682,13762660,331275,30608,320893,13705,27285,0,0,0,0.43,50.0,470.9,1746649,544941,1200553,151,1004,100,1361,135,0,0,0,"1490,1415,3468,9093,23064,58697,117874,278130,369957,455022,428439,0,0,0,0,0,0,0,0,0,0,0,0,0","1373,522,625,1024,2136,1579,14549,19377,53303,77134,190261,0,0,0,0,0,0,0,0,0,0,0,0,0"
grid12_M4_r0.0_s42/A50.mvh,kd_X128,0,True,13709,214670,334599,9543,2.4746,2.3,4.6,4.7,29.3,0.5,11.6,0.0,23810062,4978081,2348682,15483110,331275,30608,320893,13705,27285,0,0,0,0.43,50.0,470.9,1746649,544941,1200553,151,1004,82,1025,135,0,0,0,"1490,1415,3468,9093,23064,58697,117874,278130,369957,455022,428439,0,0,0,0,0,0,0,0,0,0,0,0,0","1373,522,625,1024,2136,1579,14549,19377,53303,77134,190261,0,0,0,0,0,0,0,0,0,0,0,0,0"
grid12_M4_r0.0_s42/A50.mvh,kd_X256,0,True,13709,214670,334599,9543,3.0450,2.3,4.8,4.8,27.6,0.4,11.3,0.0,56910198,12480189,2348682,31558705,331275,30608,320893,13705,27285,0,0,0,0.43,50.0,470.9,1746649,544941,1200553,151,1004,47,633,135,0,0,0,"1490,1415,3468,9093,23064,58697,117874,278130,369957,455022,428439,0,0,0,0,0,0,0,0,0,0,0,0,0","1373,522,625,1024,2136,1579,14549,19377,53303,77134,190261,0,0,0,0,0,0,0,0,0,0,0,0,0"
grid12_M4_r0.0_s42/A50.mvh,kd_X512,0,True,13709,214670,334599,9543,2.8746,3.6,6.3,4.8,29.2,0.7,11.6,0.0,143623420,31566801,2348682,83303407,331275,30608,320893,13705,27285,0,0,0,0.43,50.0,470.9,1746649,544941,1200553,151,1004,20,287,135,0,0,0,"1490,1415,3468,9093,23064,58697,117874,278130,369957,455022,428439,0,0,0,0,0,0,0,0,0,0,0,0,0","1373,522,625,1024,2136,1579,14549,19377,53303,77134,190261,0,0,0,0,0,0,0,0,0,0,0,0,0"
grid12_M4_r0.0_s42/A50.mvh,kd_X0_rb2x,0,True,13709,214670,334599,9543,2.5829,2.2,4.1,5.0,28.8,0.4,11.4,0.0,8987038,1610973,2348682,10652909,331275,30608,320893,13705,27285,0,0,0,0.43,50.0,470.9,1746649,544941,1200553,151,1004,144,1528,135,0,0,0,"1490,1415,3468,9093,23064,58697,117874,278130,369957,455022,428439,0,0,0,0,0,0,0,0,0,0,0,0,0","1373,522,625,1024,2136,1579,14549,19377,53303,77134,190261,0,0,0,0,0,0,0,0,0,0,0,0,0"
grid12_M4_r0.0_s42/A50.mvh,kd_X0_stale,0,True,13709,214670,334599,9543,1.7334,2.1,4.2,5.0,27.2,0.5,12.9,0.0,10289178,1827180,2348682,12595334,331275,30608,320893,13705,27285,0,0,0,0.43,50.0,470.9,1746649,544941,1200553,151,1004,144,1649,135,0,0,0,"1490,1415,3468,9093,23064,58697,117874,278130,369957,455022,428439,0,0,0,0,0,0,0,0,0,0,0,0,0","1373,522,625,1024,2136,1579,14549,19377,53303,77134,190261,0,0,0,0,0,0,0,0,0,0,0,0,0"
grid12_M4_r0.0_s42/A50.mvh,bk16_X0,0,True,13709,214670,334599,9543,1.7048,2.2,5.3,6.9,27.5,0.5,12.7,0.0,8813387,2674450,2348682,7717619,331275,30608,320893,13705,27285,0,0,0,0.43,50.0,470.9,1746649,544941,1200553,151,1004,144,1649,135,0,0,0,"1490,1415,3468,9093,23064,58697,117874,278130,369957,455022,428439,0,0,0,0,0,0,0,0,0,0,0,0,0","1373,522,625,1024,2136,1579,14549,19377,53303,77134,190261,0,0,0,0,0,0,0,0,0,0,0,0,0"
grid12_M4_r0.0_s42/A50.mvh,bk16_X32,0,True,13709,214670,334599,9543,1.5364,2.2,4.8,6.6,26.9,0.5,13.7,0.0,9243290,2744635,2348682,7880346,331275,30608,320893,13705,27285,0,0,0,0.43,50.0,470.9,1746649,544941,1200553,151,1004,119,1516,135,0,0,0,"1490,1415,3468,9093,23064,58697,117874,278130,369957,455022,428439,0,0,0,0,0,0,0,0,0,0,0,0,0","1373,522,625,1024,2136,1579,14549,19377,53303,77134,190261,0,0,0,0,0,0,0,0,0,0,0,0,0"
grid12_M4_r0.0_s42/A50.mvh,bk16_X64,0,True,13709,214670,334599,9543,1.4090,2.2,4.7,6.7,27.4,0.5,12.9,0.0,11330543,3130304,2348682,8683605,331275,30608,320893,13705,27285,0,0,0,0.43,50.0,470.9,1746649,544941,1200553,151,1004,100,1361,135,0,0,0,"1490,1415,3468,9093,23064,58697,117874,278130,369957,455022,428439,0,0,0,0,0,0,0,0,0,0,0,0,0","1373,522,625,1024,2136,1579,14549,19377,53303,77134,190261,0,0,0,0,0,0,0,0,0,0,0,0,0"
grid12_M4_r0.0_s42/A50.mvh,bk16_X128,0,True,13709,214670,334599,9543,1.2845,2.4,4.6,6.9,27.5,0.5,12.9,0.0,21640031,5446774,2348682,10497497,331275,30608,320893,13705,27285,0,0,0,0.43,50.0,470.9,1746649,544941,1200553,151,1004,82,1025,135,0,0,0,"1490,1415,3468,9093,23064,58697,117874,278130,369957,455022,428439,0,0,0,0,0,0,0,0,0,0,0,0,0","1373,522,625,1024,2136,1579,14549,19377,53303,77134,190261,0,0,0,0,0,0,0,0,0,0,0,0,0"
grid12_M4_r0.0_s42/A50.mvh,bk16_X256,0,True,13709,214670,334599,9543,1.6478,2.5,5.0,6.7,28.5,0.5,12.8,0.0,54723100,12725441,2348682,26589213,331275,30608,320893,13705,27285,0,0,0,0.43,50.0,470.9,1746649,544941,1200553,151,1004,47,633,135,0,0,0,"1490,1415,3468,9093,23064,58697,117874,278130,369957,455022,428439,0,0,0,0,0,0,0,0,0,0,0,0,0","1373,522,625,1024,2136,1579,14549,19377,53303,77134,190261,0,0,0,0,0,0,0,0,0,0,0,0,0"
grid12_M4_r0.0_s42/A50.mvh,bk8_X0,0,True,13709,214670,334599,9543,2.1085,2.3,4.6,7.2,28.0,0.4,13.9,0.0,4632440,1386321,2348682,4423731,331275,30608,320893,13705,27285,0,0,0,0.43,50.0,470.9,1746649,544941,1200553,151,1004,144,1649,135,0,0,0,"1490,1415,3468,9093,23064,58697,117874,278130,369957,455022,428439,0,0,0,0,0,0,0,0,0,0,0,0,0","1373,522,625,1024,2136,1579,14549,19377,53303,77134,190261,0,0,0,0,0,0,0,0,0,0,0,0,0"
grid12_M4_r0.0_s42/A50.mvh,bk32_X0,0,True,13709,214670,334599,9543,2.3389,2.4,4.7,6.4,27.0,0.4,11.8,0.0,17077982,5026134,2348682,14771535,331275,30608,320893,13705,27285,0,0,0,0.43,50.0,470.9,1746649,544941,1200553,151,1004,144,1649,135,0,0,0,"1490,1415,3468,9093,23064,58697,117874,278130,369957,455022,428439,0,0,0,0,0,0,0,0,0,0,0,0,0","1373,522,625,1024,2136,1579,14549,19377,53303,77134,190261,0,0,0,0,0,0,0,0,0,0,0,0,0"
grid12_M4_r0.0_s42/A50.mvh,flat_lw,0,True,13709,214670,334599,9543,2.4429,9.1,10.3,1.1,32.4,0.3,13.1,0.0,410190750,74556305,2348682,162102273,331275,30608,320893,13705,27285,0,0,0,0.43,50.0,470.9,1746649,544941,1200553,151,1004,0,0,135,0,0,0,"1490,1415,3468,9093,23064,58697,117874,278130,369957,455022,428439,0,0,0,0,0,0,0,0,0,0,0,0,0","1373,522,625,1024,2136,1579,14549,19377,53303,77134,190261,0,0,0,0,0,0,0,0,0,0,0,0,0"
grid12_M4_r0.0_s42/A50.mvh,flat,1,True,13709,214670,334599,9543,2.3705,8.6,11.0,8.1,30.6,0.3,12.2,0.0,411144709,74556305,2348682,438277296,331275,30608,320893,13705,27285,0,0,0,0.43,50.0,470.9,1746649,544941,1200553,151,1004,0,0,135,0,0,0,"1490,1415,3468,9093,23064,58697,117874,278130,369957,455022,428439,0,0,0,0,0,0,0,0,0,0,0,0,0","1373,522,625,1024,2136,1579,14549,19377,53303,77134,190261,0,0,0,0,0,0,0,0,0,0,0,0,0"
grid12_M4_r0.0_s42/A50.mvh,kd_X0,1,True,13709,214670,334599,9543,1.3357,2.4,4.1,5.3,28.2,0.5,12.9,0.0,10289178,1827180,2348682,12595334,331275,30608,320893,13705,27285,0,0,0,0.43,50.0,470.9,1746649,544941,1200553,151,1004,144,1649,135,0,0,0,"1490,1415,3468,9093,23064,58697,117874,278130,369957,455022,428439,0,0,0,0,0,0,0,0,0,0,0,0,0","1373,522,625,1024,2136,1579,14549,19377,53303,77134,190261,0,0,0,0,0,0,0,0,0,0,0,0,0"
grid12_M4_r0.0_s42/A50.mvh,kd_X16,1,True,13709,214670,334599,9543,1.2053,2.3,4.1,5.5,28.0,0.5,13.2,0.0,10433865,1848404,2348682,12831487,331275,30608,320893,13705,27285,0,0,0,0.43,50.0,470.9,1746649,544941,1200553,151,1004,131,1593,135,0,0,0,"1490,1415,3468,9093,23064,58697,117874,278130,369957,455022,428439,0,0,0,0,0,0,0,0,0,0,0,0,0","1373,522,625,1024,2136,1579,14549,19377,53303,77134,190261,0,0,0,0,0,0,0,0,0,0,0,0,0"
grid12_M4_r0.0_s42/A50.mvh,kd_X32,1,True,13709,214670,334599,9543,1.2372,2.3,4.0,5.4,27.4,0.5,13.1,0.0,10911398,1965018,2348682,12722107,331275,30608,320893,13705,27285,0,0,0,0.43,50.0,470.9,1746649,544941,1200553,151,1004,119,1516,135,0,0,0,"1490,1415,3468,9093,23064,58697,117874,278130,369957,455022,428439,0,0,0,0,0,0,0,0,0,0,0,0,0","1373,522,625,1024,2136,1579,14549,19377,53303,77134,190261,0,0,0,0,0,0,0,0,0,0,0,0,0"
grid12_M4_r0.0_s42/A50.mvh,kd_X64,1,True,13709,214670,334599,9543,1.1919,2.3,4.2,5.5,27.1,0.5,12.9,0.0,13241065,2450541,2348682,13762660,331275,30608,320893,13705,27285,0,0,0,0.43,50.0,470.9,1746649,544941,1200553,151,1004,100,1361,135,0,0,0,"1490,1415,3468,9093,23064,58697,117874,278130,369957,455022,428439,0,0,0,0,0,0,0,0,0,0,0,0,0","1373,522,625,1024,2136,1579,14549,19377,53303,77134,190261,0,0,0,0,0,0,0,0,0,0,0,0,0"
grid12_M4_r0.0_s42/A50.mvh,kd_X128,1,True,13709,214670,334599,9543,1.3148,2.3,4.2,5.4,27.4,0.5,12.8,0.0,23810062,4978081,2348682,15483110,331275,30608,320893,13705,27285,0,0,0,0.43,50.0,470.9,1746649,544941,1200553,151,1004,82,1025,135,0,0,0,"1490,1415,3468,9093,23064,58697,117874,278130,369957,455022,428439,0,0,0,0,0,0,0,0,0,0,0,0,0","1373,522,625,1024,2136,1579,14549,19377,53303,77134,190261,0,0,0,0,0,0,0,0,0,0,0,0,0"
grid12_M4_r0.0_s42/A50.mvh,kd_X256,1,True,13709,214670,334599,9543,1.4054,3.2,4.5,5.3,28.3,0.5,12.2,0.0,56910198,12480189,2348682,31558705,331275,30608,320893,13705,27285,0,0,0,0.43,50.0,470.9,1746649,544941,1200553,151,1004,47,633,135,0,0,0,"1490,1415,3468,9093,23064,58697,117874,278130,369957,455022,428439,0,0,0,0,0,0,0,0,0,0,0,0,0","1373,522,625,1024,2136,1579,14549,19377,53303,77134,190261,0,0,0,0,0,0,0,0,0,0,0,0,0"
grid12_M4_r0.0_s42/A50.mvh,kd_X512,1,True,13709,214670,334599,9543,1.9056,3.2,5.7,4.8,30.3,0.4,12.2,0.0,143623420,31566801,2348682,83303407,331275,30608,320893,13705,27285,0,0,0,0.43,50.0,470.9,1746649,544941,1200553,151,1004,20,287,135,0,0,0,"1490,1415,3468,9093,23064,58697,117874,278130,369957,455022,428439,0,0,0,0,0,0,0,0,0,0,0,0,0","1373,522,625,1024,2136,1579,14549,19377,53303,77134,190261,0,0,0,0,0,0,0,0,0,0,0,0,0"
grid12_M4_r0.0_s42/A50.mvh,kd_X0_rb2x,1,True,13709,214670,334599,9543,1.5121,2.3,4.0,5.6,29.2,0.5,11.9,0.0,8987038,1610973,2348682,10652909,331275,30608,320893,13705,27285,0,0,0,0.43,50.0,470.9,1746649,544941,1200553,151,1004,144,1528,135,0,0,0,"1490,1415,3468,9093,23064,58697,117874,278130,369957,455022,428439,0,0,0,0,0,0,0,0,0,0,0,0,0","1373,522,625,1024,2136,1579,14549,19377,53303,77134,190261,0,0,0,0,0,0,0,0,0,0,0,0,0"
grid12_M4_r0.0_s42/A50.mvh,kd_X0_stale,1,True,13709,214670,334599,9543,1.6759,2.2,4.0,5.1,27.1,0.5,14.5,0.0,10289178,1827180,2348682,12595334,331275,30608,320893,13705,27285,0,0,0,0.43,50.0,470.9,1746649,544941,1200553,151,1004,144,1649,135,0,0,0,"1490,1415,3468,9093,23064,58697,117874,278130,369957,455022,428439,0,0,0,0,0,0,0,0,0,0,0,0,0","1373,522,625,1024,2136,1579,14549,19377,53303,77134,190261,0,0,0,0,0,0,0,0,0,0,0,0,0"
grid12_M4_r0.0_s42/A50.mvh,bk16_X0,1,True,13709,214670,334599,9543,1.6357,2.3,4.7,6.6,27.2,0.5,12.9,0.0,8813387,2674450,2348682,7717619,331275,30608,320893,13705,27285,0,0,0,0.43,50.0,470.9,1746649,544941,1200553,151,1004,144,1649,135,0,0,0,"1490,1415,3468,9093,23064,58697,117874,278130,369957,455022,428439,0,0,0,0,0,0,0,0,0,0,0,0,0","1373,522,625,1024,2136,1579,14549,19377,53303,77134,190261,0,0,0,0,0,0,0,0,0,0,0,0,0"
grid12_M4_r0.0_s42/A50.mvh,bk16_X32,1,True,13709,214670,334599,9543,1.4213,2.3,4.7,6.9,27.0,0.5,13.0,0.0,9243290,2744635,2348682,7880346,331275,30608,320893,13705,27285,0,0,0,0.43,50.0,470.9,1746649,544941,1200553,151,1004,119,1516,135,0,0,0,"1490,1415,3468,9093,23064,58697,117874,278130,369957,455022,428439,0,0,0,0,0,0,0,0,0,0,0,0,0","1373,522,625,1024,2136,1579,14549,19377,53303,77134,190261,0,0,0,0,0,0,0,0,0,0,0,0,0"
grid12_M4_r0.0_s42/A50.mvh,bk16_X64,1,True,13709,214670,334599,9543,1.2965,2.3,4.6,6.8,27.4,0.5,13.0,0.0,11330543,3130304,2348682,8683605,331275,30608,320893,13705,27285,0,0,0,0.43,50.0,470.9,1746649,544941,1200553,151,1004,100,1361,135,0,0,0,"1490,1415,3468,9093,23064,58697,117874,278130,369957,455022,428439,0,0,0,0,0,0,0,0,0,0,0,0,0","1373,522,625,1024,2136,1579,14549,19377,53303,77134,190261,0,0,0,0,0,0,0,0,0,0,0,0,0"
grid12_M4_r0.0_s42/A50.mvh,bk16_X128,1,True,13709,214670,334599,9543,1.2484,2.3,4.7,6.8,27.2,0.5,12.7,0.0,21640031,5446774,2348682,10497497,331275,30608,320893,13705,27285,0,0,0,0.43,50.0,470.9,1746649,544941,1200553,151,1004,82,1025,135,0,0,0,"1490,1415,3468,9093,23064,58697,117874,278130,369957,455022,428439,0,0,0,0,0,0,0,0,0,0,0,0,0","1373,522,625,1024,2136,1579,14549,19377,53303,77134,190261,0,0,0,0,0,0,0,0,0,0,0,0,0"
grid12_M4_r0.0_s42/A50.mvh,bk16_X256,1,True,13709,214670,334599,9543,1.3204,2.5,5.0,6.8,28.3,0.5,12.6,0.0,54723100,12725441,2348682,26589213,331275,30608,320893,13705,27285,0,0,0,0.43,50.0,470.9,1746649,544941,1200553,151,1004,47,633,135,0,0,0,"1490,1415,3468,9093,23064,58697,117874,278130,369957,455022,428439,0,0,0,0,0,0,0,0,0,0,0,0,0","1373,522,625,1024,2136,1579,14549,19377,53303,77134,190261,0,0,0,0,0,0,0,0,0,0,0,0,0"
grid12_M4_r0.0_s42/A50.mvh,bk8_X0,1,True,13709,214670,334599,9543,1.4984,2.3,4.5,7.1,27.6,0.5,14.3,0.0,4632440,1386321,2348682,4423731,331275,30608,320893,13705,27285,0,0,0,0.43,50.0,470.9,1746649,544941,1200553,151,1004,144,1649,135,0,0,0,"1490,1415,3468,9093,23064,58697,117874,278130,369957,455022,428439,0,0,0,0,0,0,0,0,0,0,0,0,0","1373,522,625,1024,2136,1579,14549,19377,53303,77134,190261,0,0,0,0,0,0,0,0,0,0,0,0,0"
grid12_M4_r0.0_s42/A50.mvh,bk32_X0,1,True,13709,214670,334599,9543,1.3790,2.3,4.7,6.6,27.0,0.5,11.9,0.0,17077982,5026134,2348682,14771535,331275,30608,320893,13705,27285,0,0,0,0.43,50.0,470.9,1746649,544941,1200553,151,1004,144,1649,135,0,0,0,"1490,1415,3468,9093,23064,58697,117874,278130,369957,455022,428439,0,0,0,0,0,0,0,0,0,0,0,0,0","1373,522,625,1024,2136,1579,14549,19377,53303,77134,190261,0,0,0,0,0,0,0,0,0,0,0,0,0"
grid12_M4_r0.0_s42/A50.mvh,flat_lw,1,True,13709,214670,334599,9543,1.9404,9.5,11.0,1.1,33.5,0.3,13.6,0.0,410190750,74556305,2348682,162102273,331275,30608,320893,13705,27285,0,0,0,0.43,50.0,470.9,1746649,544941,1200553,151,1004,0,0,135,0,0,0,"1490,1415,3468,9093,23064,58697,117874,278130,369957,455022,428439,0,0,0,0,0,0,0,0,0,0,0,0,0","1373,522,625,1024,2136,1579,14549,19377,53303,77134,190261,0,0,0,0,0,0,0,0,0,0,0,0,0"
grid12_M4_r0.0_s42/A50.mvh,flat,2,True,13709,214670,334599,9543,2.1960,8.6,10.8,8.6,30.7,0.3,12.3,0.0,411144709,74556305,2348682,438277296,331275,30608,320893,13705,27285,0,0,0,0.43,50.0,470.9,1746649,544941,1200553,151,1004,0,0,135,0,0,0,"1490,1415,3468,9093,23064,58697,117874,278130,369957,455022,428439,0,0,0,0,0,0,0,0,0,0,0,0,0","1373,522,625,1024,2136,1579,14549,19377,53303,77134,190261,0,0,0,0,0,0,0,0,0,0,0,0,0"
grid12_M4_r0.0_s42/A50.mvh,kd_X0,2,True,13709,214670,334599,9543,1.2784,2.3,4.1,5.4,27.4,0.5,13.3,0.0,10289178,1827180,2348682,12595334,331275,30608,320893,13705,27285,0,0,0,0.43,50.0,470.9,1746649,544941,1200553,151,1004,144,1649,135,0,0,0,"1490,1415,3468,9093,23064,58697,117874,278130,369957,455022,428439,0,0,0,0,0,0,0,0,0,0,0,0,0","1373,522,625,1024,2136,1579,14549,19377,53303,77134,190261,0,0,0,0,0,0,0,0,0,0,0,0,0"
grid12_M4_r0.0_s42/A50.mvh,kd_X16,2,True,13709,214670,334599,9543,1.2816,2.4,4.1,5.4,27.2,0.5,13.2,0.0,10433865,1848404,2348682,12831487,331275,30608,320893,13705,27285,0,0,0,0.43,50.0,470.9,1746649,544941,1200553,151,1004,131,1593,135,0,0,0,"1490,1415,3468,9093,23064,58697,117874,278130,369957,455022,428439,0,0,0,0,0,0,0,0,0,0,0,0,0","1373,522,625,1024,2136,1579,14549,19377,53303,77134,190261,0,0,0,0,0,0,0,0,0,0,0,0,0"
grid12_M4_r0.0_s42/A50.mvh,kd_X32,2,True,13709,214670,334599,9543,1.6367,2.3,4.1,5.2,27.3,0.5,12.8,0.0,10911398,1965018,2348682,12722107,331275,30608,320893,13705,27285,0,0,0,0.43,50.0,470.9,1746649,544941,1200553,151,1004,119,1516,135,0,0,0,"1490,1415,3468,9093,23064,58697,117874,278130,369957,455022,428439,0,0,0,0,0,0,0,0,0,0,0,0,0","1373,522,625,1024,2136,1579,14549,19377,53303,77134,190261,0,0,0,0,0,0,0,0,0,0,0,0,0"
grid12_M4_r0.0_s42/A50.mvh,kd_X64,2,True,13709,214670,334599,9543,1.7460,2.3,4.3,5.1,27.3,0.5,12.9,0.0,13241065,2450541,2348682,13762660,331275,30608,320893,13705,27285,0,0,0,0.43,50.0,470.9,1746649,544941,1200553,151,1004,100,1361,135,0,0,0,"1490,1415,3468,9093,23064,58697,117874,278130,369957,455022,428439,0,0,0,0,0,0,0,0,0,0,0,0,0","1373,522,625,1024,2136,1579,14549,19377,53303,77134,190261,0,0,0,0,0,0,0,0,0,0,0,0,0"
grid12_M4_r0.0_s42/A50.mvh,kd_X128,2,True,13709,214670,334599,9543,1.5579,2.4,4.1,5.3,27.9,0.5,12.6,0.0,23810062,4978081,2348682,15483110,331275,30608,320893,13705,27285,0,0,0,0.43,50.0,470.9,1746649,544941,1200553,151,1004,82,1025,135,0,0,0,"1490,1415,3468,9093,23064,58697,117874,278130,369957,455022,428439,0,0,0,0,0,0,0,0,0,0,0,0,0","1373,522,625,1024,2136,1579,14549,19377,53303,77134,190261,0,0,0,0,0,0,0,0,0,0,0,0,0"
grid12_M4_r0.0_s42/A50.mvh,kd_X256,2,True,13709,214670,334599,9543,1.4137,2.5,4.5,5.0,27.7,0.5,12.2,0.0,56910198,12480189,2348682,31558705,331275,30608,320893,13705,27285,0,0,0,0.43,50.0,470.9,1746649,544941,1200553,151,1004,47,633,135,0,0,0,"1490,1415,3468,9093,23064,58697,117874,278130,369957,455022,428439,0,0,0,0,0,0,0,0,0,0,0,0,0","1373,522,625,1024,2136,1579,14549,19377,53303,77134,190261,0,0,0,0,0,0,0,0,0,0,0,0,0"
grid12_M4_r0.0_s42/A50.mvh,kd_X512,2,True,13709,214670,334599,9543,1.3864,3.4,5.9,5.1,30.9,0.5,12.7,0.0,143623420,31566801,2348682,83303407,331275,30608,320893,13705,27285,0,0,0,0.43,50.0,470.9,1746649,544941,1200553,151,1004,20,287,135,0,0,0,"1490,1415,3468,9093,23064,58697,117874,278130,369957,455022,428439,0,0,0,0,0,0,0,0,0,0,0,0,0","1373,522,625,1024,2136,1579,14549,19377,53303,77134,190261,0,0,0,0,0,0,0,0,0,0,0,0,0"
grid12_M4_r0.0_s42/A50.mvh,kd_X0_rb2x,2,True,13709,214670,334599,9543,1.2650,2.3,4.1,5.7,28.6,0.5,12.0,0.0,8987038,1610973,2348682,10652909,331275,30608,320893,13705,27285,0,0,0,0.43,50.0,470.9,1746649,544941,1200553,151,1004,144,1528,135,0,0,0,"1490,1415,3468,9093,23064,58697,117874,278130,369957,455022,428439,0,0,0,0,0,0,0,0,0,0,0,0,0","1373,522,625,1024,2136,1579,14549,19377,53303,77134,190261,0,0,0,0,0,0,0,0,0,0,0,0,0"
grid12_M4_r0.0_s42/A50.mvh,kd_X0_stale,2,True,13709,214670,334599,9543,1.3157,2.3,4.1,5.3,27.3,0.5,13.1,0.0,10289178,1827180,2348682,12595334,331275,30608,320893,13705,27285,0,0,0,0.43,50.0,470.9,1746649,544941,1200553,151,1004,144,1649,135,0,0,0,"1490,1415,3468,9093,23064,58697,117874,278130,369957,455022,428439,0,0,0,0,0,0,0,0,0,0,0,0,0","1373,522,625,1024,2136,1579,14549,19377,53303,77134,190261,0,0,0,0,0,0,0,0,0,0,0,0,0"
grid12_M4_r0.0_s42/A50.mvh,bk16_X0,2,True,13709,214670,334599,9543,1.2983,2.3,4.6,7.1,27.2,0.5,13.1,0.0,8813387,2674450,2348682,7717619,331275,30608,320893,13705,27285,0,0,0,0.43,50.0,470.9,1746649,544941,1200553,151,1004,144,1649,135,0,0,0,"1490,1415,3468,9093,23064,58697,117874,278130,369957,455022,428439,0,0,0,0,0,0,0,0,0,0,0,0,0","1373,522,625,1024,2136,1579,14549,19377,53303,77134,190261,0,0,0,0,0,0,0,0,0,0,0,0,0"
grid12_M4_r0.0_s42/A50.mvh,bk16_X32,2,True,13709,214670,334599,9543,1.2650,2.3,4.6,6.9,27.2,0.5,13.0,0.0,9243290,2744635,2348682,7880346,331275,30608,320893,13705,27285,0,0,0,0.43,50.0,470.9,1746649,544941,1200553,151,1004,119,1516,135,0,0,0,"1490,1415,3468,9093,23064,58697,117874,278130,369957,455022,428439,0,0,0,0,0,0,0,0,0,0,0,0,0","1373,522,625,1024,2136,1579,14549,19377,53303,77134,190261,0,0,0,0,0,0,0,0,0,0,0,0,0"
grid12_M4_r0.0_s42/A50.mvh,bk16_X64,2,True,13709,214670,334599,9543,1.3668,2.3,4.7,7.0,27.1,0.5,12.9,0.0,11330543,3130304,2348682,8683605,331275,30608,320893,13705,27285,0,0,0,0.43,50.0,470.9,1746649,544941,1200553,151,1004,100,1361,135,0,0,0,"1490,1415,3468,9093,23064,58697,117874,278130,369957,455022,428439,0,0,0,0,0,0,0,0,0,0,0,0,0","1373,522,625,1024,2136,1579,14549,19377,53303,77134,190261,0,0,0,0,0,0,0,0,0,0,0,0,0"
grid12_M4_r0.0_s42/A50.mvh,bk16_X128,2,True,13709,214670,334599,9543,1.3606,2.3,4.7,7.0,27.3,0.5,12.8,0.0,21640031,5446774,2348682,10497497,331275,30608,320893,13705,27285,0,0,0,0.43,50.0,470.9,1746649,544941,1200553,151,1004,82,1025,135,0,0,0,"1490,1415,3468,9093,23064,58697,117874,278130,369957,455022,428439,0,0,0,0,0,0,0,0,0,0,0,0,0","1373,522,625,1024,2136,1579,14549,19377,53303,77134,190261,0,0,0,0,0,0,0,0,0,0,0,0,0"
grid12_M4_r0.0_s42/A50.mvh,bk16_X256,2,True,13709,214670,334599,9543,1.5530,2.5,5.3,7.4,28.0,0.5,12.4,0.0,54723100,12725441,2348682,26589213,331275,30608,320893,13705,27285,0,0,0,0.43,50.0,470.9,1746649,544941,1200553,151,1004,47,633,135,0,0,0,"1490,1415,3468,9093,23064,58697,117874,278130,369957,455022,428439,0,0,0,0,0,0,0,0,0,0,0,0,0","1373,522,625,1024,2136,1579,14549,19377,53303,77134,190261,0,0,0,0,0,0,0,0,0,0,0,0,0"
grid12_M4_r0.0_s42/A50.mvh,bk8_X0,2,True,13709,214670,334599,9543,1.4096,2.2,4.7,7.4,27.6,0.5,14.2,0.0,4632440,1386321,2348682,4423731,331275,30608,320893,13705,27285,0,0,0,0.43,50.0,470.9,1746649,544941,1200553,151,1004,144,1649,135,0,0,0,"1490,1415,3468,9093,23064,58697,117874,278130,369957,455022,428439,0,0,0,0,0,0,0,0,0,0,0,0,0","1373,522,625,1024,2136,1579,14549,19377,53303,77134,190261,0,0,0,0,0,0,0,0,0,0,0,0,0"
grid12_M4_r0.0_s42/A50.mvh,bk32_X0,2,True,13709,214670,334599,9543,1.6897,2.2,4.9,6.7,26.6,0.5,11.9,0.0,17077982,5026134,2348682,14771535,331275,30608,320893,13705,27285,0,0,0,0.43,50.0,470.9,1746649,544941,1200553,151,1004,144,1649,135,0,0,0,"1490,1415,3468,9093,23064,58697,117874,278130,369957,455022,428439,0,0,0,0,0,0,0,0,0,0,0,0,0","1373,522,625,1024,2136,1579,14549,19377,53303,77134,190261,0,0,0,0,0,0,0,0,0,0,0,0,0"
grid12_M4_r0.0_s42/A50.mvh,flat_lw,2,True,13709,214670,334599,9543,2.8190,9.5,10.2,1.1,33.5,0.3,13.5,0.0,410190750,74556305,2348682,162102273,331275,30608,320893,13705,27285,0,0,0,0.43,50.0,470.9,1746649,544941,1200553,151,1004,0,0,135,0,0,0,"1490,1415,3468,9093,23064,58697,117874,278130,369957,455022,428439,0,0,0,0,0,0,0,0,0,0,0,0,0","1373,522,625,1024,2136,1579,14549,19377,53303,77134,190261,0,0,0,0,0,0,0,0,0,0,0,0,0"
grid10_M5_r-0.3_s42/A50.mvh,flat,0,True,48950,448472,717484,19982,13.1321,13.2,15.6,15.9,25.7,0.2,13.9,0.0,2620302970,445828466,10348094,3805862548,708471,76804,696104,21379,67792,0,0,0,0.19,50.0,1687.7,3416594,1155648,2259569,82,1295,0,0,93,0,0,0,"6772,2004,2107,6828,18385,38231,86578,210552,415211,727715,826959,908332,166920,0,0,0,0,0,0,0,0,0,0,0","15544,2333,35,5082,8871,2082,4004,8905,9616,88303,132895,179514,328091,0,0,0,0,0,0,0,0,0,0,0"
grid10_M5_r-0.3_s42/A50.mvh,kd_X0,0,True,48950,448472,717484,19982,4.7242,3.2,4.6,7.3,27.7,0.7,15.4,0.0,33048599,7270770,10348094,51571468,708471,76804,696104,21379,67792,0,0,0,0.19,50.0,1687.7,3416594,1155648,2259569,82,1295,100,2155,93,0,0,0,"6772,2004,2107,6828,18385,38231,86578,210552,415211,727715,826959,908332,166920,0,0,0,0,0,0,0,0,0,0,0","15544,2333,35,5082,8871,2082,4004,8905,9616,88303,132895,179514,328091,0,0,0,0,0,0,0,0,0,0,0"
grid10_M5_r-0.3_s42/A50.mvh,kd_X16,0,True,48950,448472,717484,19982,4.3180,3.0,4.6,7.4,27.7,0.7,15.1,0.0,33073631,7265696,10348094,50891586,708471,76804,696104,21379,67792,0,0,0,0.19,50.0,1687.7,3416594,1155648,2259569,82,1295,88,2131,93,0,0,0,"6772,2004,2107,6828,18385,38231,86578,210552,415211,727715,826959,908332,166920,0,0,0,0,0,0,0,0,0,0,0","15544,2333,35,5082,8871,2082,4004,8905,9616,88303,132895,179514,328091,0,0,0,0,0,0,0,0,0,0,0"
grid10_M5_r-0.3_s42/A50.mvh,kd_X32,0,True,48950,448472,717484,19982,3.8995,3.1,4.6,7.5,27.7,0.7,15.2,0.0,33462296,7319158,10348094,51778316,708471,76804,696104,21379,67792,0,0,0,0.19,50.0,1687.7,3416594,1155648,2259569,82,1295,86,2091,93,0,0,0,"6772,2004,2107,6828,18385,38231,86578,210552,415211,727715,826959,908332,166920,0,0,0,0,0,0,0,0,0,0,0","15544,2333,35,5082,8871,2082,4004,8905,9616,88303,132895,179514,328091,0,0,0,0,0,0,0,0,0,0,0"
grid10_M5_r-0.3_s42/A50.mvh,kd_X64,0,True,48950,448472,717484,19982,4.0122,3.0,4.7,7.5,27.7,0.7,15.1,0.0,34859486,7581096,10348094,51930701,708471,76804,696104,21379,67792,0,0,0,0.19,50.0,1687.7,3416594,1155648,2259569,82,1295,76,1997,93,0,0,0,"6772,2004,2107,6828,18385,38231,86578,210552,415211,727715,826959,908332,166920,0,0,0,0,0,0,0,0,0,0,0","15544,2333,35,5082,8871,2082,4004,8905,9616,88303,132895,179514,328091,0,0,0,0,0,0,0,0,0,0,0"
grid10_M5_r-0.3_s42/A50.mvh,kd_X128,0,True,48950,448472,717484,19982,4.5283,3.1,4.7,7.4,27.7,0.7,15.6,0.0,41101297,8956333,10348094,52736875,708471,76804,696104,21379,67792,0,0,0,0.19,50.0,1687.7,3416594,1155648,2259569,82,1295,63,1798,93,0,0,0,"6772,2004,2107,6828,18385,38231,86578,210552,415211,727715,826959,908332,166920,0,0,0,0,0,0,0,0,0,0,0","15544,2333,35,5082,8871,2082,4004,8905,9616,88303,132895,179514,328091,0,0,0,0,0,0,0,0,0,0,0"
grid10_M5_r-0.3_s42/A50.mvh,kd_X256,0,True,48950,448472,717484,19982,4.6874,3.0,4.6,7.2,27.9,0.6,14.7,0.0,69001421,15798781,10348094,55345753,708471,76804,696104,21379,67792,0,0,0,0.19,50.0,1687.7,3416594,1155648,2259569,82,1295,47,1403,93,0,0,0,"6772,2004,2107,6828,18385,38231,86578,210552,415211,727715,826959,908332,166920,0,0,0,0,0,0,0,0,0,0,0","15544,2333,35,5082,8871,2082,4004,8905,9616,88303,132895,179514,328091,0,0,0,0,0,0,0,0,0,0,0"
grid10_M5_r-0.3_s42/A50.mvh,kd_X512,0,True,48950,448472,717484,19982,3.9821,3.0,4.6,7.1,29.9,0.7,15.2,0.0,180031428,45021739,10348094,68820265,708471,76804,696104,21379,67792,0,0,0,0.19,50.0,1687.7,3416594,1155648,2259569,82,1295,30,825,93,0,0,0,"6772,2004,2107,6828,18385,38231,86578,210552,415211,727715,826959,908332,166920,0,0,0,0,0,0,0,0,0,0,0","15544,2333,35,5082,8871,2082,4004,8905,9616,88303,132895,179514,328091,0,0,0,0,0,0,0,0,0,0,0"
grid10_M5_r-0.3_s42/A50.mvh,kd_X0_rb2x,0,True,48950,448472,717484,19982,4.6060,3.2,4.7,7.4,29.8,0.7,14.3,0.0,27334550,5993932,10348094,41505983,708471,76804,696104,21379,67792,0,0,0,0.19,50.0,1687.7,3416594,1155648,2259569,82,1295,100,1401,93,0,0,0,"6772,2004,2107,6828,18385,38231,86578,210552,415211,727715,826959,908332,166920,0,0,0,0,0,0,0,0,0,0,0","15544,2333,35,5082,8871,2082,4004,8905,9616,88303,132895,179514,328091,0,0,0,0,0,0,0,0,0,0,0"
grid10_M5_r-0.3_s42/A50.mvh,kd_X0_stale,0,True,48950,448472,717484,19982,4.4048,3.1,4.7,7.5,27.7,0.7,15.2,0.0,33048599,7270770,10348094,51571468,708471,76804,696104,21379,67792,0,0,0,0.19,50.0,1687.7,3416594,1155648,2259569,82,1295,100,2155,93,0,0,0,"6772,2004,2107,6828,18385,38231,86578,210552,415211,727715,826959,908332,166920,0,0,0,0,0,0,0,0,0,0,0","15544,2333,35,5082,8871,2082,4004,8905,9616,88303,132895,179514,328091,0,0,0,0,0,0,0,0,0,0,0"
grid10_M5_r-0.3_s42/A50.mvh,bk16_X0,0,True,48950,448472,717484,19982,5.3302,3.0,5.3,9.6,26.6,0.7,15.5,0.0,26806229,10824817,10348094,34287914,708471,76804,696104,21379,67792,0,0,0,0.19,50.0,1687.7,3416594,1155648,2259569,82,1295,100,2155,93,0,0,0,"6772,2004,2107,6828,18385,38231,86578,210552,415211,727715,826959,908332,166920,0,0,0,0,0,0,0,0,0,0,0","15544,2333,35,5082,8871,2082,4004,8905,9616,88303,132895,179514,328091,0,0,0,0,0,0,0,0,0,0,0"
grid10_M5_r-0.3_s42/A50.mvh,bk16_X32,0,True,48950,448472,717484,19982,4.9780,3.4,5.5,9.5,26.4,0.6,15.5,0.0,27140168,10888930,10348094,34411097,708471,76804,696104,21379,67792,0,0,0,0.19,50.0,1687.7,3416594,1155648,2259569,82,1295,86,2091,93,0,0,0,"6772,2004,2107,6828,18385,38231,86578,210552,415211,727715,826959,908332,166920,0,0,0,0,0,0,0,0,0,0,0","15544,2333,35,5082,8871,2082,4004,8905,9616,88303,132895,179514,328091,0,0,0,0,0,0,0,0,0,0,0"
grid10_M5_r-0.3_s42/A50.mvh,bk16_X64,0,True,48950,448472,717484,19982,4.2613,3.0,5.3,9.5,26.5,0.7,15.8,0.0,28452358,11046672,10348094,35010570,708471,76804,696104,21379,67792,0,0,0,0.19,50.0,1687.7,3416594,1155648,2259569,82,1295,76,1997,93,0,0,0,"6772,2004,2107,6828,18385,38231,86578,210552,415211,727715,826959,908332,166920,0,0,0,0,0,0,0,0,0,0,0","15544,2333,35,5082,8871,2082,4004,8905,9616,88303,132895,179514,328091,0,0,0,0,0,0,0,0,0,0,0"
grid10_M5_r-0.3_s42/A50.mvh,bk16_X128,0,True,48950,448472,717484,19982,4.5247,3.0,5.3,9.5,26.5,0.7,16.0,0.0,34425996,12242946,10348094,35428293,708471,76804,696104,21379,67792,0,0,0,0.19,50.0,1687.7,3416594,1155648,2259569,82,1295,63,1798,93,0,0,0,"6772,2004,2107,6828,18385,38231,86578,210552,415211,727715,826959,908332,166920,0,0,0,0,0,0,0,0,0,0,0","15544,2333,35,5082,8871,2082,4004,8905,9616,88303,132895,179514,328091,0,0,0,0,0,0,0,0,0,0,0"
grid10_M5_r-0.3_s42/A50.mvh,bk16_X256,0,True,48950,448472,717484,19982,6.6060,3.0,5.8,9.5,27.2,0.8,15.4,0.0,61975296,18695534,10348094,37725312,708471,76804,696104,21379,67792,0,0,0,0.19,50.0,1687.7,3416594,1155648,2259569,82,1295,47,1403,93,0,0,0,"6772,2004,2107,6828,18385,38231,86578,210552,415211,727715,826959,908332,166920,0,0,0,0,0,0,0,0,0,0,0","15544,2333,35,5082,8871,2082,4004,8905,9616,88303,132895,179514,328091,0,0,0,0,0,0,0,0,0,0,0"
grid10_M5_r-0.3_s42/A50.mvh,bk8_X0,0,True,48950,448472,717484,19982,4.7360,3.2,5.3,9.9,26.3,0.7,17.2,0.0,12513888,5026156,10348094,16362788,708471,76804,696104,21379,67792,0,0,0,0.19,50.0,1687.7,3416594,1155648,2259569,82,1295,100,2155,93,0,0,0,"6772,2004,2107,6828,18385,38231,86578,210552,415211,727715,826959,908332,166920,0,0,0,0,0,0,0,0,0,0,0","15544,2333,35,5082,8871,2082,4004,8905,9616,88303,132895,179514,328091,0,0,0,0,0,0,0,0,0,0,0"
grid10_M5_r-0.3_s42/A50.mvh,bk32_X0,0,True,48950,448472,717484,19982,4.5061,3.1,5.4,9.4,26.5,0.7,15.0,0.0,55335981,20980146,10348094,71543996,708471,76804,696104,21379,67792,0,0,0,0.19,50.0,1687.7,3416594,1155648,2259569,82,1295,100,2155,93,0,0,0,"6772,2004,2107,6828,18385,38231,86578,210552,415211,727715,826959,908332,166920,0,0,0,0,0,0,0,0,0,0,0","15544,2333,35,5082,8871,2082,4004,8905,9616,88303,132895,179514,328091,0,0,0,0,0,0,0,0,0,0,0"
grid10_M5_r-0.3_s42/A50.mvh,flat_lw,0,True,48950,448472,717484,19982,11.2221,16.2,15.0,1.3,31.9,0.3,16.8,0.0,2613340447,445828466,10348094,1251223417,708471,76804,696104,21379,67792,0,0,0,0.19,50.0,1687.7,3416594,1155648,2259569,82,1295,0,0,93,0,0,0,"6772,2004,2107,6828,18385,38231,86578,210552,415211,727715,826959,908332,166920,0,0,0,0,0,0,0,0,0,0,0","15544,2333,35,5082,8871,2082,4004,8905,9616,88303,132895,179514,328091,0,0,0,0,0,0,0,0,0,0,0"
grid10_M5_r-0.3_s42/A50.mvh,flat,1,True,48950,448472,717484,19982,12.7359,13.2,15.4,16.1,25.7,0.3,13.7,0.0,2620302970,445828466,10348094,3805862548,708471,76804,696104,21379,67792,0,0,0,0.19,50.0,1687.7,3416594,1155648,2259569,82,1295,0,0,93,0,0,0,"6772,2004,2107,6828,18385,38231,86578,210552,415211,727715,826959,908332,166920,0,0,0,0,0,0,0,0,0,0,0","15544,2333,35,5082,8871,2082,4004,8905,9616,88303,132895,179514,328091,0,0,0,0,0,0,0,0,0,0,0"
grid10_M5_r-0.3_s42/A50.mvh,kd_X0,1,True,48950,448472,717484,19982,5.2919,2.9,4.5,7.2,27.8,0.6,15.2,0.0,33048599,7270770,10348094,51571468,708471,76804,696104,21379,67792,0,0,0,0.19,50.0,1687.7,3416594,1155648,2259569,82,1295,100,2155,93,0,0,0,"6772,2004,2107,6828,18385,38231,86578,210552,415211,727715,826959,908332,166920,0,0,0,0,0,0,0,0,0,0,0","15544,2333,35,5082,8871,2082,4004,8905,9616,88303,132895,179514,328091,0,0,0,0,0,0,0,0,0,0,0"
grid10_M5_r-0.3_s42/A50.mvh,kd_X16,1,True,48950,448472,717484,19982,4.1194,3.1,4.6,7.4,27.9,0.7,15.1,0.0,33073631,7265696,10348094,50891586,708471,76804,696104,21379,67792,0,0,0,0.19,50.0,1687.7,3416594,1155648,2259569,82,1295,88,2131,93,0,0,0,"6772,2004,2107,6828,18385,38231,86578,210552,415211,727715,826959,908332,166920,0,0,0,0,0,0,0,0,0,0,0","15544,2333,35,5082,8871,2082,4004,8905,9616,88303,132895,179514,328091,0,0,0,0,0,0,0,0,0,0,0"
grid10_M5_r-0.3_s42/A50.mvh,kd_X32,1,True,48950,448472,717484,19982,4.1665,3.1,4.7,7.6,27.4,0.8,15.5,0.0,33462296,7319158,10348094,51778316,708471,76804,696104,21379,67792,0,0,0,0.19,50.0,1687.7,3416594,1155648,2259569,82,1295,86,2091,93,0,0,0,"6772,2004,2107,6828,18385,38231,86578,210552,415211,727715,826959,908332,166920,0,0,0,0,0,0,0,0,0,0,0","15544,2333,35,5082,8871,2082,4004,8905,9616,88303,132895,179514,328091,0,0,0,0,0,0,0,0,0,0,0"
grid10_M5_r-0.3_s42/A50.mvh,kd_X64,1,True,48950,448472,717484,19982,4.4774,3.0,4.6,7.4,27.6,0.7,15.0,0.0,34859486,7581096,10348094,51930701,708471,76804,696104,21379,67792,0,0,0,0.19,50.0,1687.7,3416594,1155648,2259569,82,1295,76,1997,93,0,0,0,"6772,2004,2107,6828,18385,38231,86578,210552,415211,727715,826959,908332,166920,0,0,0,0,0,0,0,0,0,0,0","15544,2333,35,5082,8871,2082,4004,8905,9616,88303,132895,179514,328091,0,0,0,0,0,0,0,0,0,0,0"
grid10_M5_r-0.3_s42/A50.mvh,kd_X128,1,True,48950,448472,717484,19982,5.1730,3.1,4.7,7.4,27.9,0.7,15.2,0.0,41101297,8956333,10348094,52736875,708471,76804,696104,21379,67792,0,0,0,0.19,50.0,1687.7,3416594,1155648,2259569,82,1295,63,1798,93,0,0,0,"6772,2004,2107,6828,18385,38231,86578,210552,415211,727715,826959,908332,166920,0,0,0,0,0,0,0,0,0,0,0","15544,2333,35,5082,8871,2082,4004,8905,9616,88303,132895,179514,328091,0,0,0,0,0,0,0,0,0,0,0"
grid10_M5_r-0.3_s42/A50.mvh,kd_X256,1,True,48950,448472,717484,19982,4.4013,3.1,4.7,7.5,28.0,0.7,15.4,0.0,69001421,15798781,10348094,55345753,708471,76804,696104,21379,67792,0,0,0,0.19,50.0,1687.7,3416594,1155648,2259569,82,1295,47,1403,93,0,0,0,"6772,2004,2107,6828,18385,38231,86578,210552,415211,727715,826959,908332,166920,0,0,0,0,0,0,0,0,0,0,0","15544,2333,35,5082,8871,2082,4004,8905,9616,88303,132895,179514,328091,0,0,0,0,0,0,0,0,0,0,0"
grid10_M5_r-0.3_s42/A50.mvh,kd_X512,1,True,48950,448472,717484,19982,6.1545,2.9,4.6,7.2,29.5,0.6,15.3,0.0,180031428,45021739,10348094,68820265,708471,76804,696104,21379,67792,0,0,0,0.19,50.0,1687.7,3416594,1155648,2259569,82,1295,30,825,93,0,0,0,"6772,2004,2107,6828,18385,38231,86578,210552,415211,727715,826959,908332,166920,0,0,0,0,0,0,0,0,0,0,0","15544,2333,35,5082,8871,2082,4004,8905,9616,88303,132895,179514,328091,0,0,0,0,0,0,0,0,0,0,0"
grid10_M5_r-0.3_s42/A50.mvh,kd_X0_rb2x,1,True,48950,448472,717484,19982,4.5300,3.1,4.7,7.4,29.3,0.7,14.4,0.0,27334550,5993932,10348094,41505983,708471,76804,696104,21379,67792,0,0,0,0.19,50.0,1687.7,3416594,1155648,2259569,82,1295,100,1401,93,0,0,0,"6772,2004,2107,6828,18385,38231,86578,210552,415211,727715,826959,908332,166920,0,0,0,0,0,0,0,0,0,0,0","15544,2333,35,5082,8871,2082,4004,8905,9616,88303,132895,179514,328091,0,0,0,0,0,0,0,0,0,0,0"
grid10_M5_r-0.3_s42/A50.mvh,kd_X0_stale,1,True,48950,448472,717484,19982,5.3309,3.1,4.6,7.1,27.5,0.6,15.0,0.0,33048599,7270770,10348094,51571468,708471,76804,696104,21379,67792,0,0,0,0.19,50.0,1687.7,3416594,1155648,2259569,82,1295,100,2155,93,0,0,0,"6772,2004,2107,6828,18385,38231,86578,210552,415211,727715,826959,908332,166920,0,0,0,0,0,0,0,0,0,0,0","15544,2333,35,5082,8871,2082,4004,8905,9616,88303,132895,179514,328091,0,0,0,0,0,0,0,0,0,0,0"
grid10_M5_r-0.3_s42/A50.mvh,bk16_X0,1,True,48950,448472,717484,19982,3.9537,3.0,5.2,10.1,26.1,0.7,16.4,0.0,26806229,10824817,10348094,34287914,708471,76804,696104,21379,67792,0,0,0,0.19,50.0,1687.7,3416594,1155648,2259569,82,1295,100,2155,93,0,0,0,"6772,2004,2107,6828,18385,38231,86578,210552,415211,727715,826959,908332,166920,0,0,0,0,0,0,0,0,0,0,0","15544,2333,35,5082,8871,2082,4004,8905,9616,88303,132895,179514,328091,0,0,0,0,0,0,0,0,0,0,0"
grid10_M5_r-0.3_s42/A50.mvh,bk16_X32,1,True,48950,448472,717484,19982,3.9829,3.0,5.2,9.6,26.4,0.7,15.9,0.0,27140168,10888930,10348094,34411097,708471,76804,696104,21379,67792,0,0,0,0.19,50.0,1687.7,3416594,1155648,2259569,82,1295,86,2091,93,0,0,0,"6772,2004,2107,6828,18385,38231,86578,210552,415211,727715,826959,908332,166920,0,0,0,0,0,0,0,0,0,0,0","15544,2333,35,5082,8871,2082,4004,8905,9616,88303,132895,179514,328091,0,0,0,0,0,0,0,0,0,0,0"
grid10_M5_r-0.3_s42/A50.mvh,bk16_X64,1,True,48950,448472,717484,19982,4.3540,3.0,5.4,9.7,26.5,0.7,15.8,0.0,28452358,11046672,10348094,35010570,708471,76804,696104,21379,67792,0,0,0,0.19,50.0,1687.7,3416594,1155648,2259569,82,1295,76,1997,93,0,0,0,"6772,2004,2107,6828,18385,38231,86578,210552,415211,727715,826959,908332,166920,0,0,0,0,0,0,0,0,0,0,0","15544,2333,35,5082,8871,2082,4004,8905,9616,88303,132895,179514,328091,0,0,0,0,0,0,0,0,0,0,0"
grid10_M5_r-0.3_s42/A50.mvh,bk16_X128,1,True,48950,448472,717484,19982,5.3209,3.0,5.2,9.6,26.7,0.6,15.7,0.0,34425996,12242946,10348094,35428293,708471,76804,696104,21379,67792,0,0,0,0.19,50.0,1687.7,3416594,1155648,2259569,82,1295,63,1798,93,0,0,0,"6772,2004,2107,6828,18385,38231,86578,210552,415211,727715,826959,908332,166920,0,0,0,0,0,0,0,0,0,0,0","15544,2333,35,5082,8871,2082,4004,8905,9616,88303,132895,179514,328091,0,0,0,0,0,0,0,0,0,0,0"
grid10_M5_r-0.3_s42/A50.mvh,bk16_X256,1,True,48950,448472,717484,19982,4.1009,3.2,5.2,9.4,27.1,0.7,15.8,0.0,61975296,18695534,10348094,37725312,708471,76804,696104,21379,67792,0,0,0,0.19,50.0,1687.7,3416594,1155648,2259569,82,1295,47,1403,93,0,0,0,"6772,2004,2107,6828,18385,38231,86578,210552,415211,727715,826959,908332,166920,0,0,0,0,0,0,0,0,0,0,0","15544,2333,35,5082,8871,2082,4004,8905,9616,88303,132895,179514,328091,0,0,0,0,0,0,0,0,0,0,0"
grid10_M5_r-0.3_s42/A50.mvh,bk8_X0,1,True,48950,448472,717484,19982,4.4534,3.2,5.6,9.8,26.4,0.7,16.9,0.0,12513888,5026156,10348094,16362788,708471,76804,696104,21379,67792,0,0,0,0.19,50.0,1687.7,3416594,1155648,2259569,82,1295,100,2155,93,0,0,0,"6772,2004,2107,6828,18385,38231,86578,210552,415211,727715,826959,908332,166920,0,0,0,0,0,0,0,0,0,0,0","15544,2333,35,5082,8871,2082,4004,8905,9616,88303,132895,179514,328091,0,0,0,0,0,0,0,0,0,0,0"
grid10_M5_r-0.3_s42/A50.mvh,bk32_X0,1,True,48950,448472,717484,19982,4.1052,3.3,5.6,9.5,26.5,0.7,14.9,0.0,55335981,20980146,10348094,71543996,708471,76804,696104,21379,67792,0,0,0,0.19,50.0,1687.7,3416594,1155648,2259569,82,1295,100,2155,93,0,0,0,"6772,2004,2107,6828,18385,38231,86578,210552,415211,727715,826959,908332,166920,0,0,0,0,0,0,0,0,0,0,0","15544,2333,35,5082,8871,2082,4004,8905,9616,88303,132895,179514,328091,0,0,0,0,0,0,0,0,0,0,0"
grid10_M5_r-0.3_s42/A50.mvh,flat_lw,1,True,48950,448472,717484,19982,11.3061,16.5,15.2,1.3,31.4,0.3,17.0,0.0,2613340447,445828466,10348094,1251223417,708471,76804,696104,21379,67792,0,0,0,0.19,50.0,1687.7,3416594,1155648,2259569,82,1295,0,0,93,0,0,0,"6772,2004,2107,6828,18385,38231,86578,210552,415211,727715,826959,908332,166920,0,0,0,0,0,0,0,0,0,0,0","15544,2333,35,5082,8871,2082,4004,8905,9616,88303,132895,179514,328091,0,0,0,0,0,0,0,0,0,0,0"
grid10_M5_r-0.3_s42/A50.mvh,flat,2,True,48950,448472,717484,19982,13.2305,13.4,15.3,16.5,25.8,0.2,13.7,0.0,2620302970,445828466,10348094,3805862548,708471,76804,696104,21379,67792,0,0,0,0.19,50.0,1687.7,3416594,1155648,2259569,82,1295,0,0,93,0,0,0,"6772,2004,2107,6828,18385,38231,86578,210552,415211,727715,826959,908332,166920,0,0,0,0,0,0,0,0,0,0,0","15544,2333,35,5082,8871,2082,4004,8905,9616,88303,132895,179514,328091,0,0,0,0,0,0,0,0,0,0,0"
grid10_M5_r-0.3_s42/A50.mvh,kd_X0,2,True,48950,448472,717484,19982,4.7871,3.1,5.2,7.4,27.3,0.7,15.1,0.0,33048599,7270770,10348094,51571468,708471,76804,696104,21379,67792,0,0,0,0.19,50.0,1687.7,3416594,1155648,2259569,82,1295,100,2155,93,0,0,0,"6772,2004,2107,6828,18385,38231,86578,210552,415211,727715,826959,908332,166920,0,0,0,0,0,0,0,0,0,0,0","15544,2333,35,5082,8871,2082,4004,8905,9616,88303,132895,179514,328091,0,0,0,0,0,0,0,0,0,0,0"
grid10_M5_r-0.3_s42/A50.mvh,kd_X16,2,True,48950,448472,717484,19982,4.0778,3.1,4.7,7.5,27.5,0.7,15.2,0.0,33073631,7265696,10348094,50891586,708471,76804,696104,21379,67792,0,0,0,0.19,50.0,1687.7,3416594,1155648,2259569,82,1295,88,2131,93,0,0,0,"6772,2004,2107,6828,18385,38231,86578,210552,415211,727715,826959,908332,166920,0,0,0,0,0,0,0,0,0,0,0","15544,2333,35,5082,8871,2082,4004,8905,9616,88303,132895,179514,328091,0,0,0,0,0,0,0,0,0,0,0"
grid10_M5_r-0.3_s42/A50.mvh,kd_X32,2,True,48950,448472,717484,19982,4.5262,3.0,4.6,7.6,27.9,0.7,14.9,0.0,33462296,7319158,10348094,51778316,708471,76804,696104,21379,67792,0,0,0,0.19,50.0,1687.7,3416594,1155648,2259569,82,1295,86,2091,93,0,0,0,"6772,2004,2107,6828,18385,38231,86578,210552,415211,727715,826959,908332,166920,0,0,0,0,0,0,0,0,0,0,0","15544,2333,35,5082,8871,2082,4004,8905,9616,88303,132895,179514,328091,0,0,0,0,0,0,0,0,0,0,0"
grid10_M5_r-0.3_s42/A50.mvh,kd_X64,2,True,48950,448472,717484,19982,5.3172,3.1,4.7,7.3,27.8,0.7,15.4,0.0,34859486,7581096,10348094,51930701,708471,76804,696104,21379,67792,0,0,0,0.19,50.0,1687.7,3416594,1155648,2259569,82,1295,76,1997,93,0,0,0,"6772,2004,2107,6828,18385,38231,86578,210552,415211,727715,826959,908332,166920,0,0,0,0,0,0,0,0,0,0,0","15544,2333,35,5082,8871,2082,4004,8905,9616,88303,132895,179514,328091,0,0,0,0,0,0,0,0,0,0,0"
grid10_M5_r-0.3_s42/A50.mvh,kd_X128,2,True,48950,448472,717484,19982,5.6327,3.4,4.8,7.2,27.2,0.6,14.7,0.0,41101297,8956333,10348094,52736875,708471,76804,696104,21379,67792,0,0,0,0.19,50.0,1687.7,3416594,1155648,2259569,82,1295,63,1798,93,0,0,0,"6772,2004,2107,6828,18385,38231,86578,210552,415211,727715,826959,908332,166920,0,0,0,0,0,0,0,0,0,0,0","15544,2333,35,5082,8871,2082,4004,8905,9616,88303,132895,179514,328091,0,0,0,0,0,0,0,0,0,0,0"
grid10_M5_r-0.3_s42/A50.mvh,kd_X256,2,True,48950,448472,717484,19982,4.2496,3.1,4.7,7.4,28.0,0.7,15.4,0.0,69001421,15798781,10348094,55345753,708471,76804,696104,21379,67792,0,0,0,0.19,50.0,1687.7,3416594,1155648,2259569,82,1295,47,1403,93,0,0,0,"6772,2004,2107,6828,18385,38231,86578,210552,415211,727715,826959,908332,166920,0,0,0,0,0,0,0,0,0,0,0","15544,2333,35,5082,8871,2082,4004,8905,9616,88303,132895,179514,328091,0,0,0,0,0,0,0,0,0,0,0"
grid10_M5_r-0.3_s42/A50.mvh,kd_X512,2,True,48950,448472,717484,19982,5.2272,3.0,4.6,7.3,30.1,0.6,14.9,0.0,180031428,45021739,10348094,68820265,708471,76804,696104,21379,67792,0,0,0,0.19,50.0,1687.7,3416594,1155648,2259569,82,1295,30,825,93,0,0,0,"6772,2004,2107,6828,18385,38231,86578,210552,415211,727715,826959,908332,166920,0,0,0,0,0,0,0,0,0,0,0","15544,2333,35,5082,8871,2082,4004,8905,9616,88303,132895,179514,328091,0,0,0,0,0,0,0,0,0,0,0"
grid10_M5_r-0.3_s42/A50.mvh,kd_X0_rb2x,2,True,48950,448472,717484,19982,5.5002,3.1,4.9,7.1,29.9,0.7,15.1,0.0,27334550,5993932,10348094,41505983,708471,76804,696104,21379,67792,0,0,0,0.19,50.0,1687.7,3416594,1155648,2259569,82,1295,100,1401,93,0,0,0,"6772,2004,2107,6828,18385,38231,86578,210552,415211,727715,826959,908332,166920,0,0,0,0,0,0,0,0,0,0,0","15544,2333,35,5082,8871,2082,4004,8905,9616,88303,132895,179514,328091,0,0,0,0,0,0,0,0,0,0,0"
grid10_M5_r-0.3_s42/A50.mvh,kd_X0_stale,2,True,48950,448472,717484,19982,4.0609,3.0,4.7,7.4,27.5,0.7,15.0,0.0,33048599,7270770,10348094,51571468,708471,76804,696104,21379,67792,0,0,0,0.19,50.0,1687.7,3416594,1155648,2259569,82,1295,100,2155,93,0,0,0,"6772,2004,2107,6828,18385,38231,86578,210552,415211,727715,826959,908332,166920,0,0,0,0,0,0,0,0,0,0,0","15544,2333,35,5082,8871,2082,4004,8905,9616,88303,132895,179514,328091,0,0,0,0,0,0,0,0,0,0,0"
grid10_M5_r-0.3_s42/A50.mvh,bk16_X0,2,True,48950,448472,717484,19982,4.5041,3.1,5.3,9.6,26.7,0.7,16.0,0.0,26806229,10824817,10348094,34287914,708471,76804,696104,21379,67792,0,0,0,0.19,50.0,1687.7,3416594,1155648,2259569,82,1295,100,2155,93,0,0,0,"6772,2004,2107,6828,18385,38231,86578,210552,415211,727715,826959,908332,166920,0,0,0,0,0,0,0,0,0,0,0","15544,2333,35,5082,8871,2082,4004,8905,9616,88303,132895,179514,328091,0,0,0,0,0,0,0,0,0,0,0"
grid10_M5_r-0.3_s42/A50.mvh,bk16_X32,2,True,48950,448472,717484,19982,4.3657,2.9,5.2,9.8,26.5,0.7,15.8,0.0,27140168,10888930,10348094,34411097,708471,76804,696104,21379,67792,0,0,0,0.19,50.0,1687.7,3416594,1155648,2259569,82,1295,86,2091,93,0,0,0,"6772,2004,2107,6828,18385,38231,86578,210552,415211,727715,826959,908332,166920,0,0,0,0,0,0,0,0,0,0,0","15544,2333,35,5082,8871,2082,4004,8905,9616,88303,132895,179514,328091,0,0,0,0,0,0,0,0,0,0,0"
grid10_M5_r-0.3_s42/A50.mvh,bk16_X64,2,True,48950,448472,717484,19982,4.3556,3.0,5.3,9.8,26.5,0.7,15.8,0.0,28452358,11046672,10348094,35010570,708471,76804,696104,21379,67792,0,0,0,0.19,50.0,1687.7,3416594,1155648,2259569,82,1295,76,1997,93,0,0,0,"6772,2004,2107,6828,18385,38231,86578,210552,415211,727715,826959,908332,166920,0,0,0,0,0,0,0,0,0,0,0","15544,2333,35,5082,8871,2082,4004,8905,9616,88303,132895,179514,328091,0,0,0,0,0,0,0,0,0,0,0"
grid10_M5_r-0.3_s42/A50.mvh,bk16_X128,2,True,48950,448472,717484,19982,4.6210,2.9,5.2,9.6,26.4,0.6,15.5,0.0,34425996,12242946,10348094,35428293,708471,76804,696104,21379,67792,0,0,0,0.19,50.0,1687.7,3416594,1155648,2259569,82,1295,63,1798,93,0,0,0,"6772,2004,2107,6828,18385,38231,86578,210552,415211,727715,826959,908332,166920,0,0,0,0,0,0,0,0,0,0,0","15544,2333,35,5082,8871,2082,4004,8905,9616,88303,132895,179514,328091,0,0,0,0,0,0,0,0,0,0,0"
grid10_M5_r-0.3_s42/A50.mvh,bk16_X256,2,True,48950,448472,717484,19982,4.7166,3.0,5.3,9.4,27.1,0.7,16.0,0.0,61975296,18695534,10348094,37725312,708471,76804,696104,21379,67792,0,0,0,0.19,50.0,1687.7,3416594,1155648,2259569,82,1295,47,1403,93,0,0,0,"6772,2004,2107,6828,18385,38231,86578,210552,415211,727715,826959,908332,166920,0,0,0,0,0,0,0,0,0,0,0","15544,2333,35,5082,8871,2082,4004,8905,9616,88303,132895,179514,328091,0,0,0,0,0,0,0,0,0,0,0"
grid10_M5_r-0.3_s42/A50.mvh,bk8_X0,2,True,48950,448472,717484,19982,5.7063,3.0,5.5,9.8,26.7,0.8,16.9,0.0,12513888,5026156,10348094,16362788,708471,76804,696104,21379,67792,0,0,0,0.19,50.0,1687.7,3416594,1155648,2259569,82,1295,100,2155,93,0,0,0,"6772,2004,2107,6828,18385,38231,86578,210552,415211,727715,826959,908332,166920,0,0,0,0,0,0,0,0,0,0,0","15544,2333,35,5082,8871,2082,4004,8905,9616,88303,132895,179514,328091,0,0,0,0,0,0,0,0,0,0,0"
grid10_M5_r-0.3_s42/A50.mvh,bk32_X0,2,True,48950,448472,717484,19982,6.7662,3.2,5.7,9.3,26.4,0.7,15.1,0.0,55335981,20980146,10348094,71543996,708471,76804,696104,21379,67792,0,0,0,0.19,50.0,1687.7,3416594,1155648,2259569,82,1295,100,2155,93,0,0,0,"6772,2004,2107,6828,18385,38231,86578,210552,415211,727715,826959,908332,166920,0,0,0,0,0,0,0,0,0,0,0","15544,2333,35,5082,8871,2082,4004,8905,9616,88303,132895,179514,328091,0,0,0,0,0,0,0,0,0,0,0"
grid10_M5_r-0.3_s42/A50.mvh,flat_lw,2,True,48950,448472,717484,19982,14.3967,15.9,14.7,1.4,31.2,0.3,16.5,0.0,2613340447,445828466,10348094,1251223417,708471,76804,696104,21379,67792,0,0,0,0.19,50.0,1687.7,3416594,1155648,2259569,82,1295,0,0,93,0,0,0,"6772,2004,2107,6828,18385,38231,86578,210552,415211,727715,826959,908332,166920,0,0,0,0,0,0,0,0,0,0,0","15544,2333,35,5082,8871,2082,4004,8905,9616,88303,132895,179514,328091,0,0,0,0,0,0,0,0,0,0,0"
grid_10x10_d4_tradeoff_cyc1/g10d4c1_apex.mvh,flat,0,True,11330,47305,83990,17560,1.6113,6.0,33.4,21.1,17.3,4.1,8.2,0.2,87066059,18567538,14959755,306370544,84512,36685,25521,58468,37208,0,0,0,37.59,196.2,614.5,299617,122235,166303,1497,9582,0,0,93,0,0,0,"7380,2069,3934,5937,8126,15638,26598,56176,61025,63151,41827,7756,0,0,0,0,0,0,0,0,0,0,0,0","98,95,341,446,889,920,2772,6548,12653,23603,52859,19973,0,0,0,0,0,0,0,0,0,0,0,0"
grid_10x10_d4_tradeoff_cyc1/g10d4c1_apex.mvh,kd_X0,0,True,11330,47305,83990,17560,1.3872,1.5,36.4,24.1,14.5,4.7,5.2,0.3,2146437,421559,14959755,41052048,84512,36685,25521,58468,37208,0,0,0,37.59,196.2,614.5,299617,122235,166303,1497,9582,86,349,93,0,0,0,"7380,2069,3934,5937,8126,15638,26598,56176,61025,63151,41827,7756,0,0,0,0,0,0,0,0,0,0,0,0","98,95,341,446,889,920,2772,6548,12653,23603,52859,19973,0,0,0,0,0,0,0,0,0,0,0,0"
grid_10x10_d4_tradeoff_cyc1/g10d4c1_apex.mvh,kd_X16,0,True,11330,47305,83990,17560,1.4570,1.4,37.9,24.7,12.7,4.7,6.2,0.3,2219558,427798,14959755,42615379,84512,36685,25521,58468,37208,0,0,0,37.59,196.2,614.5,299617,122235,166303,1497,9582,52,329,93,0,0,0,"7380,2069,3934,5937,8126,15638,26598,56176,61025,63151,41827,7756,0,0,0,0,0,0,0,0,0,0,0,0","98,95,341,446,889,920,2772,6548,12653,23603,52859,19973,0,0,0,0,0,0,0,0,0,0,0,0"
grid_10x10_d4_tradeoff_cyc1/g10d4c1_apex.mvh,kd_X32,0,True,11330,47305,83990,17560,0.9895,1.6,38.4,25.8,12.9,5.0,5.3,0.2,2350901,458827,14959755,42736097,84512,36685,25521,58468,37208,0,0,0,37.59,196.2,614.5,299617,122235,166303,1497,9582,43,309,93,0,0,0,"7380,2069,3934,5937,8126,15638,26598,56176,61025,63151,41827,7756,0,0,0,0,0,0,0,0,0,0,0,0","98,95,341,446,889,920,2772,6548,12653,23603,52859,19973,0,0,0,0,0,0,0,0,0,0,0,0"
grid_10x10_d4_tradeoff_cyc1/g10d4c1_apex.mvh,kd_X64,0,True,11330,47305,83990,17560,0.8937,1.5,37.4,26.2,11.8,4.6,5.0,0.4,2894883,589585,14959755,43083139,84512,36685,25521,58468,37208,0,0,0,37.59,196.2,614.5,299617,122235,166303,1497,9582,36,272,93,0,0,0,"7380,2069,3934,5937,8126,15638,26598,56176,61025,63151,41827,7756,0,0,0,0,0,0,0,0,0,0,0,0","98,95,341,446,889,920,2772,6548,12653,23603,52859,19973,0,0,0,0,0,0,0,0,0,0,0,0"
grid_10x10_d4_tradeoff_cyc1/g10d4c1_apex.mvh,kd_X128,0,True,11330,47305,83990,17560,0.9126,1.6,37.9,26.8,12.4,4.9,5.1,0.3,5041512,1140517,14959755,41734984,84512,36685,25521,58468,37208,0,0,0,37.59,196.2,614.5,299617,122235,166303,1497,9582,21,203,93,0,0,0,"7380,2069,3934,5937,8126,15638,26598,56176,61025,63151,41827,7756,0,0,0,0,0,0,0,0,0,0,0,0","98,95,341,446,889,920,2772,6548,12653,23603,52859,19973,0,0,0,0,0,0,0,0,0,0,0,0"
grid_10x10_d4_tradeoff_cyc1/g10d4c1_apex.mvh,kd_X256,0,True,11330,47305,83990,17560,0.9689,1.7,38.2,24.8,13.7,5.0,5.2,0.3,10269994,2624978,14959755,46261173,84512,36685,25521,58468,37208,0,0,0,37.59,196.2,614.5,299617,122235,166303,1497,9582,11,128,93,0,0,0,"7380,2069,3934,5937,8126,15638,26598,56176,61025,63151,41827,7756,0,0,0,0,0,0,0,0,0,0,0,0","98,95,341,446,889,920,2772,6548,12653,23603,52859,19973,0,0,0,0,0,0,0,0,0,0,0,0"
grid_10x10_d4_tradeoff_cyc1/g10d4c1_apex.mvh,kd_X512,0,True,11330,47305,83990,17560,1.0504,2.1,36.1,23.9,15.4,4.9,6.1,0.3,24178254,6525633,14959755,66617953,84512,36685,25521,58468,37208,0,0,0,37.59,196.2,614.5,299617,122235,166303,1497,9582,5,57,93,0,0,0,"7380,2069,3934,5937,8126,15638,26598,56176,61025,63151,41827,7756,0,0,0,0,0,0,0,0,0,0,0,0","98,95,341,446,889,920,2772,6548,12653,23603,52859,19973,0,0,0,0,0,0,0,0,0,0,0,0"
grid_10x10_d4_tradeoff_cyc1/g10d4c1_apex.mvh,kd_X0_rb2x,0,True,11330,47305,83990,17560,1.1780,1.5,38.3,25.7,12.2,4.5,4.9,0.3,1877634,371044,14959755,36108284,84512,36685,25521,58468,37208,0,0,0,37.59,196.2,614.5,299617,122235,166303,1497,9582,86,390,93,0,0,0,"7380,2069,3934,5937,8126,15638,26598,56176,61025,63151,41827,7756,0,0,0,0,0,0,0,0,0,0,0,0","98,95,341,446,889,920,2772,6548,12653,23603,52859,19973,0,0,0,0,0,0,0,0,0,0,0,0"
grid_10x10_d4_tradeoff_cyc1/g10d4c1_apex.mvh,kd_X0_stale,0,True,11330,47305,83990,17560,0.8302,1.6,39.1,26.2,12.4,4.9,5.3,0.3,2146437,421559,14959755,41052048,84512,36685,25521,58468,37208,0,0,0,37.59,196.2,614.5,299617,122235,166303,1497,9582,86,349,93,0,0,0,"7380,2069,3934,5937,8126,15638,26598,56176,61025,63151,41827,7756,0,0,0,0,0,0,0,0,0,0,0,0","98,95,341,446,889,920,2772,6548,12653,23603,52859,19973,0,0,0,0,0,0,0,0,0,0,0,0"
grid_10x10_d4_tradeoff_cyc1/g10d4c1_apex.mvh,bk16_X0,0,True,11330,47305,83990,17560,1.1632,1.4,45.6,27.0,9.7,3.7,4.3,0.4,2198528,637971,14959755,23544095,84512,36685,25521,58468,37208,0,0,0,37.59,196.2,614.5,299617,122235,166303,1497,9582,86,349,93,0,0,0,"7380,2069,3934,5937,8126,15638,26598,56176,61025,63151,41827,7756,0,0,0,0,0,0,0,0,0,0,0,0","98,95,341,446,889,920,2772,6548,12653,23603,52859,19973,0,0,0,0,0,0,0,0,0,0,0,0"
grid_10x10_d4_tradeoff_cyc1/g10d4c1_apex.mvh,bk16_X32,0,True,11330,47305,83990,17560,1.2293,1.4,43.5,28.8,9.7,3.7,4.2,0.3,2360704,659979,14959755,24093023,84512,36685,25521,58468,37208,0,0,0,37.59,196.2,614.5,299617,122235,166303,1497,9582,43,309,93,0,0,0,"7380,2069,3934,5937,8126,15638,26598,56176,61025,63151,41827,7756,0,0,0,0,0,0,0,0,0,0,0,0","98,95,341,446,889,920,2772,6548,12653,23603,52859,19973,0,0,0,0,0,0,0,0,0,0,0,0"
grid_10x10_d4_tradeoff_cyc1/g10d4c1_apex.mvh,bk16_X64,0,True,11330,47305,83990,17560,1.1674,1.6,42.5,27.3,10.5,4.2,4.5,0.3,2816639,756837,14959755,24186626,84512,36685,25521,58468,37208,0,0,0,37.59,196.2,614.5,299617,122235,166303,1497,9582,36,272,93,0,0,0,"7380,2069,3934,5937,8126,15638,26598,56176,61025,63151,41827,7756,0,0,0,0,0,0,0,0,0,0,0,0","98,95,341,446,889,920,2772,6548,12653,23603,52859,19973,0,0,0,0,0,0,0,0,0,0,0,0"
grid_10x10_d4_tradeoff_cyc1/g10d4c1_apex.mvh,bk16_X128,0,True,11330,47305,83990,17560,1.3832,1.5,44.1,26.4,10.2,3.8,4.4,0.3,4895278,1256521,14959755,25214244,84512,36685,25521,58468,37208,0,0,0,37.59,196.2,614.5,299617,122235,166303,1497,9582,21,203,93,0,0,0,"7380,2069,3934,5937,8126,15638,26598,56176,61025,63151,41827,7756,0,0,0,0,0,0,0,0,0,0,0,0","98,95,341,446,889,920,2772,6548,12653,23603,52859,19973,0,0,0,0,0,0,0,0,0,0,0,0"
grid_10x10_d4_tradeoff_cyc1/g10d4c1_apex.mvh,bk16_X256,0,True,11330,47305,83990,17560,1.4268,1.4,43.5,25.7,10.7,3.8,4.5,0.3,10064144,2687988,14959755,29242018,84512,36685,25521,58468,37208,0,0,0,37.59,196.2,614.5,299617,122235,166303,1497,9582,11,128,93,0,0,0,"7380,2069,3934,5937,8126,15638,26598,56176,61025,63151,41827,7756,0,0,0,0,0,0,0,0,0,0,0,0","98,95,341,446,889,920,2772,6548,12653,23603,52859,19973,0,0,0,0,0,0,0,0,0,0,0,0"
grid_10x10_d4_tradeoff_cyc1/g10d4c1_apex.mvh,bk8_X0,0,True,11330,47305,83990,17560,1.5329,1.3,43.9,27.5,10.1,3.6,4.7,0.2,1125509,317998,14959755,15212584,84512,36685,25521,58468,37208,0,0,0,37.59,196.2,614.5,299617,122235,166303,1497,9582,86,349,93,0,0,0,"7380,2069,3934,5937,8126,15638,26598,56176,61025,63151,41827,7756,0,0,0,0,0,0,0,0,0,0,0,0","98,95,341,446,889,920,2772,6548,12653,23603,52859,19973,0,0,0,0,0,0,0,0,0,0,0,0"
grid_10x10_d4_tradeoff_cyc1/g10d4c1_apex.mvh,bk32_X0,0,True,11330,47305,83990,17560,1.2359,1.7,47.0,23.0,10.9,4.2,4.6,0.2,4219027,1206733,14959755,38217220,84512,36685,25521,58468,37208,0,0,0,37.59,196.2,614.5,299617,122235,166303,1497,9582,86,349,93,0,0,0,"7380,2069,3934,5937,8126,15638,26598,56176,61025,63151,41827,7756,0,0,0,0,0,0,0,0,0,0,0,0","98,95,341,446,889,920,2772,6548,12653,23603,52859,19973,0,0,0,0,0,0,0,0,0,0,0,0"
grid_10x10_d4_tradeoff_cyc1/g10d4c1_apex.mvh,flat_lw,0,True,11330,47305,83990,17560,1.2717,6.2,30.0,21.8,18.1,4.2,8.6,0.2,86695379,18567538,14959755,242624210,84512,36685,25521,58468,37208,0,0,0,37.59,196.2,614.5,299617,122235,166303,1497,9582,0,0,93,0,0,0,"7380,2069,3934,5937,8126,15638,26598,56176,61025,63151,41827,7756,0,0,0,0,0,0,0,0,0,0,0,0","98,95,341,446,889,920,2772,6548,12653,23603,52859,19973,0,0,0,0,0,0,0,0,0,0,0,0"
grid_10x10_d4_tradeoff_cyc1/g10d4c1_apex.mvh,flat,1,True,11330,47305,83990,17560,1.6270,6.0,33.0,21.4,17.4,4.1,8.1,0.2,87066059,18567538,14959755,306370544,84512,36685,25521,58468,37208,0,0,0,37.59,196.2,614.5,299617,122235,166303,1497,9582,0,0,93,0,0,0,"7380,2069,3934,5937,8126,15638,26598,56176,61025,63151,41827,7756,0,0,0,0,0,0,0,0,0,0,0,0","98,95,341,446,889,920,2772,6548,12653,23603,52859,19973,0,0,0,0,0,0,0,0,0,0,0,0"
grid_10x10_d4_tradeoff_cyc1/g10d4c1_apex.mvh,kd_X0,1,True,11330,47305,83990,17560,0.9759,1.5,38.4,25.7,12.5,4.9,5.5,0.3,2146437,421559,14959755,41052048,84512,36685,25521,58468,37208,0,0,0,37.59,196.2,614.5,299617,122235,166303,1497,9582,86,349,93,0,0,0,"7380,2069,3934,5937,8126,15638,26598,56176,61025,63151,41827,7756,0,0,0,0,0,0,0,0,0,0,0,0","98,95,341,446,889,920,2772,6548,12653,23603,52859,19973,0,0,0,0,0,0,0,0,0,0,0,0"
grid_10x10_d4_tradeoff_cyc1/g10d4c1_apex.mvh,kd_X16,1,True,11330,47305,83990,17560,0.7839,1.6,39.3,26.0,12.4,4.9,5.3,0.4,2219558,427798,14959755,42615379,84512,36685,25521,58468,37208,0,0,0,37.59,196.2,614.5,299617,122235,166303,1497,9582,52,329,93,0,0,0,"7380,2069,3934,5937,8126,15638,26598,56176,61025,63151,41827,7756,0,0,0,0,0,0,0,0,0,0,0,0","98,95,341,446,889,920,2772,6548,12653,23603,52859,19973,0,0,0,0,0,0,0,0,0,0,0,0"
grid_10x10_d4_tradeoff_cyc1/g10d4c1_apex.mvh,kd_X32,1,True,11330,47305,83990,17560,0.7978,1.5,39.4,26.8,12.1,4.8,5.2,0.3,2350901,458827,14959755,42736097,84512,36685,25521,58468,37208,0,0,0,37.59,196.2,614.5,299617,122235,166303,1497,9582,43,309,93,0,0,0,"7380,2069,3934,5937,8126,15638,26598,56176,61025,63151,41827,7756,0,0,0,0,0,0,0,0,0,0,0,0","98,95,341,446,889,920,2772,6548,12653,23603,52859,19973,0,0,0,0,0,0,0,0,0,0,0,0"
grid_10x10_d4_tradeoff_cyc1/g10d4c1_apex.mvh,kd_X64,1,True,11330,47305,83990,17560,0.7857,1.6,39.5,26.3,12.3,5.0,5.1,0.3,2894883,589585,14959755,43083139,84512,36685,25521,58468,37208,0,0,0,37.59,196.2,614.5,299617,122235,166303,1497,9582,36,272,93,0,0,0,"7380,2069,3934,5937,8126,15638,26598,56176,61025,63151,41827,7756,0,0,0,0,0,0,0,0,0,0,0,0","98,95,341,446,889,920,2772,6548,12653,23603,52859,19973,0,0,0,0,0,0,0,0,0,0,0,0"
grid_10x10_d4_tradeoff_cyc1/g10d4c1_apex.mvh,kd_X128,1,True,11330,47305,83990,17560,0.9155,1.8,38.0,25.4,12.7,5.0,5.1,0.4,5041512,1140517,14959755,41734984,84512,36685,25521,58468,37208,0,0,0,37.59,196.2,614.5,299617,122235,166303,1497,9582,21,203,93,0,0,0,"7380,2069,3934,5937,8126,15638,26598,56176,61025,63151,41827,7756,0,0,0,0,0,0,0,0,0,0,0,0","98,95,341,446,889,920,2772,6548,12653,23603,52859,19973,0,0,0,0,0,0,0,0,0,0,0,0"
grid_10x10_d4_tradeoff_cyc1/g10d4c1_apex.mvh,kd_X256,1,True,11330,47305,83990,17560,0.7156,1.7,38.8,26.1,13.2,5.0,5.2,0.3,10269994,2624978,14959755,46261173,84512,36685,25521,58468,37208,0,0,0,37.59,196.2,614.5,299617,122235,166303,1497,9582,11,128,93,0,0,0,"7380,2069,3934,5937,8126,15638,26598,56176,61025,63151,41827,7756,0,0,0,0,0,0,0,0,0,0,0,0","98,95,341,446,889,920,2772,6548,12653,23603,52859,19973,0,0,0,0,0,0,0,0,0,0,0,0"
grid_10x10_d4_tradeoff_cyc1/g10d4c1_apex.mvh,kd_X512,1,True,11330,47305,83990,17560,0.7445,2.0,37.5,23.9,15.3,5.0,6.2,0.3,24178254,6525633,14959755,66617953,84512,36685,25521,58468,37208,0,0,0,37.59,196.2,614.5,299617,122235,166303,1497,9582,5,57,93,0,0,0,"7380,2069,3934,5937,8126,15638,26598,56176,61025,63151,41827,7756,0,0,0,0,0,0,0,0,0,0,0,0","98,95,341,446,889,920,2772,6548,12653,23603,52859,19973,0,0,0,0,0,0,0,0,0,0,0,0"
grid_10x10_d4_tradeoff_cyc1/g10d4c1_apex.mvh,kd_X0_rb2x,1,True,11330,47305,83990,17560,1.1058,1.5,40.6,24.1,13.3,5.2,4.7,0.2,1877634,371044,14959755,36108284,84512,36685,25521,58468,37208,0,0,0,37.59,196.2,614.5,299617,122235,166303,1497,9582,86,390,93,0,0,0,"7380,2069,3934,5937,8126,15638,26598,56176,61025,63151,41827,7756,0,0,0,0,0,0,0,0,0,0,0,0","98,95,341,446,889,920,2772,6548,12653,23603,52859,19973,0,0,0,0,0,0,0,0,0,0,0,0"
grid_10x10_d4_tradeoff_cyc1/g10d4c1_apex.mvh,kd_X0_stale,1,True,11330,47305,83990,17560,1.0289,1.7,40.0,24.7,12.2,4.7,5.2,0.5,2146437,421559,14959755,41052048,84512,36685,25521,58468,37208,0,0,0,37.59,196.2,614.5,299617,122235,166303,1497,9582,86,349,93,0,0,0,"7380,2069,3934,5937,8126,15638,26598,56176,61025,63151,41827,7756,0,0,0,0,0,0,0,0,0,0,0,0","98,95,341,446,889,920,2772,6548,12653,23603,52859,19973,0,0,0,0,0,0,0,0,0,0,0,0"
grid_10x10_d4_tradeoff_cyc1/g10d4c1_apex.mvh,bk16_X0,1,True,11330,47305,83990,17560,1.2820,1.3,44.1,27.9,10.0,3.8,4.1,0.3,2198528,637971,14959755,23544095,84512,36685,25521,58468,37208,0,0,0,37.59,196.2,614.5,299617,122235,166303,1497,9582,86,349,93,0,0,0,"7380,2069,3934,5937,8126,15638,26598,56176,61025,63151,41827,7756,0,0,0,0,0,0,0,0,0,0,0,0","98,95,341,446,889,920,2772,6548,12653,23603,52859,19973,0,0,0,0,0,0,0,0,0,0,0,0"
grid_10x10_d4_tradeoff_cyc1/g10d4c1_apex.mvh,bk16_X32,1,True,11330,47305,83990,17560,0.9111,1.4,43.0,28.0,10.3,4.0,4.5,0.3,2360704,659979,14959755,24093023,84512,36685,25521,58468,37208,0,0,0,37.59,196.2,614.5,299617,122235,166303,1497,9582,43,309,93,0,0,0,"7380,2069,3934,5937,8126,15638,26598,56176,61025,63151,41827,7756,0,0,0,0,0,0,0,0,0,0,0,0","98,95,341,446,889,920,2772,6548,12653,23603,52859,19973,0,0,0,0,0,0,0,0,0,0,0,0"
grid_10x10_d4_tradeoff_cyc1/g10d4c1_apex.mvh,bk16_X64,1,True,11330,47305,83990,17560,0.8459,1.5,43.1,27.6,10.6,4.2,4.5,0.2,2816639,756837,14959755,24186626,84512,36685,25521,58468,37208,0,0,0,37.59,196.2,614.5,299617,122235,166303,1497,9582,36,272,93,0,0,0,"7380,2069,3934,5937,8126,15638,26598,56176,61025,63151,41827,7756,0,0,0,0,0,0,0,0,0,0,0,0","98,95,341,446,889,920,2772,6548,12653,23603,52859,19973,0,0,0,0,0,0,0,0,0,0,0,0"
grid_10x10_d4_tradeoff_cyc1/g10d4c1_apex.mvh,bk16_X128,1,True,11330,47305,83990,17560,0.9391,1.4,44.8,27.2,10.2,3.9,4.3,0.3,4895278,1256521,14959755,25214244,84512,36685,25521,58468,37208,0,0,0,37.59,196.2,614.5,299617,122235,166303,1497,9582,21,203,93,0,0,0,"7380,2069,3934,5937,8126,15638,26598,56176,61025,63151,41827,7756,0,0,0,0,0,0,0,0,0,0,0,0","98,95,341,446,889,920,2772,6548,12653,23603,52859,19973,0,0,0,0,0,0,0,0,0,0,0,0"
grid_10x10_d4_tradeoff_cyc1/g10d4c1_apex.mvh,bk16_X256,1,True,11330,47305,83990,17560,0.8372,1.5,43.3,26.7,11.1,4.1,4.6,0.3,10064144,2687988,14959755,29242018,84512,36685,25521,58468,37208,0,0,0,37.59,196.2,614.5,299617,122235,166303,1497,9582,11,128,93,0,0,0,"7380,2069,3934,5937,8126,15638,26598,56176,61025,63151,41827,7756,0,0,0,0,0,0,0,0,0,0,0,0","98,95,341,446,889,920,2772,6548,12653,23603,52859,19973,0,0,0,0,0,0,0,0,0,0,0,0"
grid_10x10_d4_tradeoff_cyc1/g10d4c1_apex.mvh,bk8_X0,1,True,11330,47305,83990,17560,0.9639,1.4,43.8,27.7,10.3,4.0,4.8,0.2,1125509,317998,14959755,15212584,84512,36685,25521,58468,37208,0,0,0,37.59,196.2,614.5,299617,122235,166303,1497,9582,86,349,93,0,0,0,"7380,2069,3934,5937,8126,15638,26598,56176,61025,63151,41827,7756,0,0,0,0,0,0,0,0,0,0,0,0","98,95,341,446,889,920,2772,6548,12653,23603,52859,19973,0,0,0,0,0,0,0,0,0,0,0,0"
grid_10x10_d4_tradeoff_cyc1/g10d4c1_apex.mvh,bk32_X0,1,True,11330,47305,83990,17560,0.7783,1.5,42.8,27.3,10.9,4.3,4.3,0.3,4219027,1206733,14959755,38217220,84512,36685,25521,58468,37208,0,0,0,37.59,196.2,614.5,299617,122235,166303,1497,9582,86,349,93,0,0,0,"7380,2069,3934,5937,8126,15638,26598,56176,61025,63151,41827,7756,0,0,0,0,0,0,0,0,0,0,0,0","98,95,341,446,889,920,2772,6548,12653,23603,52859,19973,0,0,0,0,0,0,0,0,0,0,0,0"
grid_10x10_d4_tradeoff_cyc1/g10d4c1_apex.mvh,flat_lw,1,True,11330,47305,83990,17560,0.7900,6.3,29.4,23.1,18.8,4.4,8.7,0.2,86695379,18567538,14959755,242624210,84512,36685,25521,58468,37208,0,0,0,37.59,196.2,614.5,299617,122235,166303,1497,9582,0,0,93,0,0,0,"7380,2069,3934,5937,8126,15638,26598,56176,61025,63151,41827,7756,0,0,0,0,0,0,0,0,0,0,0,0","98,95,341,446,889,920,2772,6548,12653,23603,52859,19973,0,0,0,0,0,0,0,0,0,0,0,0"
grid_10x10_d4_tradeoff_cyc1/g10d4c1_apex.mvh,flat,2,True,11330,47305,83990,17560,0.8501,5.9,32.8,23.0,17.5,4.0,8.0,0.2,87066059,18567538,14959755,306370544,84512,36685,25521,58468,37208,0,0,0,37.59,196.2,614.5,299617,122235,166303,1497,9582,0,0,93,0,0,0,"7380,2069,3934,5937,8126,15638,26598,56176,61025,63151,41827,7756,0,0,0,0,0,0,0,0,0,0,0,0","98,95,341,446,889,920,2772,6548,12653,23603,52859,19973,0,0,0,0,0,0,0,0,0,0,0,0"
grid_10x10_d4_tradeoff_cyc1/g10d4c1_apex.mvh,kd_X0,2,True,11330,47305,83990,17560,0.8020,1.6,38.6,26.4,12.5,4.9,5.4,0.4,2146437,421559,14959755,41052048,84512,36685,25521,58468,37208,0,0,0,37.59,196.2,614.5,299617,122235,166303,1497,9582,86,349,93,0,0,0,"7380,2069,3934,5937,8126,15638,26598,56176,61025,63151,41827,7756,0,0,0,0,0,0,0,0,0,0,0,0","98,95,341,446,889,920,2772,6548,12653,23603,52859,19973,0,0,0,0,0,0,0,0,0,0,0,0"
grid_10x10_d4_tradeoff_cyc1/g10d4c1_apex.mvh,kd_X16,2,True,11330,47305,83990,17560,0.9904,1.5,38.3,25.3,12.6,4.9,5.3,0.3,2219558,427798,14959755,42615379,84512,36685,25521,58468,37208,0,0,0,37.59,196.2,614.5,299617,122235,166303,1497,9582,52,329,93,0,0,0,"7380,2069,3934,5937,8126,15638,26598,56176,61025,63151,41827,7756,0,0,0,0,0,0,0,0,0,0,0,0","98,95,341,446,889,920,2772,6548,12653,23603,52859,19973,0,0,0,0,0,0,0,0,0,0,0,0"
grid_10x10_d4_tradeoff_cyc1/g10d4c1_apex.mvh,kd_X32,2,True,11330,47305,83990,17560,0.7224,1.6,39.5,27.1,11.9,4.8,5.1,0.4,2350901,458827,14959755,42736097,84512,36685,25521,58468,37208,0,0,0,37.59,196.2,614.5,299617,122235,166303,1497,9582,43,309,93,0,0,0,"7380,2069,3934,5937,8126,15638,26598,56176,61025,63151,41827,7756,0,0,0,0,0,0,0,0,0,0,0,0","98,95,341,446,889,920,2772,6548,12653,23603,52859,19973,0,0,0,0,0,0,0,0,0,0,0,0"
grid_10x10_d4_tradeoff_cyc1/g10d4c1_apex.mvh,kd_X64,2,True,11330,47305,83990,17560,0.7186,1.6,38.9,27.2,12.1,5.0,5.1,0.3,2894883,589585,14959755,43083139,84512,36685,25521,58468,37208,0,0,0,37.59,196.2,614.5,299617,122235,166303,1497,9582,36,272,93,0,0,0,"7380,2069,3934,5937,8126,15638,26598,56176,61025,63151,41827,7756,0,0,0,0,0,0,0,0,0,0,0,0","98,95,341,446,889,920,2772,6548,12653,23603,52859,19973,0,0,0,0,0,0,0,0,0,0,0,0"
grid_10x10_d4_tradeoff_cyc1/g10d4c1_apex.mvh,kd_X128,2,True,11330,47305,83990,17560,0.6569,1.6,38.7,26.6,12.6,5.2,5.1,0.3,5041512,1140517,14959755,41734984,84512,36685,25521,58468,37208,0,0,0,37.59,196.2,614.5,299617,122235,166303,1497,9582,21,203,93,0,0,0,"7380,2069,3934,5937,8126,15638,26598,56176,61025,63151,41827,7756,0,0,0,0,0,0,0,0,0,0,0,0","98,95,341,446,889,920,2772,6548,12653,23603,52859,19973,0,0,0,0,0,0,0,0,0,0,0,0"
grid_10x10_d4_tradeoff_cyc1/g10d4c1_apex.mvh,kd_X256,2,True,11330,47305,83990,17560,0.6945,1.6,40.4,24.9,13.3,5.3,5.1,0.3,10269994,2624978,14959755,46261173,84512,36685,25521,58468,37208,0,0,0,37.59,196.2,614.5,299617,122235,166303,1497,9582,11,128,93,0,0,0,"7380,2069,3934,5937,8126,15638,26598,56176,61025,63151,41827,7756,0,0,0,0,0,0,0,0,0,0,0,0","98,95,341,446,889,920,2772,6548,12653,23603,52859,19973,0,0,0,0,0,0,0,0,0,0,0,0"
grid_10x10_d4_tradeoff_cyc1/g10d4c1_apex.mvh,kd_X512,2,True,11330,47305,83990,17560,0.7772,1.9,38.6,22.4,15.9,5.3,6.2,0.3,24178254,6525633,14959755,66617953,84512,36685,25521,58468,37208,0,0,0,37.59,196.2,614.5,299617,122235,166303,1497,9582,5,57,93,0,0,0,"7380,2069,3934,5937,8126,15638,26598,56176,61025,63151,41827,7756,0,0,0,0,0,0,0,0,0,0,0,0","98,95,341,446,889,920,2772,6548,12653,23603,52859,19973,0,0,0,0,0,0,0,0,0,0,0,0"
grid_10x10_d4_tradeoff_cyc1/g10d4c1_apex.mvh,kd_X0_rb2x,2,True,11330,47305,83990,17560,0.9708,1.6,38.8,26.4,12.4,4.6,4.7,0.3,1877634,371044,14959755,36108284,84512,36685,25521,58468,37208,0,0,0,37.59,196.2,614.5,299617,122235,166303,1497,9582,86,390,93,0,0,0,"7380,2069,3934,5937,8126,15638,26598,56176,61025,63151,41827,7756,0,0,0,0,0,0,0,0,0,0,0,0","98,95,341,446,889,920,2772,6548,12653,23603,52859,19973,0,0,0,0,0,0,0,0,0,0,0,0"
grid_10x10_d4_tradeoff_cyc1/g10d4c1_apex.mvh,kd_X0_stale,2,True,11330,47305,83990,17560,0.9454,1.5,37.9,24.9,14.3,4.9,5.4,0.3,2146437,421559,14959755,41052048,84512,36685,25521,58468,37208,0,0,0,37.59,196.2,614.5,299617,122235,166303,1497,9582,86,349,93,0,0,0,"7380,2069,3934,5937,8126,15638,26598,56176,61025,63151,41827,7756,0,0,0,0,0,0,0,0,0,0,0,0","98,95,341,446,889,920,2772,6548,12653,23603,52859,19973,0,0,0,0,0,0,0,0,0,0,0,0"
grid_10x10_d4_tradeoff_cyc1/g10d4c1_apex.mvh,bk16_X0,2,True,11330,47305,83990,17560,1.0022,1.4,43.1,27.5,10.4,4.0,4.5,0.2,2198528,637971,14959755,23544095,84512,36685,25521,58468,37208,0,0,0,37.59,196.2,614.5,299617,122235,166303,1497,9582,86,349,93,0,0,0,"7380,2069,3934,5937,8126,15638,26598,56176,61025,63151,41827,7756,0,0,0,0,0,0,0,0,0,0,0,0","98,95,341,446,889,920,2772,6548,12653,23603,52859,19973,0,0,0,0,0,0,0,0,0,0,0,0"
grid_10x10_d4_tradeoff_cyc1/g10d4c1_apex.mvh,bk16_X32,2,True,11330,47305,83990,17560,0.8787,1.4,43.5,26.5,10.3,4.0,4.6,0.2,2360704,659979,14959755,24093023,84512,36685,25521,58468,37208,0,0,0,37.59,196.2,614.5,299617,122235,166303,1497,9582,43,309,93,0,0,0,"7380,2069,3934,5937,8126,15638,26598,56176,61025,63151,41827,7756,0,0,0,0,0,0,0,0,0,0,0,0","98,95,341,446,889,920,2772,6548,12653,23603,52859,19973,0,0,0,0,0,0,0,0,0,0,0,0"
grid_10x10_d4_tradeoff_cyc1/g10d4c1_apex.mvh,bk16_X64,2,True,11330,47305,83990,17560,0.8542,1.5,44.2,26.5,10.9,4.4,4.6,0.2,2816639,756837,14959755,24186626,84512,36685,25521,58468,37208,0,0,0,37.59,196.2,614.5,299617,122235,166303,1497,9582,36,272,93,0,0,0,"7380,2069,3934,5937,8126,15638,26598,56176,61025,63151,41827,7756,0,0,0,0,0,0,0,0,0,0,0,0","98,95,341,446,889,920,2772,6548,12653,23603,52859,19973,0,0,0,0,0,0,0,0,0,0,0,0"
grid_10x10_d4_tradeoff_cyc1/g10d4c1_apex.mvh,bk16_X128,2,True,11330,47305,83990,17560,0.9740,1.5,43.4,27.6,10.3,3.9,4.4,0.2,4895278,1256521,14959755,25214244,84512,36685,25521,58468,37208,0,0,0,37.59,196.2,614.5,299617,122235,166303,1497,9582,21,203,93,0,0,0,"7380,2069,3934,5937,8126,15638,26598,56176,61025,63151,41827,7756,0,0,0,0,0,0,0,0,0,0,0,0","98,95,341,446,889,920,2772,6548,12653,23603,52859,19973,0,0,0,0,0,0,0,0,0,0,0,0"
grid_10x10_d4_tradeoff_cyc1/g10d4c1_apex.mvh,bk16_X256,2,True,11330,47305,83990,17560,1.0223,1.5,42.5,27.3,11.2,4.2,4.5,0.2,10064144,2687988,14959755,29242018,84512,36685,25521,58468,37208,0,0,0,37.59,196.2,614.5,299617,122235,166303,1497,9582,11,128,93,0,0,0,"7380,2069,3934,5937,8126,15638,26598,56176,61025,63151,41827,7756,0,0,0,0,0,0,0,0,0,0,0,0","98,95,341,446,889,920,2772,6548,12653,23603,52859,19973,0,0,0,0,0,0,0,0,0,0,0,0"
grid_10x10_d4_tradeoff_cyc1/g10d4c1_apex.mvh,bk8_X0,2,True,11330,47305,83990,17560,0.9232,1.4,44.1,27.1,10.3,3.9,4.9,0.2,1125509,317998,14959755,15212584,84512,36685,25521,58468,37208,0,0,0,37.59,196.2,614.5,299617,122235,166303,1497,9582,86,349,93,0,0,0,"7380,2069,3934,5937,8126,15638,26598,56176,61025,63151,41827,7756,0,0,0,0,0,0,0,0,0,0,0,0","98,95,341,446,889,920,2772,6548,12653,23603,52859,19973,0,0,0,0,0,0,0,0,0,0,0,0"
grid_10x10_d4_tradeoff_cyc1/g10d4c1_apex.mvh,bk32_X0,2,True,11330,47305,83990,17560,0.7906,1.5,42.6,27.2,11.0,4.4,4.4,0.3,4219027,1206733,14959755,38217220,84512,36685,25521,58468,37208,0,0,0,37.59,196.2,614.5,299617,122235,166303,1497,9582,86,349,93,0,0,0,"7380,2069,3934,5937,8126,15638,26598,56176,61025,63151,41827,7756,0,0,0,0,0,0,0,0,0,0,0,0","98,95,341,446,889,920,2772,6548,12653,23603,52859,19973,0,0,0,0,0,0,0,0,0,0,0,0"
grid_10x10_d4_tradeoff_cyc1/g10d4c1_apex.mvh,flat_lw,2,True,11330,47305,83990,17560,0.8433,6.3,29.5,22.8,18.5,4.4,8.5,0.2,86695379,18567538,14959755,242624210,84512,36685,25521,58468,37208,0,0,0,37.59,196.2,614.5,299617,122235,166303,1497,9582,0,0,93,0,0,0,"7380,2069,3934,5937,8126,15638,26598,56176,61025,63151,41827,7756,0,0,0,0,0,0,0,0,0,0,0,0","98,95,341,446,889,920,2772,6548,12653,23603,52859,19973,0,0,0,0,0,0,0,0,0,0,0,0"
grid15_M3_r-0.6_s42/A200.mvh,flat,0,True,2776,170052,338227,9182,0.7776,1.4,4.2,3.6,18.7,0.5,4.1,0.1,27566060,4275869,1767016,40009523,333024,19203,326950,11276,14001,0,0,0,0.35,200.0,24.3,1552560,501290,1048445,1039,1786,0,0,211,0,0,0,"7027,4865,18740,56378,251402,834863,379285,0,0,0,0,0,0,0,0,0,0,0,0,0,0,0,0,0","28758,1593,11948,37065,28004,97726,147133,0,0,0,0,0,0,0,0,0,0,0,0,0,0,0,0,0"
grid15_M3_r-0.6_s42/A200.mvh,kd_X0,0,True,2776,170052,338227,9182,0.9143,0.9,4.2,6.6,21.4,0.4,6.8,0.1,2183555,351568,1767016,5861871,333024,19203,326950,11276,14001,0,0,0,0.35,200.0,24.3,1552560,501290,1048445,1039,1786,225,2298,211,0,0,0,"7027,4865,18740,56378,251402,834863,379285,0,0,0,0,0,0,0,0,0,0,0,0,0,0,0,0,0","28758,1593,11948,37065,28004,97726,147133,0,0,0,0,0,0,0,0,0,0,0,0,0,0,0,0,0"
grid15_M3_r-0.6_s42/A200.mvh,kd_X16,0,True,2776,170052,338227,9182,0.8942,1.0,3.8,5.2,21.7,0.4,6.5,0.1,3290718,489135,1767016,6842955,333024,19203,326950,11276,14001,0,0,0,0.35,200.0,24.3,1552560,501290,1048445,1039,1786,171,2031,211,0,0,0,"7027,4865,18740,56378,251402,834863,379285,0,0,0,0,0,0,0,0,0,0,0,0,0,0,0,0,0","28758,1593,11948,37065,28004,97726,147133,0,0,0,0,0,0,0,0,0,0,0,0,0,0,0,0,0"
grid15_M3_r-0.6_s42/A200.mvh,kd_X32,0,True,2776,170052,338227,9182,0.8150,1.1,3.9,4.5,19.9,0.4,5.4,0.1,10296408,1606148,1767016,11726364,333024,19203,326950,11276,14001,0,0,0,0.35,200.0,24.3,1552560,501290,1048445,1039,1786,89,1178,211,0,0,0,"7027,4865,18740,56378,251402,834863,379285,0,0,0,0,0,0,0,0,0,0,0,0,0,0,0,0,0","28758,1593,11948,37065,28004,97726,147133,0,0,0,0,0,0,0,0,0,0,0,0,0,0,0,0,0"
grid15_M3_r-0.6_s42/A200.mvh,kd_X64,0,True,2776,170052,338227,9182,0.8179,1.4,4.2,3.6,18.7,0.4,4.0,0.1,27566060,4275869,1767016,40009523,333024,19203,326950,11276,14001,0,0,0,0.35,200.0,24.3,1552560,501290,1048445,1039,1786,0,0,211,0,0,0,"7027,4865,18740,56378,251402,834863,379285,0,0,0,0,0,0,0,0,0,0,0,0,0,0,0,0,0","28758,1593,11948,37065,28004,97726,147133,0,0,0,0,0,0,0,0,0,0,0,0,0,0,0,0,0"
grid15_M3_r-0.6_s42/A200.mvh,kd_X128,0,True,2776,170052,338227,9182,0.8294,1.4,4.1,3.5,18.6,0.4,4.0,0.1,27566060,4275869,1767016,40009523,333024,19203,326950,11276,14001,0,0,0,0.35,200.0,24.3,1552560,501290,1048445,1039,1786,0,0,211,0,0,0,"7027,4865,18740,56378,251402,834863,379285,0,0,0,0,0,0,0,0,0,0,0,0,0,0,0,0,0","28758,1593,11948,37065,28004,97726,147133,0,0,0,0,0,0,0,0,0,0,0,0,0,0,0,0,0"
grid15_M3_r-0.6_s42/A200.mvh,kd_X256,0,True,2776,170052,338227,9182,0.7989,1.4,4.2,3.6,18.5,0.5,4.0,0.1,27566060,4275869,1767016,40009523,333024,19203,326950,11276,14001,0,0,0,0.35,200.0,24.3,1552560,501290,1048445,1039,1786,0,0,211,0,0,0,"7027,4865,18740,56378,251402,834863,379285,0,0,0,0,0,0,0,0,0,0,0,0,0,0,0,0,0","28758,1593,11948,37065,28004,97726,147133,0,0,0,0,0,0,0,0,0,0,0,0,0,0,0,0,0"
grid15_M3_r-0.6_s42/A200.mvh,kd_X512,0,True,2776,170052,338227,9182,0.7894,1.4,4.2,3.6,18.7,0.4,4.0,0.1,27566060,4275869,1767016,40009523,333024,19203,326950,11276,14001,0,0,0,0.35,200.0,24.3,1552560,501290,1048445,1039,1786,0,0,211,0,0,0,"7027,4865,18740,56378,251402,834863,379285,0,0,0,0,0,0,0,0,0,0,0,0,0,0,0,0,0","28758,1593,11948,37065,28004,97726,147133,0,0,0,0,0,0,0,0,0,0,0,0,0,0,0,0,0"
grid15_M3_r-0.6_s42/A200.mvh,kd_X0_rb2x,0,True,2776,170052,338227,9182,1.4586,1.0,4.0,5.0,20.4,0.4,6.5,0.1,2691471,442174,1767016,6692283,333024,19203,326950,11276,14001,0,0,0,0.35,200.0,24.3,1552560,501290,1048445,1039,1786,225,5520,211,0,0,0,"7027,4865,18740,56378,251402,834863,379285,0,0,0,0,0,0,0,0,0,0,0,0,0,0,0,0,0","28758,1593,11948,37065,28004,97726,147133,0,0,0,0,0,0,0,0,0,0,0,0,0,0,0,0,0"
grid15_M3_r-0.6_s42/A200.mvh,kd_X0_stale,0,True,2776,170052,338227,9182,1.4379,0.9,4.5,6.4,21.8,0.4,6.8,0.1,2183555,351568,1767016,5861871,333024,19203,326950,11276,14001,0,0,0,0.35,200.0,24.3,1552560,501290,1048445,1039,1786,225,2298,211,0,0,0,"7027,4865,18740,56378,251402,834863,379285,0,0,0,0,0,0,0,0,0,0,0,0,0,0,0,0,0","28758,1593,11948,37065,28004,97726,147133,0,0,0,0,0,0,0,0,0,0,0,0,0,0,0,0,0"
grid15_M3_r-0.6_s42/A200.mvh,bk16_X0,0,True,2776,170052,338227,9182,1.4090,1.2,4.7,6.3,20.3,0.4,4.9,0.1,4982222,1245363,1767016,8247572,333024,19203,326950,11276,14001,0,0,0,0.35,200.0,24.3,1552560,501290,1048445,1039,1786,225,2298,211,0,0,0,"7027,4865,18740,56378,251402,834863,379285,0,0,0,0,0,0,0,0,0,0,0,0,0,0,0,0,0","28758,1593,11948,37065,28004,97726,147133,0,0,0,0,0,0,0,0,0,0,0,0,0,0,0,0,0"
grid15_M3_r-0.6_s42/A200.mvh,bk16_X32,0,True,2776,170052,338227,9182,0.7823,1.1,4.6,5.7,19.7,0.4,4.7,0.1,11541760,2033905,1767016,12863807,333024,19203,326950,11276,14001,0,0,0,0.35,200.0,24.3,1552560,501290,1048445,1039,1786,89,1178,211,0,0,0,"7027,4865,18740,56378,251402,834863,379285,0,0,0,0,0,0,0,0,0,0,0,0,0,0,0,0,0","28758,1593,11948,37065,28004,97726,147133,0,0,0,0,0,0,0,0,0,0,0,0,0,0,0,0,0"
grid15_M3_r-0.6_s42/A200.mvh,bk16_X64,0,True,2776,170052,338227,9182,0.7638,1.4,4.2,3.6,18.6,0.5,4.0,0.1,27566060,4275869,1767016,40009523,333024,19203,326950,11276,14001,0,0,0,0.35,200.0,24.3,1552560,501290,1048445,1039,1786,0,0,211,0,0,0,"7027,4865,18740,56378,251402,834863,379285,0,0,0,0,0,0,0,0,0,0,0,0,0,0,0,0,0","28758,1593,11948,37065,28004,97726,147133,0,0,0,0,0,0,0,0,0,0,0,0,0,0,0,0,0"
grid15_M3_r-0.6_s42/A200.mvh,bk16_X128,0,True,2776,170052,338227,9182,0.7923,1.4,4.1,3.6,18.8,0.5,4.1,0.1,27566060,4275869,1767016,40009523,333024,19203,326950,11276,14001,0,0,0,0.35,200.0,24.3,1552560,501290,1048445,1039,1786,0,0,211,0,0,0,"7027,4865,18740,56378,251402,834863,379285,0,0,0,0,0,0,0,0,0,0,0,0,0,0,0,0,0","28758,1593,11948,37065,28004,97726,147133,0,0,0,0,0,0,0,0,0,0,0,0,0,0,0,0,0"
grid15_M3_r-0.6_s42/A200.mvh,bk16_X256,0,True,2776,170052,338227,9182,0.8307,1.4,4.2,3.6,18.6,0.5,4.1,0.1,27566060,4275869,1767016,40009523,333024,19203,326950,11276,14001,0,0,0,0.35,200.0,24.3,1552560,501290,1048445,1039,1786,0,0,211,0,0,0,"7027,4865,18740,56378,251402,834863,379285,0,0,0,0,0,0,0,0,0,0,0,0,0,0,0,0,0","28758,1593,11948,37065,28004,97726,147133,0,0,0,0,0,0,0,0,0,0,0,0,0,0,0,0,0"
grid15_M3_r-0.6_s42/A200.mvh,bk8_X0,0,True,2776,170052,338227,9182,0.9708,1.0,4.8,7.3,20.4,0.4,5.4,0.1,2926631,785572,1767016,5811415,333024,19203,326950,11276,14001,0,0,0,0.35,200.0,24.3,1552560,501290,1048445,1039,1786,225,2298,211,0,0,0,"7027,4865,18740,56378,251402,834863,379285,0,0,0,0,0,0,0,0,0,0,0,0,0,0,0,0,0","28758,1593,11948,37065,28004,97726,147133,0,0,0,0,0,0,0,0,0,0,0,0,0,0,0,0,0"
grid15_M3_r-0.6_s42/A200.mvh,bk32_X0,0,True,2776,170052,338227,9182,0.9445,1.0,4.3,5.6,19.9,0.4,4.6,0.1,8963794,2063868,1767016,13232290,333024,19203,326950,11276,14001,0,0,0,0.35,200.0,24.3,1552560,501290,1048445,1039,1786,225,2298,211,0,0,0,"7027,4865,18740,56378,251402,834863,379285,0,0,0,0,0,0,0,0,0,0,0,0,0,0,0,0,0","28758,1593,11948,37065,28004,97726,147133,0,0,0,0,0,0,0,0,0,0,0,0,0,0,0,0,0"
grid15_M3_r-0.6_s42/A200.mvh,flat_lw,0,True,2776,170052,338227,9182,0.7535,1.5,3.5,1.6,18.8,0.5,4.5,0.1,27719108,4275869,1767016,11675213,333024,19203,326950,11276,14001,0,0,0,0.35,200.0,24.3,1552560,501290,1048445,1039,1786,0,0,211,0,0,0,"7027,4865,18740,56378,251402,834863,379285,0,0,0,0,0,0,0,0,0,0,0,0,0,0,0,0,0","28758,1593,11948,37065,28004,97726,147133,0,0,0,0,0,0,0,0,0,0,0,0,0,0,0,0,0"
grid15_M3_r-0.6_s42/A200.mvh,flat,1,True,2776,170052,338227,9182,0.7008,1.4,4.1,3.7,19.0,0.5,4.1,0.1,27566060,4275869,1767016,40009523,333024,19203,326950,11276,14001,0,0,0,0.35,200.0,24.3,1552560,501290,1048445,1039,1786,0,0,211,0,0,0,"7027,4865,18740,56378,251402,834863,379285,0,0,0,0,0,0,0,0,0,0,0,0,0,0,0,0,0","28758,1593,11948,37065,28004,97726,147133,0,0,0,0,0,0,0,0,0,0,0,0,0,0,0,0,0"
grid15_M3_r-0.6_s42/A200.mvh,kd_X0,1,True,2776,170052,338227,9182,0.8376,0.9,4.3,7.0,21.5,0.4,6.8,0.1,2183555,351568,1767016,5861871,333024,19203,326950,11276,14001,0,0,0,0.35,200.0,24.3,1552560,501290,1048445,1039,1786,225,2298,211,0,0,0,"7027,4865,18740,56378,251402,834863,379285,0,0,0,0,0,0,0,0,0,0,0,0,0,0,0,0,0","28758,1593,11948,37065,28004,97726,147133,0,0,0,0,0,0,0,0,0,0,0,0,0,0,0,0,0"
grid15_M3_r-0.6_s42/A200.mvh,kd_X16,1,True,2776,170052,338227,9182,0.9369,0.9,3.8,5.2,21.2,0.4,6.7,0.1,3290718,489135,1767016,6842955,333024,19203,326950,11276,14001,0,0,0,0.35,200.0,24.3,1552560,501290,1048445,1039,1786,171,2031,211,0,0,0,"7027,4865,18740,56378,251402,834863,379285,0,0,0,0,0,0,0,0,0,0,0,0,0,0,0,0,0","28758,1593,11948,37065,28004,97726,147133,0,0,0,0,0,0,0,0,0,0,0,0,0,0,0,0,0"
grid15_M3_r-0.6_s42/A200.mvh,kd_X32,1,True,2776,170052,338227,9182,0.9106,1.1,4.1,4.6,19.9,0.4,5.6,0.1,10296408,1606148,1767016,11726364,333024,19203,326950,11276,14001,0,0,0,0.35,200.0,24.3,1552560,501290,1048445,1039,1786,89,1178,211,0,0,0,"7027,4865,18740,56378,251402,834863,379285,0,0,0,0,0,0,0,0,0,0,0,0,0,0,0,0,0","28758,1593,11948,37065,28004,97726,147133,0,0,0,0,0,0,0,0,0,0,0,0,0,0,0,0,0"
grid15_M3_r-0.6_s42/A200.mvh,kd_X64,1,True,2776,170052,338227,9182,0.9221,1.4,4.2,3.5,18.5,0.4,4.0,0.1,27566060,4275869,1767016,40009523,333024,19203,326950,11276,14001,0,0,0,0.35,200.0,24.3,1552560,501290,1048445,1039,1786,0,0,211,0,0,0,"7027,4865,18740,56378,251402,834863,379285,0,0,0,0,0,0,0,0,0,0,0,0,0,0,0,0,0","28758,1593,11948,37065,28004,97726,147133,0,0,0,0,0,0,0,0,0,0,0,0,0,0,0,0,0"
grid15_M3_r-0.6_s42/A200.mvh,kd_X128,1,True,2776,170052,338227,9182,1.1326,1.3,4.2,3.4,18.3,0.4,3.8,0.1,27566060,4275869,1767016,40009523,333024,19203,326950,11276,14001,0,0,0,0.35,200.0,24.3,1552560,501290,1048445,1039,1786,0,0,211,0,0,0,"7027,4865,18740,56378,251402,834863,379285,0,0,0,0,0,0,0,0,0,0,0,0,0,0,0,0,0","28758,1593,11948,37065,28004,97726,147133,0,0,0,0,0,0,0,0,0,0,0,0,0,0,0,0,0"
grid15_M3_r-0.6_s42/A200.mvh,kd_X256,1,True,2776,170052,338227,9182,0.8118,1.5,4.2,3.7,18.8,0.5,4.2,0.1,27566060,4275869,1767016,40009523,333024,19203,326950,11276,14001,0,0,0,0.35,200.0,24.3,1552560,501290,1048445,1039,1786,0,0,211,0,0,0,"7027,4865,18740,56378,251402,834863,379285,0,0,0,0,0,0,0,0,0,0,0,0,0,0,0,0,0","28758,1593,11948,37065,28004,97726,147133,0,0,0,0,0,0,0,0,0,0,0,0,0,0,0,0,0"
grid15_M3_r-0.6_s42/A200.mvh,kd_X512,1,True,2776,170052,338227,9182,0.8873,1.3,4.0,3.4,17.9,0.4,3.9,0.1,27566060,4275869,1767016,40009523,333024,19203,326950,11276,14001,0,0,0,0.35,200.0,24.3,1552560,501290,1048445,1039,1786,0,0,211,0,0,0,"7027,4865,18740,56378,251402,834863,379285,0,0,0,0,0,0,0,0,0,0,0,0,0,0,0,0,0","28758,1593,11948,37065,28004,97726,147133,0,0,0,0,0,0,0,0,0,0,0,0,0,0,0,0,0"
grid15_M3_r-0.6_s42/A200.mvh,kd_X0_rb2x,1,True,2776,170052,338227,9182,1.4343,0.9,4.1,4.8,20.2,0.3,6.6,0.1,2691471,442174,1767016,6692283,333024,19203,326950,11276,14001,0,0,0,0.35,200.0,24.3,1552560,501290,1048445,1039,1786,225,5520,211,0,0,0,"7027,4865,18740,56378,251402,834863,379285,0,0,0,0,0,0,0,0,0,0,0,0,0,0,0,0,0","28758,1593,11948,37065,28004,97726,147133,0,0,0,0,0,0,0,0,0,0,0,0,0,0,0,0,0"
grid15_M3_r-0.6_s42/A200.mvh,kd_X0_stale,1,True,2776,170052,338227,9182,1.3213,0.9,4.2,6.2,21.7,0.3,6.7,0.1,2183555,351568,1767016,5861871,333024,19203,326950,11276,14001,0,0,0,0.35,200.0,24.3,1552560,501290,1048445,1039,1786,225,2298,211,0,0,0,"7027,4865,18740,56378,251402,834863,379285,0,0,0,0,0,0,0,0,0,0,0,0,0,0,0,0,0","28758,1593,11948,37065,28004,97726,147133,0,0,0,0,0,0,0,0,0,0,0,0,0,0,0,0,0"
grid15_M3_r-0.6_s42/A200.mvh,bk16_X0,1,True,2776,170052,338227,9182,1.0592,1.1,4.6,6.6,20.3,0.4,4.9,0.1,4982222,1245363,1767016,8247572,333024,19203,326950,11276,14001,0,0,0,0.35,200.0,24.3,1552560,501290,1048445,1039,1786,225,2298,211,0,0,0,"7027,4865,18740,56378,251402,834863,379285,0,0,0,0,0,0,0,0,0,0,0,0,0,0,0,0,0","28758,1593,11948,37065,28004,97726,147133,0,0,0,0,0,0,0,0,0,0,0,0,0,0,0,0,0"
grid15_M3_r-0.6_s42/A200.mvh,bk16_X32,1,True,2776,170052,338227,9182,0.8276,1.1,4.6,5.7,19.6,0.4,4.6,0.1,11541760,2033905,1767016,12863807,333024,19203,326950,11276,14001,0,0,0,0.35,200.0,24.3,1552560,501290,1048445,1039,1786,89,1178,211,0,0,0,"7027,4865,18740,56378,251402,834863,379285,0,0,0,0,0,0,0,0,0,0,0,0,0,0,0,0,0","28758,1593,11948,37065,28004,97726,147133,0,0,0,0,0,0,0,0,0,0,0,0,0,0,0,0,0"
grid15_M3_r-0.6_s42/A200.mvh,bk16_X64,1,True,2776,170052,338227,9182,0.7443,1.4,4.1,3.5,18.7,0.5,4.2,0.1,27566060,4275869,1767016,40009523,333024,19203,326950,11276,14001,0,0,0,0.35,200.0,24.3,1552560,501290,1048445,1039,1786,0,0,211,0,0,0,"7027,4865,18740,56378,251402,834863,379285,0,0,0,0,0,0,0,0,0,0,0,0,0,0,0,0,0","28758,1593,11948,37065,28004,97726,147133,0,0,0,0,0,0,0,0,0,0,0,0,0,0,0,0,0"
grid15_M3_r-0.6_s42/A200.mvh,bk16_X128,1,True,2776,170052,338227,9182,0.8478,1.5,4.3,3.7,18.6,0.5,4.1,0.1,27566060,4275869,1767016,40009523,333024,19203,326950,11276,14001,0,0,0,0.35,200.0,24.3,1552560,501290,1048445,1039,1786,0,0,211,0,0,0,"7027,4865,18740,56378,251402,834863,379285,0,0,0,0,0,0,0,0,0,0,0,0,0,0,0,0,0","28758,1593,11948,37065,28004,97726,147133,0,0,0,0,0,0,0,0,0,0,0,0,0,0,0,0,0"
grid15_M3_r-0.6_s42/A200.mvh,bk16_X256,1,True,2776,170052,338227,9182,0.8541,1.3,4.0,3.4,19.6,0.4,4.0,0.1,27566060,4275869,1767016,40009523,333024,19203,326950,11276,14001,0,0,0,0.35,200.0,24.3,1552560,501290,1048445,1039,1786,0,0,211,0,0,0,"7027,4865,18740,56378,251402,834863,379285,0,0,0,0,0,0,0,0,0,0,0,0,0,0,0,0,0","28758,1593,11948,37065,28004,97726,147133,0,0,0,0,0,0,0,0,0,0,0,0,0,0,0,0,0"
grid15_M3_r-0.6_s42/A200.mvh,bk8_X0,1,True,2776,170052,338227,9182,0.9860,1.0,4.8,7.3,20.9,0.4,5.4,0.1,2926631,785572,1767016,5811415,333024,19203,326950,11276,14001,0,0,0,0.35,200.0,24.3,1552560,501290,1048445,1039,1786,225,2298,211,0,0,0,"7027,4865,18740,56378,251402,834863,379285,0,0,0,0,0,0,0,0,0,0,0,0,0,0,0,0,0","28758,1593,11948,37065,28004,97726,147133,0,0,0,0,0,0,0,0,0,0,0,0,0,0,0,0,0"
grid15_M3_r-0.6_s42/A200.mvh,bk32_X0,1,True,2776,170052,338227,9182,1.0001,1.0,4.5,5.7,19.9,0.4,4.7,0.1,8963794,2063868,1767016,13232290,333024,19203,326950,11276,14001,0,0,0,0.35,200.0,24.3,1552560,501290,1048445,1039,1786,225,2298,211,0,0,0,"7027,4865,18740,56378,251402,834863,379285,0,0,0,0,0,0,0,0,0,0,0,0,0,0,0,0,0","28758,1593,11948,37065,28004,97726,147133,0,0,0,0,0,0,0,0,0,0,0,0,0,0,0,0,0"
grid15_M3_r-0.6_s42/A200.mvh,flat_lw,1,True,2776,170052,338227,9182,0.8453,1.5,3.7,1.7,19.4,0.5,4.3,0.1,27719108,4275869,1767016,11675213,333024,19203,326950,11276,14001,0,0,0,0.35,200.0,24.3,1552560,501290,1048445,1039,1786,0,0,211,0,0,0,"7027,4865,18740,56378,251402,834863,379285,0,0,0,0,0,0,0,0,0,0,0,0,0,0,0,0,0","28758,1593,11948,37065,28004,97726,147133,0,0,0,0,0,0,0,0,0,0,0,0,0,0,0,0,0"
grid15_M3_r-0.6_s42/A200.mvh,flat,2,True,2776,170052,338227,9182,1.0307,1.4,4.3,3.4,18.2,0.4,4.0,0.1,27566060,4275869,1767016,40009523,333024,19203,326950,11276,14001,0,0,0,0.35,200.0,24.3,1552560,501290,1048445,1039,1786,0,0,211,0,0,0,"7027,4865,18740,56378,251402,834863,379285,0,0,0,0,0,0,0,0,0,0,0,0,0,0,0,0,0","28758,1593,11948,37065,28004,97726,147133,0,0,0,0,0,0,0,0,0,0,0,0,0,0,0,0,0"
grid15_M3_r-0.6_s42/A200.mvh,kd_X0,2,True,2776,170052,338227,9182,1.0967,0.9,4.1,6.4,20.9,0.4,6.7,0.1,2183555,351568,1767016,5861871,333024,19203,326950,11276,14001,0,0,0,0.35,200.0,24.3,1552560,501290,1048445,1039,1786,225,2298,211,0,0,0,"7027,4865,18740,56378,251402,834863,379285,0,0,0,0,0,0,0,0,0,0,0,0,0,0,0,0,0","28758,1593,11948,37065,28004,97726,147133,0,0,0,0,0,0,0,0,0,0,0,0,0,0,0,0,0"
grid15_M3_r-0.6_s42/A200.mvh,kd_X16,2,True,2776,170052,338227,9182,0.9825,0.9,3.8,5.2,21.3,0.4,6.8,0.1,3290718,489135,1767016,6842955,333024,19203,326950,11276,14001,0,0,0,0.35,200.0,24.3,1552560,501290,1048445,1039,1786,171,2031,211,0,0,0,"7027,4865,18740,56378,251402,834863,379285,0,0,0,0,0,0,0,0,0,0,0,0,0,0,0,0,0","28758,1593,11948,37065,28004,97726,147133,0,0,0,0,0,0,0,0,0,0,0,0,0,0,0,0,0"
grid15_M3_r-0.6_s42/A200.mvh,kd_X32,2,True,2776,170052,338227,9182,0.8755,1.0,3.9,4.4,19.9,0.4,5.4,0.1,10296408,1606148,1767016,11726364,333024,19203,326950,11276,14001,0,0,0,0.35,200.0,24.3,1552560,501290,1048445,1039,1786,89,1178,211,0,0,0,"7027,4865,18740,56378,251402,834863,379285,0,0,0,0,0,0,0,0,0,0,0,0,0,0,0,0,0","28758,1593,11948,37065,28004,97726,147133,0,0,0,0,0,0,0,0,0,0,0,0,0,0,0,0,0"
grid15_M3_r-0.6_s42/A200.mvh,kd_X64,2,True,2776,170052,338227,9182,0.8018,1.4,4.2,3.5,18.8,0.4,4.2,0.1,27566060,4275869,1767016,40009523,333024,19203,326950,11276,14001,0,0,0,0.35,200.0,24.3,1552560,501290,1048445,1039,1786,0,0,211,0,0,0,"7027,4865,18740,56378,251402,834863,379285,0,0,0,0,0,0,0,0,0,0,0,0,0,0,0,0,0","28758,1593,11948,37065,28004,97726,147133,0,0,0,0,0,0,0,0,0,0,0,0,0,0,0,0,0"
grid15_M3_r-0.6_s42/A200.mvh,kd_X128,2,True,2776,170052,338227,9182,0.8788,1.4,4.1,3.5,18.3,0.4,4.0,0.1,27566060,4275869,1767016,40009523,333024,19203,326950,11276,14001,0,0,0,0.35,200.0,24.3,1552560,501290,1048445,1039,1786,0,0,211,0,0,0,"7027,4865,18740,56378,251402,834863,379285,0,0,0,0,0,0,0,0,0,0,0,0,0,0,0,0,0","28758,1593,11948,37065,28004,97726,147133,0,0,0,0,0,0,0,0,0,0,0,0,0,0,0,0,0"
grid15_M3_r-0.6_s42/A200.mvh,kd_X256,2,True,2776,170052,338227,9182,0.9682,1.3,4.3,3.2,19.9,0.4,4.2,0.1,27566060,4275869,1767016,40009523,333024,19203,326950,11276,14001,0,0,0,0.35,200.0,24.3,1552560,501290,1048445,1039,1786,0,0,211,0,0,0,"7027,4865,18740,56378,251402,834863,379285,0,0,0,0,0,0,0,0,0,0,0,0,0,0,0,0,0","28758,1593,11948,37065,28004,97726,147133,0,0,0,0,0,0,0,0,0,0,0,0,0,0,0,0,0"
grid15_M3_r-0.6_s42/A200.mvh,kd_X512,2,True,2776,170052,338227,9182,0.9001,1.4,4.3,3.6,18.6,0.4,4.0,0.1,27566060,4275869,1767016,40009523,333024,19203,326950,11276,14001,0,0,0,0.35,200.0,24.3,1552560,501290,1048445,1039,1786,0,0,211,0,0,0,"7027,4865,18740,56378,251402,834863,379285,0,0,0,0,0,0,0,0,0,0,0,0,0,0,0,0,0","28758,1593,11948,37065,28004,97726,147133,0,0,0,0,0,0,0,0,0,0,0,0,0,0,0,0,0"
grid15_M3_r-0.6_s42/A200.mvh,kd_X0_rb2x,2,True,2776,170052,338227,9182,1.4311,0.9,3.9,5.1,20.2,0.4,6.8,0.0,2691471,442174,1767016,6692283,333024,19203,326950,11276,14001,0,0,0,0.35,200.0,24.3,1552560,501290,1048445,1039,1786,225,5520,211,0,0,0,"7027,4865,18740,56378,251402,834863,379285,0,0,0,0,0,0,0,0,0,0,0,0,0,0,0,0,0","28758,1593,11948,37065,28004,97726,147133,0,0,0,0,0,0,0,0,0,0,0,0,0,0,0,0,0"
grid15_M3_r-0.6_s42/A200.mvh,kd_X0_stale,2,True,2776,170052,338227,9182,1.6703,0.9,4.2,6.4,22.0,0.5,6.9,0.1,2183555,351568,1767016,5861871,333024,19203,326950,11276,14001,0,0,0,0.35,200.0,24.3,1552560,501290,1048445,1039,1786,225,2298,211,0,0,0,"7027,4865,18740,56378,251402,834863,379285,0,0,0,0,0,0,0,0,0,0,0,0,0,0,0,0,0","28758,1593,11948,37065,28004,97726,147133,0,0,0,0,0,0,0,0,0,0,0,0,0,0,0,0,0"
grid15_M3_r-0.6_s42/A200.mvh,bk16_X0,2,True,2776,170052,338227,9182,1.4307,1.0,5.1,6.5,20.4,0.4,5.0,0.0,4982222,1245363,1767016,8247572,333024,19203,326950,11276,14001,0,0,0,0.35,200.0,24.3,1552560,501290,1048445,1039,1786,225,2298,211,0,0,0,"7027,4865,18740,56378,251402,834863,379285,0,0,0,0,0,0,0,0,0,0,0,0,0,0,0,0,0","28758,1593,11948,37065,28004,97726,147133,0,0,0,0,0,0,0,0,0,0,0,0,0,0,0,0,0"
grid15_M3_r-0.6_s42/A200.mvh,bk16_X32,2,True,2776,170052,338227,9182,1.4495,1.4,5.1,5.6,19.3,0.4,4.6,0.1,11541760,2033905,1767016,12863807,333024,19203,326950,11276,14001,0,0,0,0.35,200.0,24.3,1552560,501290,1048445,1039,1786,89,1178,211,0,0,0,"7027,4865,18740,56378,251402,834863,379285,0,0,0,0,0,0,0,0,0,0,0,0,0,0,0,0,0","28758,1593,11948,37065,28004,97726,147133,0,0,0,0,0,0,0,0,0,0,0,0,0,0,0,0,0"
grid15_M3_r-0.6_s42/A200.mvh,bk16_X64,2,True,2776,170052,338227,9182,1.4131,1.2,4.7,3.6,18.2,0.3,3.9,0.1,27566060,4275869,1767016,40009523,333024,19203,326950,11276,14001,0,0,0,0.35,200.0,24.3,1552560,501290,1048445,1039,1786,0,0,211,0,0,0,"7027,4865,18740,56378,251402,834863,379285,0,0,0,0,0,0,0,0,0,0,0,0,0,0,0,0,0","28758,1593,11948,37065,28004,97726,147133,0,0,0,0,0,0,0,0,0,0,0,0,0,0,0,0,0"
grid15_M3_r-0.6_s42/A200.mvh,bk16_X128,2,True,2776,170052,338227,9182,1.0806,1.3,4.5,3.5,19.1,0.4,4.1,0.1,27566060,4275869,1767016,40009523,333024,19203,326950,11276,14001,0,0,0,0.35,200.0,24.3,1552560,501290,1048445,1039,1786,0,0,211,0,0,0,"7027,4865,18740,56378,251402,834863,379285,0,0,0,0,0,0,0,0,0,0,0,0,0,0,0,0,0","28758,1593,11948,37065,28004,97726,147133,0,0,0,0,0,0,0,0,0,0,0,0,0,0,0,0,0"
grid15_M3_r-0.6_s42/A200.mvh,bk16_X256,2,True,2776,170052,338227,9182,0.9002,1.4,4.2,3.6,18.6,0.5,4.1,0.1,27566060,4275869,1767016,40009523,333024,19203,326950,11276,14001,0,0,0,0.35,200.0,24.3,1552560,501290,1048445,1039,1786,0,0,211,0,0,0,"7027,4865,18740,56378,251402,834863,379285,0,0,0,0,0,0,0,0,0,0,0,0,0,0,0,0,0","28758,1593,11948,37065,28004,97726,147133,0,0,0,0,0,0,0,0,0,0,0,0,0,0,0,0,0"
grid15_M3_r-0.6_s42/A200.mvh,bk8_X0,2,True,2776,170052,338227,9182,1.0017,1.1,5.0,7.5,20.5,0.4,5.5,0.1,2926631,785572,1767016,5811415,333024,19203,326950,11276,14001,0,0,0,0.35,200.0,24.3,1552560,501290,1048445,1039,1786,225,2298,211,0,0,0,"7027,4865,18740,56378,251402,834863,379285,0,0,0,0,0,0,0,0,0,0,0,0,0,0,0,0,0","28758,1593,11948,37065,28004,97726,147133,0,0,0,0,0,0,0,0,0,0,0,0,0,0,0,0,0"
grid15_M3_r-0.6_s42/A200.mvh,bk32_X0,2,True,2776,170052,338227,9182,0.9224,1.0,4.3,5.8,20.2,0.4,4.8,0.1,8963794,2063868,1767016,13232290,333024,19203,326950,11276,14001,0,0,0,0.35,200.0,24.3,1552560,501290,1048445,1039,1786,225,2298,211,0,0,0,"7027,4865,18740,56378,251402,834863,379285,0,0,0,0,0,0,0,0,0,0,0,0,0,0,0,0,0","28758,1593,11948,37065,28004,97726,147133,0,0,0,0,0,0,0,0,0,0,0,0,0,0,0,0,0"
grid15_M3_r-0.6_s42/A200.mvh,flat_lw,2,True,2776,170052,338227,9182,0.8243,1.5,3.6,1.6,19.0,0.5,4.1,0.1,27719108,4275869,1767016,11675213,333024,19203,326950,11276,14001,0,0,0,0.35,200.0,24.3,1552560,501290,1048445,1039,1786,0,0,211,0,0,0,"7027,4865,18740,56378,251402,834863,379285,0,0,0,0,0,0,0,0,0,0,0,0,0,0,0,0,0","28758,1593,11948,37065,28004,97726,147133,0,0,0,0,0,0,0,0,0,0,0,0,0,0,0,0,0"
