instance,cfg,rep,identical,sols,exp,gen,reins,wall,p_global,p_ch_gen,p_ch_re,p_local,p_full,p_update,p_build,cmpchk,cmpupd,cmpfull,cmpch,ch_gen,ch_re,ch_first,ch_later,ch_none,ch_ideal,ch_tree,ch_nodes,avg_skip,avg_H,avg_T,loc,loc_notr,loc_tdisc,loc_bad,loc_good,kd_builds,kd_rebuilds,htrees,h_redund,h_total,ch_rskip,loc_hist,T_hist
grid10_M4_r-0.6_s42/A50.mvh,flat,0,True,12667,187070,296772,8754,1.6817,7.2,8.6,9.1,33.7,0.7,10.5,0.0,271402904,51400499,3703477,317740665,297332,28440,279462,17309,29001,0,0,0,0.50,50.0,305.7,1512002,482399,1027393,207,2003,0,0,89,0,0,0,"7620,1704,5492,8100,18264,47604,123368,261810,420361,493341,124338,0,0,0,0,0,0,0,0,0,0,0,0,0","19530,1119,3576,4147,6243,13488,18477,44307,43385,99569,71931,0,0,0,0,0,0,0,0,0,0,0,0,0"
grid10_M4_r-0.6_s42/A50.mvh,kd_X0,0,True,12667,187070,296772,8754,1.1059,2.1,4.5,4.6,26.2,1.0,12.1,0.0,8168676,1452216,3703477,10326073,297332,28440,279462,17309,29001,0,0,0,0.50,50.0,305.7,1512002,482399,1027393,207,2003,100,1555,89,0,0,0,"7620,1704,5492,8100,18264,47604,123368,261810,420361,493341,124338,0,0,0,0,0,0,0,0,0,0,0,0,0","19530,1119,3576,4147,6243,13488,18477,44307,43385,99569,71931,0,0,0,0,0,0,0,0,0,0,0,0,0"
grid10_M4_r-0.6_s42/A50.mvh,kd_X16,0,True,12667,187070,296772,8754,1.0766,2.1,4.5,4.6,26.3,1.1,12.0,0.0,8331406,1464439,3703477,10404128,297332,28440,279462,17309,29001,0,0,0,0.50,50.0,305.7,1512002,482399,1027393,207,2003,90,1513,89,0,0,0,"7620,1704,5492,8100,18264,47604,123368,261810,420361,493341,124338,0,0,0,0,0,0,0,0,0,0,0,0,0","19530,1119,3576,4147,6243,13488,18477,44307,43385,99569,71931,0,0,0,0,0,0,0,0,0,0,0,0,0"
grid10_M4_r-0.6_s42/A50.mvh,kd_X32,0,True,12667,187070,296772,8754,1.0760,2.1,4.4,4.6,26.3,1.0,12.1,0.0,9030223,1569088,3703477,10930021,297332,28440,279462,17309,29001,0,0,0,0.50,50.0,305.7,1512002,482399,1027393,207,2003,85,1444,89,0,0,0,"7620,1704,5492,8100,18264,47604,123368,261810,420361,493341,124338,0,0,0,0,0,0,0,0,0,0,0,0,0","19530,1119,3576,4147,6243,13488,18477,44307,43385,99569,71931,0,0,0,0,0,0,0,0,0,0,0,0,0"
grid10_M4_r-0.6_s42/A50.mvh,kd_X64,0,True,12667,187070,296772,8754,1.0117,2.2,4.5,4.7,26.5,1.1,12.0,0.0,11785322,2053733,3703477,12863620,297332,28440,279462,17309,29001,0,0,0,0.50,50.0,305.7,1512002,482399,1027393,207,2003,76,1286,89,0,0,0,"7620,1704,5492,8100,18264,47604,123368,261810,420361,493341,124338,0,0,0,0,0,0,0,0,0,0,0,0,0","19530,1119,3576,4147,6243,13488,18477,44307,43385,99569,71931,0,0,0,0,0,0,0,0,0,0,0,0,0"
grid10_M4_r-0.6_s42/A50.mvh,kd_X128,0,True,12667,187070,296772,8754,1.1598,2.2,4.4,4.5,26.8,1.1,11.6,0.0,23834918,4388543,3703477,21824500,297332,28440,279462,17309,29001,0,0,0,0.50,50.0,305.7,1512002,482399,1027393,207,2003,52,979,89,0,0,0,"7620,1704,5492,8100,18264,47604,123368,261810,420361,493341,124338,0,0,0,0,0,0,0,0,0,0,0,0,0","19530,1119,3576,4147,6243,13488,18477,44307,43385,99569,71931,0,0,0,0,0,0,0,0,0,0,0,0,0"
grid10_M4_r-0.6_s42/A50.mvh,kd_C8,0,True,12667,187070,296772,8754,1.2441,2.1,4.4,4.8,26.4,1.1,12.2,0.0,8701016,1538511,3703477,10502239,297332,28440,279462,17309,29001,0,0,0,0.50,50.0,305.7,1512002,482399,1027393,207,2003,84,1464,89,0,0,0,"7620,1704,5492,8100,18264,47604,123368,261810,420361,493341,124338,0,0,0,0,0,0,0,0,0,0,0,0,0","19530,1119,3576,4147,6243,13488,18477,44307,43385,99569,71931,0,0,0,0,0,0,0,0,0,0,0,0,0"
grid10_M4_r-0.6_s42/A50.mvh,kd_C16,0,True,12667,187070,296772,8754,1.2657,2.1,4.7,4.7,26.4,1.0,12.0,0.0,10756773,1983260,3703477,10926615,297332,28440,279462,17309,29001,0,0,0,0.50,50.0,305.7,1512002,482399,1027393,207,2003,73,1325,89,0,0,0,"7620,1704,5492,8100,18264,47604,123368,261810,420361,493341,124338,0,0,0,0,0,0,0,0,0,0,0,0,0","19530,1119,3576,4147,6243,13488,18477,44307,43385,99569,71931,0,0,0,0,0,0,0,0,0,0,0,0,0"
grid10_M4_r-0.6_s42/A50.mvh,kd_C32,0,True,12667,187070,296772,8754,0.9844,2.2,4.5,4.8,27.4,1.1,11.9,0.0,17979531,3784836,3703477,12409838,297332,28440,279462,17309,29001,0,0,0,0.50,50.0,305.7,1512002,482399,1027393,207,2003,51,1052,89,0,0,0,"7620,1704,5492,8100,18264,47604,123368,261810,420361,493341,124338,0,0,0,0,0,0,0,0,0,0,0,0,0","19530,1119,3576,4147,6243,13488,18477,44307,43385,99569,71931,0,0,0,0,0,0,0,0,0,0,0,0,0"
grid10_M4_r-0.6_s42/A50.mvh,kd_C64,0,True,12667,187070,296772,8754,0.9871,2.3,4.6,4.5,28.8,1.0,11.6,0.0,36872499,8471703,3703477,20999435,297332,28440,279462,17309,29001,0,0,0,0.50,50.0,305.7,1512002,482399,1027393,207,2003,31,730,89,0,0,0,"7620,1704,5492,8100,18264,47604,123368,261810,420361,493341,124338,0,0,0,0,0,0,0,0,0,0,0,0,0","19530,1119,3576,4147,6243,13488,18477,44307,43385,99569,71931,0,0,0,0,0,0,0,0,0,0,0,0,0"
grid10_M4_r-0.6_s42/A50.mvh,kd_C128,0,True,12667,187070,296772,8754,1.0442,2.5,4.6,4.2,32.4,1.0,11.6,0.0,76913893,18817321,3703477,31774602,297332,28440,279462,17309,29001,0,0,0,0.50,50.0,305.7,1512002,482399,1027393,207,2003,18,396,89,0,0,0,"7620,1704,5492,8100,18264,47604,123368,261810,420361,493341,124338,0,0,0,0,0,0,0,0,0,0,0,0,0","19530,1119,3576,4147,6243,13488,18477,44307,43385,99569,71931,0,0,0,0,0,0,0,0,0,0,0,0,0"
grid10_M4_r-0.6_s42/A50.mvh,bk8_C32,0,True,12667,187070,296772,8754,1.0153,2.1,5.1,6.6,26.9,1.0,12.8,0.0,14020326,3504848,3703477,6910862,297332,28440,279462,17309,29001,0,0,0,0.50,50.0,305.7,1512002,482399,1027393,207,2003,51,1052,89,0,0,0,"7620,1704,5492,8100,18264,47604,123368,261810,420361,493341,124338,0,0,0,0,0,0,0,0,0,0,0,0,0","19530,1119,3576,4147,6243,13488,18477,44307,43385,99569,71931,0,0,0,0,0,0,0,0,0,0,0,0,0"
grid10_M4_r-0.6_s42/A50.mvh,flat,1,True,12667,187070,296772,8754,1.7557,7.3,8.7,9.2,33.8,0.7,10.6,0.0,271402904,51400499,3703477,317740665,297332,28440,279462,17309,29001,0,0,0,0.50,50.0,305.7,1512002,482399,1027393,207,2003,0,0,89,0,0,0,"7620,1704,5492,8100,18264,47604,123368,261810,420361,493341,124338,0,0,0,0,0,0,0,0,0,0,0,0,0","19530,1119,3576,4147,6243,13488,18477,44307,43385,99569,71931,0,0,0,0,0,0,0,0,0,0,0,0,0"
grid10_M4_r-0.6_s42/A50.mvh,kd_X0,1,True,12667,187070,296772,8754,1.2086,2.1,4.5,4.7,26.6,1.0,12.3,0.0,8168676,1452216,3703477,10326073,297332,28440,279462,17309,29001,0,0,0,0.50,50.0,305.7,1512002,482399,1027393,207,2003,100,1555,89,0,0,0,"7620,1704,5492,8100,18264,47604,123368,261810,420361,493341,124338,0,0,0,0,0,0,0,0,0,0,0,0,0","19530,1119,3576,4147,6243,13488,18477,44307,43385,99569,71931,0,0,0,0,0,0,0,0,0,0,0,0,0"
grid10_M4_r-0.6_s42/A50.mvh,kd_X16,1,True,12667,187070,296772,8754,1.0283,2.1,4.5,4.7,26.2,1.1,12.1,0.0,8331406,1464439,3703477,10404128,297332,28440,279462,17309,29001,0,0,0,0.50,50.0,305.7,1512002,482399,1027393,207,2003,90,1513,89,0,0,0,"7620,1704,5492,8100,18264,47604,123368,261810,420361,493341,124338,0,0,0,0,0,0,0,0,0,0,0,0,0","19530,1119,3576,4147,6243,13488,18477,44307,43385,99569,71931,0,0,0,0,0,0,0,0,0,0,0,0,0"
grid10_M4_r-0.6_s42/A50.mvh,kd_X32,1,True,12667,187070,296772,8754,0.9881,2.2,4.5,4.7,26.6,1.1,12.2,0.0,9030223,1569088,3703477,10930021,297332,28440,279462,17309,29001,0,0,0,0.50,50.0,305.7,1512002,482399,1027393,207,2003,85,1444,89,0,0,0,"7620,1704,5492,8100,18264,47604,123368,261810,420361,493341,124338,0,0,0,0,0,0,0,0,0,0,0,0,0","19530,1119,3576,4147,6243,13488,18477,44307,43385,99569,71931,0,0,0,0,0,0,0,0,0,0,0,0,0"
grid10_M4_r-0.6_s42/A50.mvh,kd_X64,1,True,12667,187070,296772,8754,0.9213,2.2,4.5,4.7,26.7,1.1,12.1,0.0,11785322,2053733,3703477,12863620,297332,28440,279462,17309,29001,0,0,0,0.50,50.0,305.7,1512002,482399,1027393,207,2003,76,1286,89,0,0,0,"7620,1704,5492,8100,18264,47604,123368,261810,420361,493341,124338,0,0,0,0,0,0,0,0,0,0,0,0,0","19530,1119,3576,4147,6243,13488,18477,44307,43385,99569,71931,0,0,0,0,0,0,0,0,0,0,0,0,0"
grid10_M4_r-0.6_s42/A50.mvh,kd_X128,1,True,12667,187070,296772,8754,0.9355,2.4,4.7,4.6,27.3,1.0,11.7,0.0,23834918,4388543,3703477,21824500,297332,28440,279462,17309,29001,0,0,0,0.50,50.0,305.7,1512002,482399,1027393,207,2003,52,979,89,0,0,0,"7620,1704,5492,8100,18264,47604,123368,261810,420361,493341,124338,0,0,0,0,0,0,0,0,0,0,0,0,0","19530,1119,3576,4147,6243,13488,18477,44307,43385,99569,71931,0,0,0,0,0,0,0,0,0,0,0,0,0"
grid10_M4_r-0.6_s42/A50.mvh,kd_C8,1,True,12667,187070,296772,8754,0.9092,2.2,4.6,4.8,26.5,1.1,12.3,0.0,8701016,1538511,3703477,10502239,297332,28440,279462,17309,29001,0,0,0,0.50,50.0,305.7,1512002,482399,1027393,207,2003,84,1464,89,0,0,0,"7620,1704,5492,8100,18264,47604,123368,261810,420361,493341,124338,0,0,0,0,0,0,0,0,0,0,0,0,0","19530,1119,3576,4147,6243,13488,18477,44307,43385,99569,71931,0,0,0,0,0,0,0,0,0,0,0,0,0"
grid10_M4_r-0.6_s42/A50.mvh,kd_C16,1,True,12667,187070,296772,8754,0.9386,2.2,4.5,4.8,26.6,1.0,12.1,0.0,10756773,1983260,3703477,10926615,297332,28440,279462,17309,29001,0,0,0,0.50,50.0,305.7,1512002,482399,1027393,207,2003,73,1325,89,0,0,0,"7620,1704,5492,8100,18264,47604,123368,261810,420361,493341,124338,0,0,0,0,0,0,0,0,0,0,0,0,0","19530,1119,3576,4147,6243,13488,18477,44307,43385,99569,71931,0,0,0,0,0,0,0,0,0,0,0,0,0"
grid10_M4_r-0.6_s42/A50.mvh,kd_C32,1,True,12667,187070,296772,8754,0.9300,2.2,4.5,4.8,27.3,1.1,11.9,0.0,17979531,3784836,3703477,12409838,297332,28440,279462,17309,29001,0,0,0,0.50,50.0,305.7,1512002,482399,1027393,207,2003,51,1052,89,0,0,0,"7620,1704,5492,8100,18264,47604,123368,261810,420361,493341,124338,0,0,0,0,0,0,0,0,0,0,0,0,0","19530,1119,3576,4147,6243,13488,18477,44307,43385,99569,71931,0,0,0,0,0,0,0,0,0,0,0,0,0"
grid10_M4_r-0.6_s42/A50.mvh,kd_C64,1,True,12667,187070,296772,8754,0.9753,2.3,4.6,4.5,28.8,1.0,11.5,0.0,36872499,8471703,3703477,20999435,297332,28440,279462,17309,29001,0,0,0,0.50,50.0,305.7,1512002,482399,1027393,207,2003,31,730,89,0,0,0,"7620,1704,5492,8100,18264,47604,123368,261810,420361,493341,124338,0,0,0,0,0,0,0,0,0,0,0,0,0","19530,1119,3576,4147,6243,13488,18477,44307,43385,99569,71931,0,0,0,0,0,0,0,0,0,0,0,0,0"
grid10_M4_r-0.6_s42/A50.mvh,kd_C128,1,True,12667,187070,296772,8754,1.1765,2.4,4.4,4.3,32.1,1.0,11.7,0.0,76913893,18817321,3703477,31774602,297332,28440,279462,17309,29001,0,0,0,0.50,50.0,305.7,1512002,482399,1027393,207,2003,18,396,89,0,0,0,"7620,1704,5492,8100,18264,47604,123368,261810,420361,493341,124338,0,0,0,0,0,0,0,0,0,0,0,0,0","19530,1119,3576,4147,6243,13488,18477,44307,43385,99569,71931,0,0,0,0,0,0,0,0,0,0,0,0,0"
grid10_M4_r-0.6_s42/A50.mvh,bk8_C32,1,True,12667,187070,296772,8754,1.2870,2.2,5.2,6.6,26.9,1.0,12.7,0.0,14020326,3504848,3703477,6910862,297332,28440,279462,17309,29001,0,0,0,0.50,50.0,305.7,1512002,482399,1027393,207,2003,51,1052,89,0,0,0,"7620,1704,5492,8100,18264,47604,123368,261810,420361,493341,124338,0,0,0,0,0,0,0,0,0,0,0,0,0","19530,1119,3576,4147,6243,13488,18477,44307,43385,99569,71931,0,0,0,0,0,0,0,0,0,0,0,0,0"
grid10_M4_r-0.6_s42/A50.mvh,flat,2,True,12667,187070,296772,8754,2.1680,7.1,8.7,8.7,33.1,0.6,10.3,0.0,271402904,51400499,3703477,317740665,297332,28440,279462,17309,29001,0,0,0,0.50,50.0,305.7,1512002,482399,1027393,207,2003,0,0,89,0,0,0,"7620,1704,5492,8100,18264,47604,123368,261810,420361,493341,124338,0,0,0,0,0,0,0,0,0,0,0,0,0","19530,1119,3576,4147,6243,13488,18477,44307,43385,99569,71931,0,0,0,0,0,0,0,0,0,0,0,0,0"
grid10_M4_r-0.6_s42/A50.mvh,kd_X0,2,True,12667,187070,296772,8754,0.9911,2.2,4.7,4.8,26.5,1.1,12.4,0.0,8168676,1452216,3703477,10326073,297332,28440,279462,17309,29001,0,0,0,0.50,50.0,305.7,1512002,482399,1027393,207,2003,100,1555,89,0,0,0,"7620,1704,5492,8100,18264,47604,123368,261810,420361,493341,124338,0,0,0,0,0,0,0,0,0,0,0,0,0","19530,1119,3576,4147,6243,13488,18477,44307,43385,99569,71931,0,0,0,0,0,0,0,0,0,0,0,0,0"
grid10_M4_r-0.6_s42/A50.mvh,kd_X16,2,True,12667,187070,296772,8754,0.9805,2.2,4.6,4.8,26.5,1.1,12.2,0.0,8331406,1464439,3703477,10404128,297332,28440,279462,17309,29001,0,0,0,0.50,50.0,305.7,1512002,482399,1027393,207,2003,90,1513,89,0,0,0,"7620,1704,5492,8100,18264,47604,123368,261810,420361,493341,124338,0,0,0,0,0,0,0,0,0,0,0,0,0","19530,1119,3576,4147,6243,13488,18477,44307,43385,99569,71931,0,0,0,0,0,0,0,0,0,0,0,0,0"
grid10_M4_r-0.6_s42/A50.mvh,kd_X32,2,True,12667,187070,296772,8754,0.9840,2.2,4.5,4.9,26.6,1.1,12.2,0.0,9030223,1569088,3703477,10930021,297332,28440,279462,17309,29001,0,0,0,0.50,50.0,305.7,1512002,482399,1027393,207,2003,85,1444,89,0,0,0,"7620,1704,5492,8100,18264,47604,123368,261810,420361,493341,124338,0,0,0,0,0,0,0,0,0,0,0,0,0","19530,1119,3576,4147,6243,13488,18477,44307,43385,99569,71931,0,0,0,0,0,0,0,0,0,0,0,0,0"
grid10_M4_r-0.6_s42/A50.mvh,kd_X64,2,True,12667,187070,296772,8754,0.9533,2.2,4.5,4.7,26.7,1.1,12.1,0.0,11785322,2053733,3703477,12863620,297332,28440,279462,17309,29001,0,0,0,0.50,50.0,305.7,1512002,482399,1027393,207,2003,76,1286,89,0,0,0,"7620,1704,5492,8100,18264,47604,123368,261810,420361,493341,124338,0,0,0,0,0,0,0,0,0,0,0,0,0","19530,1119,3576,4147,6243,13488,18477,44307,43385,99569,71931,0,0,0,0,0,0,0,0,0,0,0,0,0"
grid10_M4_r-0.6_s42/A50.mvh,kd_X128,2,True,12667,187070,296772,8754,0.9517,2.4,4.7,4.7,27.4,1.1,11.8,0.0,23834918,4388543,3703477,21824500,297332,28440,279462,17309,29001,0,0,0,0.50,50.0,305.7,1512002,482399,1027393,207,2003,52,979,89,0,0,0,"7620,1704,5492,8100,18264,47604,123368,261810,420361,493341,124338,0,0,0,0,0,0,0,0,0,0,0,0,0","19530,1119,3576,4147,6243,13488,18477,44307,43385,99569,71931,0,0,0,0,0,0,0,0,0,0,0,0,0"
grid10_M4_r-0.6_s42/A50.mvh,kd_C8,2,True,12667,187070,296772,8754,0.9868,2.2,4.6,4.9,26.5,1.1,12.2,0.0,8701016,1538511,3703477,10502239,297332,28440,279462,17309,29001,0,0,0,0.50,50.0,305.7,1512002,482399,1027393,207,2003,84,1464,89,0,0,0,"7620,1704,5492,8100,18264,47604,123368,261810,420361,493341,124338,0,0,0,0,0,0,0,0,0,0,0,0,0","19530,1119,3576,4147,6243,13488,18477,44307,43385,99569,71931,0,0,0,0,0,0,0,0,0,0,0,0,0"
grid10_M4_r-0.6_s42/A50.mvh,kd_C16,2,True,12667,187070,296772,8754,0.9642,2.2,4.6,4.8,26.6,1.1,12.1,0.0,10756773,1983260,3703477,10926615,297332,28440,279462,17309,29001,0,0,0,0.50,50.0,305.7,1512002,482399,1027393,207,2003,73,1325,89,0,0,0,"7620,1704,5492,8100,18264,47604,123368,261810,420361,493341,124338,0,0,0,0,0,0,0,0,0,0,0,0,0","19530,1119,3576,4147,6243,13488,18477,44307,43385,99569,71931,0,0,0,0,0,0,0,0,0,0,0,0,0"
grid10_M4_r-0.6_s42/A50.mvh,kd_C32,2,True,12667,187070,296772,8754,0.9531,2.2,4.5,4.8,27.1,1.1,11.9,0.0,17979531,3784836,3703477,12409838,297332,28440,279462,17309,29001,0,0,0,0.50,50.0,305.7,1512002,482399,1027393,207,2003,51,1052,89,0,0,0,"7620,1704,5492,8100,18264,47604,123368,261810,420361,493341,124338,0,0,0,0,0,0,0,0,0,0,0,0,0","19530,1119,3576,4147,6243,13488,18477,44307,43385,99569,71931,0,0,0,0,0,0,0,0,0,0,0,0,0"
grid10_M4_r-0.6_s42/A50.mvh,kd_C64,2,True,12667,187070,296772,8754,0.9438,2.3,4.5,4.5,28.9,1.0,11.6,0.0,36872499,8471703,3703477,20999435,297332,28440,279462,17309,29001,0,0,0,0.50,50.0,305.7,1512002,482399,1027393,207,2003,31,730,89,0,0,0,"7620,1704,5492,8100,18264,47604,123368,261810,420361,493341,124338,0,0,0,0,0,0,0,0,0,0,0,0,0","19530,1119,3576,4147,6243,13488,18477,44307,43385,99569,71931,0,0,0,0,0,0,0,0,0,0,0,0,0"
grid10_M4_r-0.6_s42/A50.mvh,kd_C128,2,True,12667,187070,296772,8754,1.0589,2.4,4.6,4.2,32.4,1.0,11.6,0.0,76913893,18817321,3703477,31774602,297332,28440,279462,17309,29001,0,0,0,0.50,50.0,305.7,1512002,482399,1027393,207,2003,18,396,89,0,0,0,"7620,1704,5492,8100,18264,47604,123368,261810,420361,493341,124338,0,0,0,0,0,0,0,0,0,0,0,0,0","19530,1119,3576,4147,6243,13488,18477,44307,43385,99569,71931,0,0,0,0,0,0,0,0,0,0,0,0,0"
grid10_M4_r-0.6_s42/A50.mvh,bk8_C32,2,True,12667,187070,296772,8754,1.0915,2.1,5.1,6.6,26.7,1.0,12.8,0.0,14020326,3504848,3703477,6910862,297332,28440,279462,17309,29001,0,0,0,0.50,50.0,305.7,1512002,482399,1027393,207,2003,51,1052,89,0,0,0,"7620,1704,5492,8100,18264,47604,123368,261810,420361,493341,124338,0,0,0,0,0,0,0,0,0,0,0,0,0","19530,1119,3576,4147,6243,13488,18477,44307,43385,99569,71931,0,0,0,0,0,0,0,0,0,0,0,0,0"
grid10_M4_r-0.6_s42/A50.mvh,flat,3,True,12667,187070,296772,8754,1.7671,7.2,8.6,9.2,33.6,0.6,10.6,0.0,271402904,51400499,3703477,317740665,297332,28440,279462,17309,29001,0,0,0,0.50,50.0,305.7,1512002,482399,1027393,207,2003,0,0,89,0,0,0,"7620,1704,5492,8100,18264,47604,123368,261810,420361,493341,124338,0,0,0,0,0,0,0,0,0,0,0,0,0","19530,1119,3576,4147,6243,13488,18477,44307,43385,99569,71931,0,0,0,0,0,0,0,0,0,0,0,0,0"
grid10_M4_r-0.6_s42/A50.mvh,kd_X0,3,True,12667,187070,296772,8754,1.0320,2.1,4.7,4.7,26.5,1.0,12.5,0.0,8168676,1452216,3703477,10326073,297332,28440,279462,17309,29001,0,0,0,0.50,50.0,305.7,1512002,482399,1027393,207,2003,100,1555,89,0,0,0,"7620,1704,5492,8100,18264,47604,123368,261810,420361,493341,124338,0,0,0,0,0,0,0,0,0,0,0,0,0","19530,1119,3576,4147,6243,13488,18477,44307,43385,99569,71931,0,0,0,0,0,0,0,0,0,0,0,0,0"
grid10_M4_r-0.6_s42/A50.mvh,kd_X16,3,True,12667,187070,296772,8754,0.9642,2.2,4.5,4.9,26.4,1.2,12.2,0.0,8331406,1464439,3703477,10404128,297332,28440,279462,17309,29001,0,0,0,0.50,50.0,305.7,1512002,482399,1027393,207,2003,90,1513,89,0,0,0,"7620,1704,5492,8100,18264,47604,123368,261810,420361,493341,124338,0,0,0,0,0,0,0,0,0,0,0,0,0","19530,1119,3576,4147,6243,13488,18477,44307,43385,99569,71931,0,0,0,0,0,0,0,0,0,0,0,0,0"
grid10_M4_r-0.6_s42/A50.mvh,kd_X32,3,True,12667,187070,296772,8754,1.2595,2.1,4.5,4.7,26.4,1.0,12.2,0.0,9030223,1569088,3703477,10930021,297332,28440,279462,17309,29001,0,0,0,0.50,50.0,305.7,1512002,482399,1027393,207,2003,85,1444,89,0,0,0,"7620,1704,5492,8100,18264,47604,123368,261810,420361,493341,124338,0,0,0,0,0,0,0,0,0,0,0,0,0","19530,1119,3576,4147,6243,13488,18477,44307,43385,99569,71931,0,0,0,0,0,0,0,0,0,0,0,0,0"
grid10_M4_r-0.6_s42/A50.mvh,kd_X64,3,True,12667,187070,296772,8754,1.2167,2.2,4.5,4.7,26.7,1.0,12.0,0.0,11785322,2053733,3703477,12863620,297332,28440,279462,17309,29001,0,0,0,0.50,50.0,305.7,1512002,482399,1027393,207,2003,76,1286,89,0,0,0,"7620,1704,5492,8100,18264,47604,123368,261810,420361,493341,124338,0,0,0,0,0,0,0,0,0,0,0,0,0","19530,1119,3576,4147,6243,13488,18477,44307,43385,99569,71931,0,0,0,0,0,0,0,0,0,0,0,0,0"
grid10_M4_r-0.6_s42/A50.mvh,kd_X128,3,True,12667,187070,296772,8754,1.1862,2.3,4.8,4.5,27.1,1.0,11.5,0.0,23834918,4388543,3703477,21824500,297332,28440,279462,17309,29001,0,0,0,0.50,50.0,305.7,1512002,482399,1027393,207,2003,52,979,89,0,0,0,"7620,1704,5492,8100,18264,47604,123368,261810,420361,493341,124338,0,0,0,0,0,0,0,0,0,0,0,0,0","19530,1119,3576,4147,6243,13488,18477,44307,43385,99569,71931,0,0,0,0,0,0,0,0,0,0,0,0,0"
grid10_M4_r-0.6_s42/A50.mvh,kd_C8,3,True,12667,187070,296772,8754,0.9470,2.2,4.6,4.8,26.6,1.1,12.3,0.0,8701016,1538511,3703477,10502239,297332,28440,279462,17309,29001,0,0,0,0.50,50.0,305.7,1512002,482399,1027393,207,2003,84,1464,89,0,0,0,"7620,1704,5492,8100,18264,47604,123368,261810,420361,493341,124338,0,0,0,0,0,0,0,0,0,0,0,0,0","19530,1119,3576,4147,6243,13488,18477,44307,43385,99569,71931,0,0,0,0,0,0,0,0,0,0,0,0,0"
grid10_M4_r-0.6_s42/A50.mvh,kd_C16,3,True,12667,187070,296772,8754,0.9334,2.2,4.5,4.8,26.6,1.1,12.2,0.0,10756773,1983260,3703477,10926615,297332,28440,279462,17309,29001,0,0,0,0.50,50.0,305.7,1512002,482399,1027393,207,2003,73,1325,89,0,0,0,"7620,1704,5492,8100,18264,47604,123368,261810,420361,493341,124338,0,0,0,0,0,0,0,0,0,0,0,0,0","19530,1119,3576,4147,6243,13488,18477,44307,43385,99569,71931,0,0,0,0,0,0,0,0,0,0,0,0,0"
grid10_M4_r-0.6_s42/A50.mvh,kd_C32,3,True,12667,187070,296772,8754,0.9808,2.2,4.5,4.8,27.1,1.1,11.8,0.0,17979531,3784836,3703477,12409838,297332,28440,279462,17309,29001,0,0,0,0.50,50.0,305.7,1512002,482399,1027393,207,2003,51,1052,89,0,0,0,"7620,1704,5492,8100,18264,47604,123368,261810,420361,493341,124338,0,0,0,0,0,0,0,0,0,0,0,0,0","19530,1119,3576,4147,6243,13488,18477,44307,43385,99569,71931,0,0,0,0,0,0,0,0,0,0,0,0,0"
grid10_M4_r-0.6_s42/A50.mvh,kd_C64,3,True,12667,187070,296772,8754,0.9882,2.3,4.5,4.6,28.7,1.1,11.6,0.0,36872499,8471703,3703477,20999435,297332,28440,279462,17309,29001,0,0,0,0.50,50.0,305.7,1512002,482399,1027393,207,2003,31,730,89,0,0,0,"7620,1704,5492,8100,18264,47604,123368,261810,420361,493341,124338,0,0,0,0,0,0,0,0,0,0,0,0,0","19530,1119,3576,4147,6243,13488,18477,44307,43385,99569,71931,0,0,0,0,0,0,0,0,0,0,0,0,0"
grid10_M4_r-0.6_s42/A50.mvh,kd_C128,3,True,12667,187070,296772,8754,1.0822,2.4,4.7,4.2,32.5,1.0,11.6,0.0,76913893,18817321,3703477,31774602,297332,28440,279462,17309,29001,0,0,0,0.50,50.0,305.7,1512002,482399,1027393,207,2003,18,396,89,0,0,0,"7620,1704,5492,8100,18264,47604,123368,261810,420361,493341,124338,0,0,0,0,0,0,0,0,0,0,0,0,0","19530,1119,3576,4147,6243,13488,18477,44307,43385,99569,71931,0,0,0,0,0,0,0,0,0,0,0,0,0"
grid10_M4_r-0.6_s42/A50.mvh,bk8_C32,3,True,12667,187070,296772,8754,1.2235,2.1,5.1,6.7,27.0,0.9,12.9,0.0,14020326,3504848,3703477,6910862,297332,28440,279462,17309,29001,0,0,0,0.50,50.0,305.7,1512002,482399,1027393,207,2003,51,1052,89,0,0,0,"7620,1704,5492,8100,18264,47604,123368,261810,420361,493341,124338,0,0,0,0,0,0,0,0,0,0,0,0,0","19530,1119,3576,4147,6243,13488,18477,44307,43385,99569,71931,0,0,0,0,0,0,0,0,0,0,0,0,0"
grid10_M4_r-0.6_s42/A50.mvh,flat,4,True,12667,187070,296772,8754,1.6688,7.1,8.6,8.7,33.9,0.6,10.6,0.0,271402904,51400499,3703477,317740665,297332,28440,279462,17309,29001,0,0,0,0.50,50.0,305.7,1512002,482399,1027393,207,2003,0,0,89,0,0,0,"7620,1704,5492,8100,18264,47604,123368,261810,420361,493341,124338,0,0,0,0,0,0,0,0,0,0,0,0,0","19530,1119,3576,4147,6243,13488,18477,44307,43385,99569,71931,0,0,0,0,0,0,0,0,0,0,0,0,0"
grid10_M4_r-0.6_s42/A50.mvh,kd_X0,4,True,12667,187070,296772,8754,0.8979,2.2,4.6,4.8,26.7,1.1,12.4,0.0,8168676,1452216,3703477,10326073,297332,28440,279462,17309,29001,0,0,0,0.50,50.0,305.7,1512002,482399,1027393,207,2003,100,1555,89,0,0,0,"7620,1704,5492,8100,18264,47604,123368,261810,420361,493341,124338,0,0,0,0,0,0,0,0,0,0,0,0,0","19530,1119,3576,4147,6243,13488,18477,44307,43385,99569,71931,0,0,0,0,0,0,0,0,0,0,0,0,0"
grid10_M4_r-0.6_s42/A50.mvh,kd_X16,4,True,12667,187070,296772,8754,1.0032,2.2,4.5,4.8,26.7,1.1,12.3,0.0,8331406,1464439,3703477,10404128,297332,28440,279462,17309,29001,0,0,0,0.50,50.0,305.7,1512002,482399,1027393,207,2003,90,1513,89,0,0,0,"7620,1704,5492,8100,18264,47604,123368,261810,420361,493341,124338,0,0,0,0,0,0,0,0,0,0,0,0,0","19530,1119,3576,4147,6243,13488,18477,44307,43385,99569,71931,0,0,0,0,0,0,0,0,0,0,0,0,0"
grid10_M4_r-0.6_s42/A50.mvh,kd_X32,4,True,12667,187070,296772,8754,0.9826,2.2,4.5,4.7,26.5,1.1,12.3,0.0,9030223,1569088,3703477,10930021,297332,28440,279462,17309,29001,0,0,0,0.50,50.0,305.7,1512002,482399,1027393,207,2003,85,1444,89,0,0,0,"7620,1704,5492,8100,18264,47604,123368,261810,420361,493341,124338,0,0,0,0,0,0,0,0,0,0,0,0,0","19530,1119,3576,4147,6243,13488,18477,44307,43385,99569,71931,0,0,0,0,0,0,0,0,0,0,0,0,0"
grid10_M4_r-0.6_s42/A50.mvh,kd_X64,4,True,12667,187070,296772,8754,0.9686,2.2,4.5,4.8,26.8,1.1,12.2,0.0,11785322,2053733,3703477,12863620,297332,28440,279462,17309,29001,0,0,0,0.50,50.0,305.7,1512002,482399,1027393,207,2003,76,1286,89,0,0,0,"7620,1704,5492,8100,18264,47604,123368,261810,420361,493341,124338,0,0,0,0,0,0,0,0,0,0,0,0,0","19530,1119,3576,4147,6243,13488,18477,44307,43385,99569,71931,0,0,0,0,0,0,0,0,0,0,0,0,0"
grid10_M4_r-0.6_s42/A50.mvh,kd_X128,4,True,12667,187070,296772,8754,0.9846,2.4,4.7,4.7,27.3,1.1,11.7,0.0,23834918,4388543,3703477,21824500,297332,28440,279462,17309,29001,0,0,0,0.50,50.0,305.7,1512002,482399,1027393,207,2003,52,979,89,0,0,0,"7620,1704,5492,8100,18264,47604,123368,261810,420361,493341,124338,0,0,0,0,0,0,0,0,0,0,0,0,0","19530,1119,3576,4147,6243,13488,18477,44307,43385,99569,71931,0,0,0,0,0,0,0,0,0,0,0,0,0"
grid10_M4_r-0.6_s42/A50.mvh,kd_C8,4,True,12667,187070,296772,8754,0.9503,2.2,4.6,4.8,26.6,1.1,12.3,0.0,8701016,1538511,3703477,10502239,297332,28440,279462,17309,29001,0,0,0,0.50,50.0,305.7,1512002,482399,1027393,207,2003,84,1464,89,0,0,0,"7620,1704,5492,8100,18264,47604,123368,261810,420361,493341,124338,0,0,0,0,0,0,0,0,0,0,0,0,0","19530,1119,3576,4147,6243,13488,18477,44307,43385,99569,71931,0,0,0,0,0,0,0,0,0,0,0,0,0"
grid10_M4_r-0.6_s42/A50.mvh,kd_C16,4,True,12667,187070,296772,8754,0.9288,2.2,4.5,4.9,26.7,1.1,12.2,0.0,10756773,1983260,3703477,10926615,297332,28440,279462,17309,29001,0,0,0,0.50,50.0,305.7,1512002,482399,1027393,207,2003,73,1325,89,0,0,0,"7620,1704,5492,8100,18264,47604,123368,261810,420361,493341,124338,0,0,0,0,0,0,0,0,0,0,0,0,0","19530,1119,3576,4147,6243,13488,18477,44307,43385,99569,71931,0,0,0,0,0,0,0,0,0,0,0,0,0"
grid10_M4_r-0.6_s42/A50.mvh,kd_C32,4,True,12667,187070,296772,8754,1.2941,2.1,4.5,4.6,26.8,1.0,11.7,0.0,17979531,3784836,3703477,12409838,297332,28440,279462,17309,29001,0,0,0,0.50,50.0,305.7,1512002,482399,1027393,207,2003,51,1052,89,0,0,0,"7620,1704,5492,8100,18264,47604,123368,261810,420361,493341,124338,0,0,0,0,0,0,0,0,0,0,0,0,0","19530,1119,3576,4147,6243,13488,18477,44307,43385,99569,71931,0,0,0,0,0,0,0,0,0,0,0,0,0"
grid10_M4_r-0.6_s42/A50.mvh,kd_C64,4,True,12667,187070,296772,8754,1.4094,2.3,4.5,4.5,28.4,1.0,11.6,0.0,36872499,8471703,3703477,20999435,297332,28440,279462,17309,29001,0,0,0,0.50,50.0,305.7,1512002,482399,1027393,207,2003,31,730,89,0,0,0,"7620,1704,5492,8100,18264,47604,123368,261810,420361,493341,124338,0,0,0,0,0,0,0,0,0,0,0,0,0","19530,1119,3576,4147,6243,13488,18477,44307,43385,99569,71931,0,0,0,0,0,0,0,0,0,0,0,0,0"
grid10_M4_r-0.6_s42/A50.mvh,kd_C128,4,True,12667,187070,296772,8754,1.4106,2.4,4.8,4.0,31.9,0.8,11.3,0.0,76913893,18817321,3703477,31774602,297332,28440,279462,17309,29001,0,0,0,0.50,50.0,305.7,1512002,482399,1027393,207,2003,18,396,89,0,0,0,"7620,1704,5492,8100,18264,47604,123368,261810,420361,493341,124338,0,0,0,0,0,0,0,0,0,0,0,0,0","19530,1119,3576,4147,6243,13488,18477,44307,43385,99569,71931,0,0,0,0,0,0,0,0,0,0,0,0,0"
grid10_M4_r-0.6_s42/A50.mvh,bk8_C32,4,True,12667,187070,296772,8754,1.2334,2.1,5.2,6.7,26.9,1.0,12.8,0.0,14020326,3504848,3703477,6910862,297332,28440,279462,17309,29001,0,0,0,0.50,50.0,305.7,1512002,482399,1027393,207,2003,51,1052,89,0,0,0,"7620,1704,5492,8100,18264,47604,123368,261810,420361,493341,124338,0,0,0,0,0,0,0,0,0,0,0,0,0","19530,1119,3576,4147,6243,13488,18477,44307,43385,99569,71931,0,0,0,0,0,0,0,0,0,0,0,0,0"
grid12_M4_r0.0_s42/A50.mvh,flat,0,True,13709,214670,334599,9543,2.1516,8.0,10.2,8.2,34.8,0.3,11.5,0.0,411144709,74556305,2348682,438277296,331275,30608,320893,13705,27285,0,0,0,0.43,50.0,470.9,1746649,544941,1200553,151,1004,0,0,135,0,0,0,"1490,1415,3468,9093,23064,58697,117874,278130,369957,455022,428439,0,0,0,0,0,0,0,0,0,0,0,0,0","1373,522,625,1024,2136,1579,14549,19377,53303,77134,190261,0,0,0,0,0,0,0,0,0,0,0,0,0"
grid12_M4_r0.0_s42/A50.mvh,kd_X0,0,True,13709,214670,334599,9543,1.1712,2.3,4.1,5.4,27.8,0.5,13.1,0.0,10289178,1827180,2348682,12595334,331275,30608,320893,13705,27285,0,0,0,0.43,50.0,470.9,1746649,544941,1200553,151,1004,144,1649,135,0,0,0,"1490,1415,3468,9093,23064,58697,117874,278130,369957,455022,428439,0,0,0,0,0,0,0,0,0,0,0,0,0","1373,522,625,1024,2136,1579,14549,19377,53303,77134,190261,0,0,0,0,0,0,0,0,0,0,0,0,0"
grid12_M4_r0.0_s42/A50.mvh,kd_X16,0,True,13709,214670,334599,9543,1.1422,2.3,4.1,5.6,27.8,0.5,13.2,0.0,10433865,1848404,2348682,12831487,331275,30608,320893,13705,27285,0,0,0,0.43,50.0,470.9,1746649,544941,1200553,151,1004,131,1593,135,0,0,0,"1490,1415,3468,9093,23064,58697,117874,278130,369957,455022,428439,0,0,0,0,0,0,0,0,0,0,0,0,0","1373,522,625,1024,2136,1579,14549,19377,53303,77134,190261,0,0,0,0,0,0,0,0,0,0,0,0,0"
grid12_M4_r0.0_s42/A50.mvh,kd_X32,0,True,13709,214670,334599,9543,1.4382,2.3,4.2,5.5,27.8,0.5,13.0,0.0,10911398,1965018,2348682,12722107,331275,30608,320893,13705,27285,0,0,0,0.43,50.0,470.9,1746649,544941,1200553,151,1004,119,1516,135,0,0,0,"1490,1415,3468,9093,23064,58697,117874,278130,369957,455022,428439,0,0,0,0,0,0,0,0,0,0,0,0,0","1373,522,625,1024,2136,1579,14549,19377,53303,77134,190261,0,0,0,0,0,0,0,0,0,0,0,0,0"
grid12_M4_r0.0_s42/A50.mvh,kd_X64,0,True,13709,214670,334599,9543,1.4052,2.3,4.2,5.4,27.7,0.5,12.8,0.0,13241065,2450541,2348682,13762660,331275,30608,320893,13705,27285,0,0,0,0.43,50.0,470.9,1746649,544941,1200553,151,1004,100,1361,135,0,0,0,"1490,1415,3468,9093,23064,58697,117874,278130,369957,455022,428439,0,0,0,0,0,0,0,0,0,0,0,0,0","1373,522,625,1024,2136,1579,14549,19377,53303,77134,190261,0,0,0,0,0,0,0,0,0,0,0,0,0"
grid12_M4_r0.0_s42/A50.mvh,kd_X128,0,True,13709,214670,334599,9543,1.4102,2.3,4.2,5.4,27.9,0.5,12.4,0.0,23810062,4978081,2348682,15483110,331275,30608,320893,13705,27285,0,0,0,0.43,50.0,470.9,1746649,544941,1200553,151,1004,82,1025,135,0,0,0,"1490,1415,3468,9093,23064,58697,117874,278130,369957,455022,428439,0,0,0,0,0,0,0,0,0,0,0,0,0","1373,522,625,1024,2136,1579,14549,19377,53303,77134,190261,0,0,0,0,0,0,0,0,0,0,0,0,0"
grid12_M4_r0.0_s42/A50.mvh,kd_C8,0,True,13709,214670,334599,9543,1.1718,2.3,4.1,5.6,27.6,0.5,13.0,0.0,10807737,1959928,2348682,12655840,331275,30608,320893,13705,27285,0,0,0,0.43,50.0,470.9,1746649,544941,1200553,151,1004,109,1539,135,0,0,0,"1490,1415,3468,9093,23064,58697,117874,278130,369957,455022,428439,0,0,0,0,0,0,0,0,0,0,0,0,0","1373,522,625,1024,2136,1579,14549,19377,53303,77134,190261,0,0,0,0,0,0,0,0,0,0,0,0,0"
grid12_M4_r0.0_s42/A50.mvh,kd_C16,0,True,13709,214670,334599,9543,1.2730,2.3,4.1,5.5,27.6,0.5,12.9,0.0,12762240,2488391,2348682,12855255,331275,30608,320893,13705,27285,0,0,0,0.43,50.0,470.9,1746649,544941,1200553,151,1004,89,1379,135,0,0,0,"1490,1415,3468,9093,23064,58697,117874,278130,369957,455022,428439,0,0,0,0,0,0,0,0,0,0,0,0,0","1373,522,625,1024,2136,1579,14549,19377,53303,77134,190261,0,0,0,0,0,0,0,0,0,0,0,0,0"
grid12_M4_r0.0_s42/A50.mvh,kd_C32,0,True,13709,214670,334599,9543,1.2728,2.3,4.1,5.4,28.1,0.5,12.6,0.0,20468488,4605924,2348682,13149285,331275,30608,320893,13705,27285,0,0,0,0.43,50.0,470.9,1746649,544941,1200553,151,1004,71,1095,135,0,0,0,"1490,1415,3468,9093,23064,58697,117874,278130,369957,455022,428439,0,0,0,0,0,0,0,0,0,0,0,0,0","1373,522,625,1024,2136,1579,14549,19377,53303,77134,190261,0,0,0,0,0,0,0,0,0,0,0,0,0"
grid12_M4_r0.0_s42/A50.mvh,kd_C64,0,True,13709,214670,334599,9543,1.3103,2.3,4.0,5.4,29.3,0.5,12.4,0.0,39002299,9755376,2348682,14087355,331275,30608,320893,13705,27285,0,0,0,0.43,50.0,470.9,1746649,544941,1200553,151,1004,49,758,135,0,0,0,"1490,1415,3468,9093,23064,58697,117874,278130,369957,455022,428439,0,0,0,0,0,0,0,0,0,0,0,0,0","1373,522,625,1024,2136,1579,14549,19377,53303,77134,190261,0,0,0,0,0,0,0,0,0,0,0,0,0"
grid12_M4_r0.0_s42/A50.mvh,kd_C128,0,True,13709,214670,334599,9543,1.5568,2.3,4.3,5.0,31.8,0.5,12.2,0.0,78490224,19806094,2348682,26010834,331275,30608,320893,13705,27285,0,0,0,0.43,50.0,470.9,1746649,544941,1200553,151,1004,24,472,135,0,0,0,"1490,1415,3468,9093,23064,58697,117874,278130,369957,455022,428439,0,0,0,0,0,0,0,0,0,0,0,0,0","1373,522,625,1024,2136,1579,14549,19377,53303,77134,190261,0,0,0,0,0,0,0,0,0,0,0,0,0"
grid12_M4_r0.0_s42/A50.mvh,bk8_C32,0,True,13709,214670,334599,9543,1.5530,2.2,4.7,7.1,27.9,0.5,13.6,0.0,14946838,4075275,2348682,4830970,331275,30608,320893,13705,27285,0,0,0,0.43,50.0,470.9,1746649,544941,1200553,151,1004,71,1095,135,0,0,0,"1490,1415,3468,9093,23064,58697,117874,278130,369957,455022,428439,0,0,0,0,0,0,0,0,0,0,0,0,0","1373,522,625,1024,2136,1579,14549,19377,53303,77134,190261,0,0,0,0,0,0,0,0,0,0,0,0,0"
grid12_M4_r0.0_s42/A50.mvh,flat,1,True,13709,214670,334599,9543,2.3328,8.1,10.2,8.4,34.7,0.3,11.5,0.0,411144709,74556305,2348682,438277296,331275,30608,320893,13705,27285,0,0,0,0.43,50.0,470.9,1746649,544941,1200553,151,1004,0,0,135,0,0,0,"1490,1415,3468,9093,23064,58697,117874,278130,369957,455022,428439,0,0,0,0,0,0,0,0,0,0,0,0,0","1373,522,625,1024,2136,1579,14549,19377,53303,77134,190261,0,0,0,0,0,0,0,0,0,0,0,0,0"
grid12_M4_r0.0_s42/A50.mvh,kd_X0,1,True,13709,214670,334599,9543,1.1765,2.3,4.1,5.4,27.7,0.5,13.2,0.0,10289178,1827180,2348682,12595334,331275,30608,320893,13705,27285,0,0,0,0.43,50.0,470.9,1746649,544941,1200553,151,1004,144,1649,135,0,0,0,"1490,1415,3468,9093,23064,58697,117874,278130,369957,455022,428439,0,0,0,0,0,0,0,0,0,0,0,0,0","1373,522,625,1024,2136,1579,14549,19377,53303,77134,190261,0,0,0,0,0,0,0,0,0,0,0,0,0"
grid12_M4_r0.0_s42/A50.mvh,kd_X16,1,True,13709,214670,334599,9543,1.1519,2.3,4.1,5.4,27.5,0.5,13.1,0.0,10433865,1848404,2348682,12831487,331275,30608,320893,13705,27285,0,0,0,0.43,50.0,470.9,1746649,544941,1200553,151,1004,131,1593,135,0,0,0,"1490,1415,3468,9093,23064,58697,117874,278130,369957,455022,428439,0,0,0,0,0,0,0,0,0,0,0,0,0","1373,522,625,1024,2136,1579,14549,19377,53303,77134,190261,0,0,0,0,0,0,0,0,0,0,0,0,0"
grid12_M4_r0.0_s42/A50.mvh,kd_X32,1,True,13709,214670,334599,9543,1.1133,2.3,4.1,5.5,27.8,0.5,13.1,0.0,10911398,1965018,2348682,12722107,331275,30608,320893,13705,27285,0,0,0,0.43,50.0,470.9,1746649,544941,1200553,151,1004,119,1516,135,0,0,0,"1490,1415,3468,9093,23064,58697,117874,278130,369957,455022,428439,0,0,0,0,0,0,0,0,0,0,0,0,0","1373,522,625,1024,2136,1579,14549,19377,53303,77134,190261,0,0,0,0,0,0,0,0,0,0,0,0,0"
grid12_M4_r0.0_s42/A50.mvh,kd_X64,1,True,13709,214670,334599,9543,1.4932,2.3,4.1,5.5,27.7,0.5,12.8,0.0,13241065,2450541,2348682,13762660,331275,30608,320893,13705,27285,0,0,0,0.43,50.0,470.9,1746649,544941,1200553,151,1004,100,1361,135,0,0,0,"1490,1415,3468,9093,23064,58697,117874,278130,369957,455022,428439,0,0,0,0,0,0,0,0,0,0,0,0,0","1373,522,625,1024,2136,1579,14549,19377,53303,77134,190261,0,0,0,0,0,0,0,0,0,0,0,0,0"
grid12_M4_r0.0_s42/A50.mvh,kd_X128,1,True,13709,214670,334599,9543,1.6169,2.3,4.3,5.5,28.2,0.5,12.4,0.0,23810062,4978081,2348682,15483110,331275,30608,320893,13705,27285,0,0,0,0.43,50.0,470.9,1746649,544941,1200553,151,1004,82,1025,135,0,0,0,"1490,1415,3468,9093,23064,58697,117874,278130,369957,455022,428439,0,0,0,0,0,0,0,0,0,0,0,0,0","1373,522,625,1024,2136,1579,14549,19377,53303,77134,190261,0,0,0,0,0,0,0,0,0,0,0,0,0"
grid12_M4_r0.0_s42/A50.mvh,kd_C8,1,True,13709,214670,334599,9543,1.5079,2.3,4.2,5.4,27.7,0.5,13.0,0.0,10807737,1959928,2348682,12655840,331275,30608,320893,13705,27285,0,0,0,0.43,50.0,470.9,1746649,544941,1200553,151,1004,109,1539,135,0,0,0,"1490,1415,3468,9093,23064,58697,117874,278130,369957,455022,428439,0,0,0,0,0,0,0,0,0,0,0,0,0","1373,522,625,1024,2136,1579,14549,19377,53303,77134,190261,0,0,0,0,0,0,0,0,0,0,0,0,0"
grid12_M4_r0.0_s42/A50.mvh,kd_C16,1,True,13709,214670,334599,9543,1.4171,2.4,4.2,5.5,28.0,0.5,13.0,0.0,12762240,2488391,2348682,12855255,331275,30608,320893,13705,27285,0,0,0,0.43,50.0,470.9,1746649,544941,1200553,151,1004,89,1379,135,0,0,0,"1490,1415,3468,9093,23064,58697,117874,278130,369957,455022,428439,0,0,0,0,0,0,0,0,0,0,0,0,0","1373,522,625,1024,2136,1579,14549,19377,53303,77134,190261,0,0,0,0,0,0,0,0,0,0,0,0,0"
grid12_M4_r0.0_s42/A50.mvh,kd_C32,1,True,13709,214670,334599,9543,1.2232,2.3,4.2,5.4,28.0,0.5,12.5,0.0,20468488,4605924,2348682,13149285,331275,30608,320893,13705,27285,0,0,0,0.43,50.0,470.9,1746649,544941,1200553,151,1004,71,1095,135,0,0,0,"1490,1415,3468,9093,23064,58697,117874,278130,369957,455022,428439,0,0,0,0,0,0,0,0,0,0,0,0,0","1373,522,625,1024,2136,1579,14549,19377,53303,77134,190261,0,0,0,0,0,0,0,0,0,0,0,0,0"
grid12_M4_r0.0_s42/A50.mvh,kd_C64,1,True,13709,214670,334599,9543,1.1492,2.3,4.1,5.3,29.5,0.5,12.3,0.0,39002299,9755376,2348682,14087355,331275,30608,320893,13705,27285,0,0,0,0.43,50.0,470.9,1746649,544941,1200553,151,1004,49,758,135,0,0,0,"1490,1415,3468,9093,23064,58697,117874,278130,369957,455022,428439,0,0,0,0,0,0,0,0,0,0,0,0,0","1373,522,625,1024,2136,1579,14549,19377,53303,77134,190261,0,0,0,0,0,0,0,0,0,0,0,0,0"
grid12_M4_r0.0_s42/A50.mvh,kd_C128,1,True,13709,214670,334599,9543,1.3445,2.4,4.1,5.3,31.9,0.5,12.4,0.0,78490224,19806094,2348682,26010834,331275,30608,320893,13705,27285,0,0,0,0.43,50.0,470.9,1746649,544941,1200553,151,1004,24,472,135,0,0,0,"1490,1415,3468,9093,23064,58697,117874,278130,369957,455022,428439,0,0,0,0,0,0,0,0,0,0,0,0,0","1373,522,625,1024,2136,1579,14549,19377,53303,77134,190261,0,0,0,0,0,0,0,0,0,0,0,0,0"
grid12_M4_r0.0_s42/A50.mvh,bk8_C32,1,True,13709,214670,334599,9543,1.6324,2.2,4.8,7.0,27.9,0.5,13.6,0.0,14946838,4075275,2348682,4830970,331275,30608,320893,13705,27285,0,0,0,0.43,50.0,470.9,1746649,544941,1200553,151,1004,71,1095,135,0,0,0,"1490,1415,3468,9093,23064,58697,117874,278130,369957,455022,428439,0,0,0,0,0,0,0,0,0,0,0,0,0","1373,522,625,1024,2136,1579,14549,19377,53303,77134,190261,0,0,0,0,0,0,0,0,0,0,0,0,0"
grid12_M4_r0.0_s42/A50.mvh,flat,2,True,13709,214670,334599,9543,2.4570,8.0,10.4,8.1,34.4,0.3,11.4,0.0,411144709,74556305,2348682,438277296,331275,30608,320893,13705,27285,0,0,0,0.43,50.0,470.9,1746649,544941,1200553,151,1004,0,0,135,0,0,0,"1490,1415,3468,9093,23064,58697,117874,278130,369957,455022,428439,0,0,0,0,0,0,0,0,0,0,0,0,0","1373,522,625,1024,2136,1579,14549,19377,53303,77134,190261,0,0,0,0,0,0,0,0,0,0,0,0,0"
grid12_M4_r0.0_s42/A50.mvh,kd_X0,2,True,13709,214670,334599,9543,1.3036,2.3,4.2,5.4,27.7,0.5,13.0,0.0,10289178,1827180,2348682,12595334,331275,30608,320893,13705,27285,0,0,0,0.43,50.0,470.9,1746649,544941,1200553,151,1004,144,1649,135,0,0,0,"1490,1415,3468,9093,23064,58697,117874,278130,369957,455022,428439,0,0,0,0,0,0,0,0,0,0,0,0,0","1373,522,625,1024,2136,1579,14549,19377,53303,77134,190261,0,0,0,0,0,0,0,0,0,0,0,0,0"
grid12_M4_r0.0_s42/A50.mvh,kd_X16,2,True,13709,214670,334599,9543,1.1779,2.3,4.1,5.4,27.8,0.5,13.1,0.0,10433865,1848404,2348682,12831487,331275,30608,320893,13705,27285,0,0,0,0.43,50.0,470.9,1746649,544941,1200553,151,1004,131,1593,135,0,0,0,"1490,1415,3468,9093,23064,58697,117874,278130,369957,455022,428439,0,0,0,0,0,0,0,0,0,0,0,0,0","1373,522,625,1024,2136,1579,14549,19377,53303,77134,190261,0,0,0,0,0,0,0,0,0,0,0,0,0"
grid12_M4_r0.0_s42/A50.mvh,kd_X32,2,True,13709,214670,334599,9543,1.1359,2.3,4.2,5.4,27.6,0.5,13.0,0.0,10911398,1965018,2348682,12722107,331275,30608,320893,13705,27285,0,0,0,0.43,50.0,470.9,1746649,544941,1200553,151,1004,119,1516,135,0,0,0,"1490,1415,3468,9093,23064,58697,117874,278130,369957,455022,428439,0,0,0,0,0,0,0,0,0,0,0,0,0","1373,522,625,1024,2136,1579,14549,19377,53303,77134,190261,0,0,0,0,0,0,0,0,0,0,0,0,0"
grid12_M4_r0.0_s42/A50.mvh,kd_X64,2,True,13709,214670,334599,9543,1.0811,2.3,4.1,5.5,27.7,0.5,13.0,0.0,13241065,2450541,2348682,13762660,331275,30608,320893,13705,27285,0,0,0,0.43,50.0,470.9,1746649,544941,1200553,151,1004,100,1361,135,0,0,0,"1490,1415,3468,9093,23064,58697,117874,278130,369957,455022,428439,0,0,0,0,0,0,0,0,0,0,0,0,0","1373,522,625,1024,2136,1579,14549,19377,53303,77134,190261,0,0,0,0,0,0,0,0,0,0,0,0,0"
grid12_M4_r0.0_s42/A50.mvh,kd_X128,2,True,13709,214670,334599,9543,1.1243,2.4,4.2,5.5,28.1,0.5,12.6,0.0,23810062,4978081,2348682,15483110,331275,30608,320893,13705,27285,0,0,0,0.43,50.0,470.9,1746649,544941,1200553,151,1004,82,1025,135,0,0,0,"1490,1415,3468,9093,23064,58697,117874,278130,369957,455022,428439,0,0,0,0,0,0,0,0,0,0,0,0,0","1373,522,625,1024,2136,1579,14549,19377,53303,77134,190261,0,0,0,0,0,0,0,0,0,0,0,0,0"
grid12_M4_r0.0_s42/A50.mvh,kd_C8,2,True,13709,214670,334599,9543,1.1506,2.3,4.1,5.6,27.6,0.5,13.1,0.0,10807737,1959928,2348682,12655840,331275,30608,320893,13705,27285,0,0,0,0.43,50.0,470.9,1746649,544941,1200553,151,1004,109,1539,135,0,0,0,"1490,1415,3468,9093,23064,58697,117874,278130,369957,455022,428439,0,0,0,0,0,0,0,0,0,0,0,0,0","1373,522,625,1024,2136,1579,14549,19377,53303,77134,190261,0,0,0,0,0,0,0,0,0,0,0,0,0"
grid12_M4_r0.0_s42/A50.mvh,kd_C16,2,True,13709,214670,334599,9543,1.1475,2.3,4.1,5.5,27.7,0.5,12.9,0.0,12762240,2488391,2348682,12855255,331275,30608,320893,13705,27285,0,0,0,0.43,50.0,470.9,1746649,544941,1200553,151,1004,89,1379,135,0,0,0,"1490,1415,3468,9093,23064,58697,117874,278130,369957,455022,428439,0,0,0,0,0,0,0,0,0,0,0,0,0","1373,522,625,1024,2136,1579,14549,19377,53303,77134,190261,0,0,0,0,0,0,0,0,0,0,0,0,0"
grid12_M4_r0.0_s42/A50.mvh,kd_C32,2,True,13709,214670,334599,9543,1.1472,2.3,4.1,5.5,28.0,0.5,12.7,0.0,20468488,4605924,2348682,13149285,331275,30608,320893,13705,27285,0,0,0,0.43,50.0,470.9,1746649,544941,1200553,151,1004,71,1095,135,0,0,0,"1490,1415,3468,9093,23064,58697,117874,278130,369957,455022,428439,0,0,0,0,0,0,0,0,0,0,0,0,0","1373,522,625,1024,2136,1579,14549,19377,53303,77134,190261,0,0,0,0,0,0,0,0,0,0,0,0,0"
grid12_M4_r0.0_s42/A50.mvh,kd_C64,2,True,13709,214670,334599,9543,1.1358,2.3,4.0,5.4,29.5,0.5,12.4,0.0,39002299,9755376,2348682,14087355,331275,30608,320893,13705,27285,0,0,0,0.43,50.0,470.9,1746649,544941,1200553,151,1004,49,758,135,0,0,0,"1490,1415,3468,9093,23064,58697,117874,278130,369957,455022,428439,0,0,0,0,0,0,0,0,0,0,0,0,0","1373,522,625,1024,2136,1579,14549,19377,53303,77134,190261,0,0,0,0,0,0,0,0,0,0,0,0,0"
grid12_M4_r0.0_s42/A50.mvh,kd_C128,2,True,13709,214670,334599,9543,1.2038,2.3,4.2,5.1,32.2,0.5,12.4,0.0,78490224,19806094,2348682,26010834,331275,30608,320893,13705,27285,0,0,0,0.43,50.0,470.9,1746649,544941,1200553,151,1004,24,472,135,0,0,0,"1490,1415,3468,9093,23064,58697,117874,278130,369957,455022,428439,0,0,0,0,0,0,0,0,0,0,0,0,0","1373,522,625,1024,2136,1579,14549,19377,53303,77134,190261,0,0,0,0,0,0,0,0,0,0,0,0,0"
grid12_M4_r0.0_s42/A50.mvh,bk8_C32,2,True,13709,214670,334599,9543,1.4023,2.2,4.6,7.2,27.9,0.5,13.8,0.0,14946838,4075275,2348682,4830970,331275,30608,320893,13705,27285,0,0,0,0.43,50.0,470.9,1746649,544941,1200553,151,1004,71,1095,135,0,0,0,"1490,1415,3468,9093,23064,58697,117874,278130,369957,455022,428439,0,0,0,0,0,0,0,0,0,0,0,0,0","1373,522,625,1024,2136,1579,14549,19377,53303,77134,190261,0,0,0,0,0,0,0,0,0,0,0,0,0"
grid12_M4_r0.0_s42/A50.mvh,flat,3,True,13709,214670,334599,9543,2.8518,8.3,10.1,8.9,34.3,0.3,11.5,0.0,411144709,74556305,2348682,438277296,331275,30608,320893,13705,27285,0,0,0,0.43,50.0,470.9,1746649,544941,1200553,151,1004,0,0,135,0,0,0,"1490,1415,3468,9093,23064,58697,117874,278130,369957,455022,428439,0,0,0,0,0,0,0,0,0,0,0,0,0","1373,522,625,1024,2136,1579,14549,19377,53303,77134,190261,0,0,0,0,0,0,0,0,0,0,0,0,0"
grid12_M4_r0.0_s42/A50.mvh,kd_X0,3,True,13709,214670,334599,9543,1.4525,2.3,4.1,5.4,27.9,0.5,13.0,0.0,10289178,1827180,2348682,12595334,331275,30608,320893,13705,27285,0,0,0,0.43,50.0,470.9,1746649,544941,1200553,151,1004,144,1649,135,0,0,0,"1490,1415,3468,9093,23064,58697,117874,278130,369957,455022,428439,0,0,0,0,0,0,0,0,0,0,0,0,0","1373,522,625,1024,2136,1579,14549,19377,53303,77134,190261,0,0,0,0,0,0,0,0,0,0,0,0,0"
grid12_M4_r0.0_s42/A50.mvh,kd_X16,3,True,13709,214670,334599,9543,1.2488,2.3,4.2,5.4,27.7,0.5,13.1,0.0,10433865,1848404,2348682,12831487,331275,30608,320893,13705,27285,0,0,0,0.43,50.0,470.9,1746649,544941,1200553,151,1004,131,1593,135,0,0,0,"1490,1415,3468,9093,23064,58697,117874,278130,369957,455022,428439,0,0,0,0,0,0,0,0,0,0,0,0,0","1373,522,625,1024,2136,1579,14549,19377,53303,77134,190261,0,0,0,0,0,0,0,0,0,0,0,0,0"
grid12_M4_r0.0_s42/A50.mvh,kd_X32,3,True,13709,214670,334599,9543,1.1169,2.3,4.2,5.5,27.7,0.5,13.0,0.0,10911398,1965018,2348682,12722107,331275,30608,320893,13705,27285,0,0,0,0.43,50.0,470.9,1746649,544941,1200553,151,1004,119,1516,135,0,0,0,"1490,1415,3468,9093,23064,58697,117874,278130,369957,455022,428439,0,0,0,0,0,0,0,0,0,0,0,0,0","1373,522,625,1024,2136,1579,14549,19377,53303,77134,190261,0,0,0,0,0,0,0,0,0,0,0,0,0"
grid12_M4_r0.0_s42/A50.mvh,kd_X64,3,True,13709,214670,334599,9543,1.0997,2.4,4.1,5.5,27.6,0.5,12.9,0.0,13241065,2450541,2348682,13762660,331275,30608,320893,13705,27285,0,0,0,0.43,50.0,470.9,1746649,544941,1200553,151,1004,100,1361,135,0,0,0,"1490,1415,3468,9093,23064,58697,117874,278130,369957,455022,428439,0,0,0,0,0,0,0,0,0,0,0,0,0","1373,522,625,1024,2136,1579,14549,19377,53303,77134,190261,0,0,0,0,0,0,0,0,0,0,0,0,0"
grid12_M4_r0.0_s42/A50.mvh,kd_X128,3,True,13709,214670,334599,9543,1.1830,2.3,4.2,5.5,28.3,0.5,12.6,0.0,23810062,4978081,2348682,15483110,331275,30608,320893,13705,27285,0,0,0,0.43,50.0,470.9,1746649,544941,1200553,151,1004,82,1025,135,0,0,0,"1490,1415,3468,9093,23064,58697,117874,278130,369957,455022,428439,0,0,0,0,0,0,0,0,0,0,0,0,0","1373,522,625,1024,2136,1579,14549,19377,53303,77134,190261,0,0,0,0,0,0,0,0,0,0,0,0,0"
grid12_M4_r0.0_s42/A50.mvh,kd_C8,3,True,13709,214670,334599,9543,1.1295,2.3,4.1,5.5,27.6,0.5,13.1,0.0,10807737,1959928,2348682,12655840,331275,30608,320893,13705,27285,0,0,0,0.43,50.0,470.9,1746649,544941,1200553,151,1004,109,1539,135,0,0,0,"1490,1415,3468,9093,23064,58697,117874,278130,369957,455022,428439,0,0,0,0,0,0,0,0,0,0,0,0,0","1373,522,625,1024,2136,1579,14549,19377,53303,77134,190261,0,0,0,0,0,0,0,0,0,0,0,0,0"
grid12_M4_r0.0_s42/A50.mvh,kd_C16,3,True,13709,214670,334599,9543,1.2483,2.3,4.1,5.5,27.7,0.5,13.0,0.0,12762240,2488391,2348682,12855255,331275,30608,320893,13705,27285,0,0,0,0.43,50.0,470.9,1746649,544941,1200553,151,1004,89,1379,135,0,0,0,"1490,1415,3468,9093,23064,58697,117874,278130,369957,455022,428439,0,0,0,0,0,0,0,0,0,0,0,0,0","1373,522,625,1024,2136,1579,14549,19377,53303,77134,190261,0,0,0,0,0,0,0,0,0,0,0,0,0"
grid12_M4_r0.0_s42/A50.mvh,kd_C32,3,True,13709,214670,334599,9543,1.0969,2.3,4.1,5.5,28.1,0.5,12.7,0.0,20468488,4605924,2348682,13149285,331275,30608,320893,13705,27285,0,0,0,0.43,50.0,470.9,1746649,544941,1200553,151,1004,71,1095,135,0,0,0,"1490,1415,3468,9093,23064,58697,117874,278130,369957,455022,428439,0,0,0,0,0,0,0,0,0,0,0,0,0","1373,522,625,1024,2136,1579,14549,19377,53303,77134,190261,0,0,0,0,0,0,0,0,0,0,0,0,0"
grid12_M4_r0.0_s42/A50.mvh,kd_C64,3,True,13709,214670,334599,9543,1.3392,2.3,4.0,5.4,29.3,0.5,12.4,0.0,39002299,9755376,2348682,14087355,331275,30608,320893,13705,27285,0,0,0,0.43,50.0,470.9,1746649,544941,1200553,151,1004,49,758,135,0,0,0,"1490,1415,3468,9093,23064,58697,117874,278130,369957,455022,428439,0,0,0,0,0,0,0,0,0,0,0,0,0","1373,522,625,1024,2136,1579,14549,19377,53303,77134,190261,0,0,0,0,0,0,0,0,0,0,0,0,0"
grid12_M4_r0.0_s42/A50.mvh,kd_C128,3,True,13709,214670,334599,9543,1.3008,2.3,4.3,5.0,32.1,0.5,12.3,0.0,78490224,19806094,2348682,26010834,331275,30608,320893,13705,27285,0,0,0,0.43,50.0,470.9,1746649,544941,1200553,151,1004,24,472,135,0,0,0,"1490,1415,3468,9093,23064,58697,117874,278130,369957,455022,428439,0,0,0,0,0,0,0,0,0,0,0,0,0","1373,522,625,1024,2136,1579,14549,19377,53303,77134,190261,0,0,0,0,0,0,0,0,0,0,0,0,0"
grid12_M4_r0.0_s42/A50.mvh,bk8_C32,3,True,13709,214670,334599,9543,1.2413,2.2,4.5,7.1,27.7,0.5,13.8,0.0,14946838,4075275,2348682,4830970,331275,30608,320893,13705,27285,0,0,0,0.43,50.0,470.9,1746649,544941,1200553,151,1004,71,1095,135,0,0,0,"1490,1415,3468,9093,23064,58697,117874,278130,369957,455022,428439,0,0,0,0,0,0,0,0,0,0,0,0,0","1373,522,625,1024,2136,1579,14549,19377,53303,77134,190261,0,0,0,0,0,0,0,0,0,0,0,0,0"
grid12_M4_r0.0_s42/A50.mvh,flat,4,True,13709,214670,334599,9543,2.1203,8.1,10.2,8.4,34.8,0.3,11.6,0.0,411144709,74556305,2348682,438277296,331275,30608,320893,13705,27285,0,0,0,0.43,50.0,470.9,1746649,544941,1200553,151,1004,0,0,135,0,0,0,"1490,1415,3468,9093,23064,58697,117874,278130,369957,455022,428439,0,0,0,0,0,0,0,0,0,0,0,0,0","1373,522,625,1024,2136,1579,14549,19377,53303,77134,190261,0,0,0,0,0,0,0,0,0,0,0,0,0"
grid12_M4_r0.0_s42/A50.mvh,kd_X0,4,True,13709,214670,334599,9543,1.0976,2.3,4.1,5.5,27.8,0.5,13.2,0.0,10289178,1827180,2348682,12595334,331275,30608,320893,13705,27285,0,0,0,0.43,50.0,470.9,1746649,544941,1200553,151,1004,144,1649,135,0,0,0,"1490,1415,3468,9093,23064,58697,117874,278130,369957,455022,428439,0,0,0,0,0,0,0,0,0,0,0,0,0","1373,522,625,1024,2136,1579,14549,19377,53303,77134,190261,0,0,0,0,0,0,0,0,0,0,0,0,0"
grid12_M4_r0.0_s42/A50.mvh,kd_X16,4,True,13709,214670,334599,9543,1.4630,2.2,4.1,5.3,27.9,0.5,13.0,0.0,10433865,1848404,2348682,12831487,331275,30608,320893,13705,27285,0,0,0,0.43,50.0,470.9,1746649,544941,1200553,151,1004,131,1593,135,0,0,0,"1490,1415,3468,9093,23064,58697,117874,278130,369957,455022,428439,0,0,0,0,0,0,0,0,0,0,0,0,0","1373,522,625,1024,2136,1579,14549,19377,53303,77134,190261,0,0,0,0,0,0,0,0,0,0,0,0,0"
grid12_M4_r0.0_s42/A50.mvh,kd_X32,4,True,13709,214670,334599,9543,1.4572,2.3,4.2,5.4,27.6,0.5,12.9,0.0,10911398,1965018,2348682,12722107,331275,30608,320893,13705,27285,0,0,0,0.43,50.0,470.9,1746649,544941,1200553,151,1004,119,1516,135,0,0,0,"1490,1415,3468,9093,23064,58697,117874,278130,369957,455022,428439,0,0,0,0,0,0,0,0,0,0,0,0,0","1373,522,625,1024,2136,1579,14549,19377,53303,77134,190261,0,0,0,0,0,0,0,0,0,0,0,0,0"
grid12_M4_r0.0_s42/A50.mvh,kd_X64,4,True,13709,214670,334599,9543,1.2396,2.3,4.2,5.5,27.7,0.5,12.8,0.0,13241065,2450541,2348682,13762660,331275,30608,320893,13705,27285,0,0,0,0.43,50.0,470.9,1746649,544941,1200553,151,1004,100,1361,135,0,0,0,"1490,1415,3468,9093,23064,58697,117874,278130,369957,455022,428439,0,0,0,0,0,0,0,0,0,0,0,0,0","1373,522,625,1024,2136,1579,14549,19377,53303,77134,190261,0,0,0,0,0,0,0,0,0,0,0,0,0"
grid12_M4_r0.0_s42/A50.mvh,kd_X128,4,True,13709,214670,334599,9543,1.2029,2.4,4.2,5.5,28.1,0.5,12.6,0.0,23810062,4978081,2348682,15483110,331275,30608,320893,13705,27285,0,0,0,0.43,50.0,470.9,1746649,544941,1200553,151,1004,82,1025,135,0,0,0,"1490,1415,3468,9093,23064,58697,117874,278130,369957,455022,428439,0,0,0,0,0,0,0,0,0,0,0,0,0","1373,522,625,1024,2136,1579,14549,19377,53303,77134,190261,0,0,0,0,0,0,0,0,0,0,0,0,0"
grid12_M4_r0.0_s42/A50.mvh,kd_C8,4,True,13709,214670,334599,9543,1.3712,2.3,4.1,5.4,27.7,0.5,13.0,0.0,10807737,1959928,2348682,12655840,331275,30608,320893,13705,27285,0,0,0,0.43,50.0,470.9,1746649,544941,1200553,151,1004,109,1539,135,0,0,0,"1490,1415,3468,9093,23064,58697,117874,278130,369957,455022,428439,0,0,0,0,0,0,0,0,0,0,0,0,0","1373,522,625,1024,2136,1579,14549,19377,53303,77134,190261,0,0,0,0,0,0,0,0,0,0,0,0,0"
grid12_M4_r0.0_s42/A50.mvh,kd_C16,4,True,13709,214670,334599,9543,1.2884,2.3,4.2,5.4,27.7,0.5,12.9,0.0,12762240,2488391,2348682,12855255,331275,30608,320893,13705,27285,0,0,0,0.43,50.0,470.9,1746649,544941,1200553,151,1004,89,1379,135,0,0,0,"1490,1415,3468,9093,23064,58697,117874,278130,369957,455022,428439,0,0,0,0,0,0,0,0,0,0,0,0,0","1373,522,625,1024,2136,1579,14549,19377,53303,77134,190261,0,0,0,0,0,0,0,0,0,0,0,0,0"
grid12_M4_r0.0_s42/A50.mvh,kd_C32,4,True,13709,214670,334599,9543,1.1157,2.3,4.1,5.5,28.0,0.5,12.7,0.0,20468488,4605924,2348682,13149285,331275,30608,320893,13705,27285,0,0,0,0.43,50.0,470.9,1746649,544941,1200553,151,1004,71,1095,135,0,0,0,"1490,1415,3468,9093,23064,58697,117874,278130,369957,455022,428439,0,0,0,0,0,0,0,0,0,0,0,0,0","1373,522,625,1024,2136,1579,14549,19377,53303,77134,190261,0,0,0,0,0,0,0,0,0,0,0,0,0"
grid12_M4_r0.0_s42/A50.mvh,kd_C64,4,True,13709,214670,334599,9543,1.1647,2.3,4.1,5.3,29.2,0.5,12.4,0.0,39002299,9755376,2348682,14087355,331275,30608,320893,13705,27285,0,0,0,0.43,50.0,470.9,1746649,544941,1200553,151,1004,49,758,135,0,0,0,"1490,1415,3468,9093,23064,58697,117874,278130,369957,455022,428439,0,0,0,0,0,0,0,0,0,0,0,0,0","1373,522,625,1024,2136,1579,14549,19377,53303,77134,190261,0,0,0,0,0,0,0,0,0,0,0,0,0"
grid12_M4_r0.0_s42/A50.mvh,kd_C128,4,True,13709,214670,334599,9543,1.2371,2.3,4.1,5.2,32.1,0.5,12.4,0.0,78490224,19806094,2348682,26010834,331275,30608,320893,13705,27285,0,0,0,0.43,50.0,470.9,1746649,544941,1200553,151,1004,24,472,135,0,0,0,"1490,1415,3468,9093,23064,58697,117874,278130,369957,455022,428439,0,0,0,0,0,0,0,0,0,0,0,0,0","1373,522,625,1024,2136,1579,14549,19377,53303,77134,190261,0,0,0,0,0,0,0,0,0,0,0,0,0"
grid12_M4_r0.0_s42/A50.mvh,bk8_C32,4,True,13709,214670,334599,9543,1.2562,2.2,4.6,7.2,27.7,0.5,13.9,0.0,14946838,4075275,2348682,4830970,331275,30608,320893,13705,27285,0,0,0,0.43,50.0,470.9,1746649,544941,1200553,151,1004,71,1095,135,0,0,0,"1490,1415,3468,9093,23064,58697,117874,278130,369957,455022,428439,0,0,0,0,0,0,0,0,0,0,0,0,0","1373,522,625,1024,2136,1579,14549,19377,53303,77134,190261,0,0,0,0,0,0,0,0,0,0,0,0,0"
grid10_M5_r-0.3_s42/A50.mvh,flat,0,True,48950,448472,717484,19982,13.2553,12.4,14.5,15.8,30.9,0.2,12.5,0.0,2620302970,445828466,10348094,3805862548,708471,76804,696104,21379,67792,0,0,0,0.19,50.0,1687.7,3416594,1155648,2259569,82,1295,0,0,93,0,0,0,"6772,2004,2107,6828,18385,38231,86578,210552,415211,727715,826959,908332,166920,0,0,0,0,0,0,0,0,0,0,0","15544,2333,35,5082,8871,2082,4004,8905,9616,88303,132895,179514,328091,0,0,0,0,0,0,0,0,0,0,0"
grid10_M5_r-0.3_s42/A50.mvh,kd_X0,0,True,48950,448472,717484,19982,3.4148,3.1,4.7,7.7,27.3,0.8,15.2,0.0,33048599,7270770,10348094,51571468,708471,76804,696104,21379,67792,0,0,0,0.19,50.0,1687.7,3416594,1155648,2259569,82,1295,100,2155,93,0,0,0,"6772,2004,2107,6828,18385,38231,86578,210552,415211,727715,826959,908332,166920,0,0,0,0,0,0,0,0,0,0,0","15544,2333,35,5082,8871,2082,4004,8905,9616,88303,132895,179514,328091,0,0,0,0,0,0,0,0,0,0,0"
grid10_M5_r-0.3_s42/A50.mvh,kd_X16,0,True,48950,448472,717484,19982,3.8934,3.1,4.8,7.7,27.4,0.8,15.2,0.0,33073631,7265696,10348094,50891586,708471,76804,696104,21379,67792,0,0,0,0.19,50.0,1687.7,3416594,1155648,2259569,82,1295,88,2131,93,0,0,0,"6772,2004,2107,6828,18385,38231,86578,210552,415211,727715,826959,908332,166920,0,0,0,0,0,0,0,0,0,0,0","15544,2333,35,5082,8871,2082,4004,8905,9616,88303,132895,179514,328091,0,0,0,0,0,0,0,0,0,0,0"
grid10_M5_r-0.3_s42/A50.mvh,kd_X32,0,True,48950,448472,717484,19982,3.4716,3.1,4.8,7.7,27.3,0.8,15.2,0.0,33462296,7319158,10348094,51778316,708471,76804,696104,21379,67792,0,0,0,0.19,50.0,1687.7,3416594,1155648,2259569,82,1295,86,2091,93,0,0,0,"6772,2004,2107,6828,18385,38231,86578,210552,415211,727715,826959,908332,166920,0,0,0,0,0,0,0,0,0,0,0","15544,2333,35,5082,8871,2082,4004,8905,9616,88303,132895,179514,328091,0,0,0,0,0,0,0,0,0,0,0"
grid10_M5_r-0.3_s42/A50.mvh,kd_X64,0,True,48950,448472,717484,19982,4.1593,3.1,4.8,7.6,27.6,0.8,15.2,0.0,34859486,7581096,10348094,51930701,708471,76804,696104,21379,67792,0,0,0,0.19,50.0,1687.7,3416594,1155648,2259569,82,1295,76,1997,93,0,0,0,"6772,2004,2107,6828,18385,38231,86578,210552,415211,727715,826959,908332,166920,0,0,0,0,0,0,0,0,0,0,0","15544,2333,35,5082,8871,2082,4004,8905,9616,88303,132895,179514,328091,0,0,0,0,0,0,0,0,0,0,0"
grid10_M5_r-0.3_s42/A50.mvh,kd_X128,0,True,48950,448472,717484,19982,3.9436,3.1,4.8,7.6,27.6,0.7,15.0,0.0,41101297,8956333,10348094,52736875,708471,76804,696104,21379,67792,0,0,0,0.19,50.0,1687.7,3416594,1155648,2259569,82,1295,63,1798,93,0,0,0,"6772,2004,2107,6828,18385,38231,86578,210552,415211,727715,826959,908332,166920,0,0,0,0,0,0,0,0,0,0,0","15544,2333,35,5082,8871,2082,4004,8905,9616,88303,132895,179514,328091,0,0,0,0,0,0,0,0,0,0,0"
grid10_M5_r-0.3_s42/A50.mvh,kd_C8,0,True,48950,448472,717484,19982,3.5667,3.1,4.8,7.7,27.4,0.8,15.2,0.0,33296475,7289970,10348094,50891586,708471,76804,696104,21379,67792,0,0,0,0.19,50.0,1687.7,3416594,1155648,2259569,82,1295,79,2103,93,0,0,0,"6772,2004,2107,6828,18385,38231,86578,210552,415211,727715,826959,908332,166920,0,0,0,0,0,0,0,0,0,0,0","15544,2333,35,5082,8871,2082,4004,8905,9616,88303,132895,179514,328091,0,0,0,0,0,0,0,0,0,0,0"
grid10_M5_r-0.3_s42/A50.mvh,kd_C16,0,True,48950,448472,717484,19982,3.4258,3.1,4.8,7.7,27.2,0.7,15.1,0.0,34537601,7566533,10348094,51558399,708471,76804,696104,21379,67792,0,0,0,0.19,50.0,1687.7,3416594,1155648,2259569,82,1295,70,2017,93,0,0,0,"6772,2004,2107,6828,18385,38231,86578,210552,415211,727715,826959,908332,166920,0,0,0,0,0,0,0,0,0,0,0","15544,2333,35,5082,8871,2082,4004,8905,9616,88303,132895,179514,328091,0,0,0,0,0,0,0,0,0,0,0"
grid10_M5_r-0.3_s42/A50.mvh,kd_C32,0,True,48950,448472,717484,19982,3.4668,3.1,4.8,7.7,27.2,0.7,15.0,0.0,39388143,8774043,10348094,51733130,708471,76804,696104,21379,67792,0,0,0,0.19,50.0,1687.7,3416594,1155648,2259569,82,1295,57,1839,93,0,0,0,"6772,2004,2107,6828,18385,38231,86578,210552,415211,727715,826959,908332,166920,0,0,0,0,0,0,0,0,0,0,0","15544,2333,35,5082,8871,2082,4004,8905,9616,88303,132895,179514,328091,0,0,0,0,0,0,0,0,0,0,0"
grid10_M5_r-0.3_s42/A50.mvh,kd_C64,0,True,48950,448472,717484,19982,4.3869,3.1,4.8,7.5,28.0,0.7,15.1,0.0,55020787,12828315,10348094,52285540,708471,76804,696104,21379,67792,0,0,0,0.19,50.0,1687.7,3416594,1155648,2259569,82,1295,44,1560,93,0,0,0,"6772,2004,2107,6828,18385,38231,86578,210552,415211,727715,826959,908332,166920,0,0,0,0,0,0,0,0,0,0,0","15544,2333,35,5082,8871,2082,4004,8905,9616,88303,132895,179514,328091,0,0,0,0,0,0,0,0,0,0,0"
grid10_M5_r-0.3_s42/A50.mvh,kd_C128,0,True,48950,448472,717484,19982,3.8653,3.0,4.7,7.5,29.2,0.7,14.8,0.0,98666982,24845607,10348094,54039936,708471,76804,696104,21379,67792,0,0,0,0.19,50.0,1687.7,3416594,1155648,2259569,82,1295,35,1179,93,0,0,0,"6772,2004,2107,6828,18385,38231,86578,210552,415211,727715,826959,908332,166920,0,0,0,0,0,0,0,0,0,0,0","15544,2333,35,5082,8871,2082,4004,8905,9616,88303,132895,179514,328091,0,0,0,0,0,0,0,0,0,0,0"
grid10_M5_r-0.3_s42/A50.mvh,bk8_C32,0,True,48950,448472,717484,19982,3.7234,2.9,5.2,9.8,26.3,0.7,17.2,0.0,19010077,6483896,10348094,16618091,708471,76804,696104,21379,67792,0,0,0,0.19,50.0,1687.7,3416594,1155648,2259569,82,1295,57,1839,93,0,0,0,"6772,2004,2107,6828,18385,38231,86578,210552,415211,727715,826959,908332,166920,0,0,0,0,0,0,0,0,0,0,0","15544,2333,35,5082,8871,2082,4004,8905,9616,88303,132895,179514,328091,0,0,0,0,0,0,0,0,0,0,0"
grid10_M5_r-0.3_s42/A50.mvh,flat,1,True,48950,448472,717484,19982,13.6421,12.2,14.4,16.2,30.8,0.2,12.5,0.0,2620302970,445828466,10348094,3805862548,708471,76804,696104,21379,67792,0,0,0,0.19,50.0,1687.7,3416594,1155648,2259569,82,1295,0,0,93,0,0,0,"6772,2004,2107,6828,18385,38231,86578,210552,415211,727715,826959,908332,166920,0,0,0,0,0,0,0,0,0,0,0","15544,2333,35,5082,8871,2082,4004,8905,9616,88303,132895,179514,328091,0,0,0,0,0,0,0,0,0,0,0"
grid10_M5_r-0.3_s42/A50.mvh,kd_X0,1,True,48950,448472,717484,19982,3.9167,3.1,4.9,7.6,27.3,0.7,15.2,0.0,33048599,7270770,10348094,51571468,708471,76804,696104,21379,67792,0,0,0,0.19,50.0,1687.7,3416594,1155648,2259569,82,1295,100,2155,93,0,0,0,"6772,2004,2107,6828,18385,38231,86578,210552,415211,727715,826959,908332,166920,0,0,0,0,0,0,0,0,0,0,0","15544,2333,35,5082,8871,2082,4004,8905,9616,88303,132895,179514,328091,0,0,0,0,0,0,0,0,0,0,0"
grid10_M5_r-0.3_s42/A50.mvh,kd_X16,1,True,48950,448472,717484,19982,3.6882,3.1,4.8,7.7,27.3,0.7,15.1,0.0,33073631,7265696,10348094,50891586,708471,76804,696104,21379,67792,0,0,0,0.19,50.0,1687.7,3416594,1155648,2259569,82,1295,88,2131,93,0,0,0,"6772,2004,2107,6828,18385,38231,86578,210552,415211,727715,826959,908332,166920,0,0,0,0,0,0,0,0,0,0,0","15544,2333,35,5082,8871,2082,4004,8905,9616,88303,132895,179514,328091,0,0,0,0,0,0,0,0,0,0,0"
grid10_M5_r-0.3_s42/A50.mvh,kd_X32,1,True,48950,448472,717484,19982,3.6453,3.1,4.8,7.7,27.2,0.7,15.1,0.0,33462296,7319158,10348094,51778316,708471,76804,696104,21379,67792,0,0,0,0.19,50.0,1687.7,3416594,1155648,2259569,82,1295,86,2091,93,0,0,0,"6772,2004,2107,6828,18385,38231,86578,210552,415211,727715,826959,908332,166920,0,0,0,0,0,0,0,0,0,0,0","15544,2333,35,5082,8871,2082,4004,8905,9616,88303,132895,179514,328091,0,0,0,0,0,0,0,0,0,0,0"
grid10_M5_r-0.3_s42/A50.mvh,kd_X64,1,True,48950,448472,717484,19982,3.6679,3.1,4.8,7.7,27.2,0.8,15.2,0.0,34859486,7581096,10348094,51930701,708471,76804,696104,21379,67792,0,0,0,0.19,50.0,1687.7,3416594,1155648,2259569,82,1295,76,1997,93,0,0,0,"6772,2004,2107,6828,18385,38231,86578,210552,415211,727715,826959,908332,166920,0,0,0,0,0,0,0,0,0,0,0","15544,2333,35,5082,8871,2082,4004,8905,9616,88303,132895,179514,328091,0,0,0,0,0,0,0,0,0,0,0"
grid10_M5_r-0.3_s42/A50.mvh,kd_X128,1,True,48950,448472,717484,19982,4.6694,3.0,4.7,7.7,27.3,0.6,14.8,0.0,41101297,8956333,10348094,52736875,708471,76804,696104,21379,67792,0,0,0,0.19,50.0,1687.7,3416594,1155648,2259569,82,1295,63,1798,93,0,0,0,"6772,2004,2107,6828,18385,38231,86578,210552,415211,727715,826959,908332,166920,0,0,0,0,0,0,0,0,0,0,0","15544,2333,35,5082,8871,2082,4004,8905,9616,88303,132895,179514,328091,0,0,0,0,0,0,0,0,0,0,0"
grid10_M5_r-0.3_s42/A50.mvh,kd_C8,1,True,48950,448472,717484,19982,3.6016,3.1,4.8,7.7,27.2,0.8,15.2,0.0,33296475,7289970,10348094,50891586,708471,76804,696104,21379,67792,0,0,0,0.19,50.0,1687.7,3416594,1155648,2259569,82,1295,79,2103,93,0,0,0,"6772,2004,2107,6828,18385,38231,86578,210552,415211,727715,826959,908332,166920,0,0,0,0,0,0,0,0,0,0,0","15544,2333,35,5082,8871,2082,4004,8905,9616,88303,132895,179514,328091,0,0,0,0,0,0,0,0,0,0,0"
grid10_M5_r-0.3_s42/A50.mvh,kd_C16,1,True,48950,448472,717484,19982,3.4444,3.1,4.8,7.8,27.3,0.7,15.1,0.0,34537601,7566533,10348094,51558399,708471,76804,696104,21379,67792,0,0,0,0.19,50.0,1687.7,3416594,1155648,2259569,82,1295,70,2017,93,0,0,0,"6772,2004,2107,6828,18385,38231,86578,210552,415211,727715,826959,908332,166920,0,0,0,0,0,0,0,0,0,0,0","15544,2333,35,5082,8871,2082,4004,8905,9616,88303,132895,179514,328091,0,0,0,0,0,0,0,0,0,0,0"
grid10_M5_r-0.3_s42/A50.mvh,kd_C32,1,True,48950,448472,717484,19982,3.9363,3.1,4.7,7.7,27.4,0.7,15.1,0.0,39388143,8774043,10348094,51733130,708471,76804,696104,21379,67792,0,0,0,0.19,50.0,1687.7,3416594,1155648,2259569,82,1295,57,1839,93,0,0,0,"6772,2004,2107,6828,18385,38231,86578,210552,415211,727715,826959,908332,166920,0,0,0,0,0,0,0,0,0,0,0","15544,2333,35,5082,8871,2082,4004,8905,9616,88303,132895,179514,328091,0,0,0,0,0,0,0,0,0,0,0"
grid10_M5_r-0.3_s42/A50.mvh,kd_C64,1,True,48950,448472,717484,19982,3.5966,3.1,4.8,7.7,27.9,0.8,15.0,0.0,55020787,12828315,10348094,52285540,708471,76804,696104,21379,67792,0,0,0,0.19,50.0,1687.7,3416594,1155648,2259569,82,1295,44,1560,93,0,0,0,"6772,2004,2107,6828,18385,38231,86578,210552,415211,727715,826959,908332,166920,0,0,0,0,0,0,0,0,0,0,0","15544,2333,35,5082,8871,2082,4004,8905,9616,88303,132895,179514,328091,0,0,0,0,0,0,0,0,0,0,0"
grid10_M5_r-0.3_s42/A50.mvh,kd_C128,1,True,48950,448472,717484,19982,4.1878,3.0,4.6,7.4,29.2,0.6,14.8,0.0,98666982,24845607,10348094,54039936,708471,76804,696104,21379,67792,0,0,0,0.19,50.0,1687.7,3416594,1155648,2259569,82,1295,35,1179,93,0,0,0,"6772,2004,2107,6828,18385,38231,86578,210552,415211,727715,826959,908332,166920,0,0,0,0,0,0,0,0,0,0,0","15544,2333,35,5082,8871,2082,4004,8905,9616,88303,132895,179514,328091,0,0,0,0,0,0,0,0,0,0,0"
grid10_M5_r-0.3_s42/A50.mvh,bk8_C32,1,True,48950,448472,717484,19982,4.0473,3.0,5.3,9.9,26.4,0.7,17.1,0.0,19010077,6483896,10348094,16618091,708471,76804,696104,21379,67792,0,0,0,0.19,50.0,1687.7,3416594,1155648,2259569,82,1295,57,1839,93,0,0,0,"6772,2004,2107,6828,18385,38231,86578,210552,415211,727715,826959,908332,166920,0,0,0,0,0,0,0,0,0,0,0","15544,2333,35,5082,8871,2082,4004,8905,9616,88303,132895,179514,328091,0,0,0,0,0,0,0,0,0,0,0"
grid10_M5_r-0.3_s42/A50.mvh,flat,2,True,48950,448472,717484,19982,13.6360,12.2,14.4,16.4,30.6,0.2,12.5,0.0,2620302970,445828466,10348094,3805862548,708471,76804,696104,21379,67792,0,0,0,0.19,50.0,1687.7,3416594,1155648,2259569,82,1295,0,0,93,0,0,0,"6772,2004,2107,6828,18385,38231,86578,210552,415211,727715,826959,908332,166920,0,0,0,0,0,0,0,0,0,0,0","15544,2333,35,5082,8871,2082,4004,8905,9616,88303,132895,179514,328091,0,0,0,0,0,0,0,0,0,0,0"
grid10_M5_r-0.3_s42/A50.mvh,kd_X0,2,True,48950,448472,717484,19982,3.9112,3.0,4.8,7.7,27.1,0.7,15.1,0.0,33048599,7270770,10348094,51571468,708471,76804,696104,21379,67792,0,0,0,0.19,50.0,1687.7,3416594,1155648,2259569,82,1295,100,2155,93,0,0,0,"6772,2004,2107,6828,18385,38231,86578,210552,415211,727715,826959,908332,166920,0,0,0,0,0,0,0,0,0,0,0","15544,2333,35,5082,8871,2082,4004,8905,9616,88303,132895,179514,328091,0,0,0,0,0,0,0,0,0,0,0"
grid10_M5_r-0.3_s42/A50.mvh,kd_X16,2,True,48950,448472,717484,19982,3.5475,3.1,4.8,7.7,27.3,0.8,15.1,0.0,33073631,7265696,10348094,50891586,708471,76804,696104,21379,67792,0,0,0,0.19,50.0,1687.7,3416594,1155648,2259569,82,1295,88,2131,93,0,0,0,"6772,2004,2107,6828,18385,38231,86578,210552,415211,727715,826959,908332,166920,0,0,0,0,0,0,0,0,0,0,0","15544,2333,35,5082,8871,2082,4004,8905,9616,88303,132895,179514,328091,0,0,0,0,0,0,0,0,0,0,0"
grid10_M5_r-0.3_s42/A50.mvh,kd_X32,2,True,48950,448472,717484,19982,3.6612,3.1,4.8,7.7,27.3,0.8,15.2,0.0,33462296,7319158,10348094,51778316,708471,76804,696104,21379,67792,0,0,0,0.19,50.0,1687.7,3416594,1155648,2259569,82,1295,86,2091,93,0,0,0,"6772,2004,2107,6828,18385,38231,86578,210552,415211,727715,826959,908332,166920,0,0,0,0,0,0,0,0,0,0,0","15544,2333,35,5082,8871,2082,4004,8905,9616,88303,132895,179514,328091,0,0,0,0,0,0,0,0,0,0,0"
grid10_M5_r-0.3_s42/A50.mvh,kd_X64,2,True,48950,448472,717484,19982,3.7464,3.1,4.8,7.8,27.3,0.7,15.1,0.0,34859486,7581096,10348094,51930701,708471,76804,696104,21379,67792,0,0,0,0.19,50.0,1687.7,3416594,1155648,2259569,82,1295,76,1997,93,0,0,0,"6772,2004,2107,6828,18385,38231,86578,210552,415211,727715,826959,908332,166920,0,0,0,0,0,0,0,0,0,0,0","15544,2333,35,5082,8871,2082,4004,8905,9616,88303,132895,179514,328091,0,0,0,0,0,0,0,0,0,0,0"
grid10_M5_r-0.3_s42/A50.mvh,kd_X128,2,True,48950,448472,717484,19982,4.2406,3.1,4.8,7.6,27.7,0.8,15.2,0.0,41101297,8956333,10348094,52736875,708471,76804,696104,21379,67792,0,0,0,0.19,50.0,1687.7,3416594,1155648,2259569,82,1295,63,1798,93,0,0,0,"6772,2004,2107,6828,18385,38231,86578,210552,415211,727715,826959,908332,166920,0,0,0,0,0,0,0,0,0,0,0","15544,2333,35,5082,8871,2082,4004,8905,9616,88303,132895,179514,328091,0,0,0,0,0,0,0,0,0,0,0"
grid10_M5_r-0.3_s42/A50.mvh,kd_C8,2,True,48950,448472,717484,19982,3.8766,3.1,4.8,7.7,27.1,0.7,15.1,0.0,33296475,7289970,10348094,50891586,708471,76804,696104,21379,67792,0,0,0,0.19,50.0,1687.7,3416594,1155648,2259569,82,1295,79,2103,93,0,0,0,"6772,2004,2107,6828,18385,38231,86578,210552,415211,727715,826959,908332,166920,0,0,0,0,0,0,0,0,0,0,0","15544,2333,35,5082,8871,2082,4004,8905,9616,88303,132895,179514,328091,0,0,0,0,0,0,0,0,0,0,0"
grid10_M5_r-0.3_s42/A50.mvh,kd_C16,2,True,48950,448472,717484,19982,3.8558,3.1,4.8,7.6,27.4,0.8,15.3,0.0,34537601,7566533,10348094,51558399,708471,76804,696104,21379,67792,0,0,0,0.19,50.0,1687.7,3416594,1155648,2259569,82,1295,70,2017,93,0,0,0,"6772,2004,2107,6828,18385,38231,86578,210552,415211,727715,826959,908332,166920,0,0,0,0,0,0,0,0,0,0,0","15544,2333,35,5082,8871,2082,4004,8905,9616,88303,132895,179514,328091,0,0,0,0,0,0,0,0,0,0,0"
grid10_M5_r-0.3_s42/A50.mvh,kd_C32,2,True,48950,448472,717484,19982,3.5781,3.1,4.8,7.8,27.3,0.7,15.1,0.0,39388143,8774043,10348094,51733130,708471,76804,696104,21379,67792,0,0,0,0.19,50.0,1687.7,3416594,1155648,2259569,82,1295,57,1839,93,0,0,0,"6772,2004,2107,6828,18385,38231,86578,210552,415211,727715,826959,908332,166920,0,0,0,0,0,0,0,0,0,0,0","15544,2333,35,5082,8871,2082,4004,8905,9616,88303,132895,179514,328091,0,0,0,0,0,0,0,0,0,0,0"
grid10_M5_r-0.3_s42/A50.mvh,kd_C64,2,True,48950,448472,717484,19982,3.4601,3.1,4.8,7.6,27.8,0.8,15.0,0.0,55020787,12828315,10348094,52285540,708471,76804,696104,21379,67792,0,0,0,0.19,50.0,1687.7,3416594,1155648,2259569,82,1295,44,1560,93,0,0,0,"6772,2004,2107,6828,18385,38231,86578,210552,415211,727715,826959,908332,166920,0,0,0,0,0,0,0,0,0,0,0","15544,2333,35,5082,8871,2082,4004,8905,9616,88303,132895,179514,328091,0,0,0,0,0,0,0,0,0,0,0"
grid10_M5_r-0.3_s42/A50.mvh,kd_C128,2,True,48950,448472,717484,19982,4.6442,3.1,4.7,7.4,29.2,0.8,15.1,0.0,98666982,24845607,10348094,54039936,708471,76804,696104,21379,67792,0,0,0,0.19,50.0,1687.7,3416594,1155648,2259569,82,1295,35,1179,93,0,0,0,"6772,2004,2107,6828,18385,38231,86578,210552,415211,727715,826959,908332,166920,0,0,0,0,0,0,0,0,0,0,0","15544,2333,35,5082,8871,2082,4004,8905,9616,88303,132895,179514,328091,0,0,0,0,0,0,0,0,0,0,0"
grid10_M5_r-0.3_s42/A50.mvh,bk8_C32,2,True,48950,448472,717484,19982,3.9743,2.9,5.2,9.8,26.3,0.7,16.9,0.0,19010077,6483896,10348094,16618091,708471,76804,696104,21379,67792,0,0,0,0.19,50.0,1687.7,3416594,1155648,2259569,82,1295,57,1839,93,0,0,0,"6772,2004,2107,6828,18385,38231,86578,210552,415211,727715,826959,908332,166920,0,0,0,0,0,0,0,0,0,0,0","15544,2333,35,5082,8871,2082,4004,8905,9616,88303,132895,179514,328091,0,0,0,0,0,0,0,0,0,0,0"
grid10_M5_r-0.3_s42/A50.mvh,flat,3,True,48950,448472,717484,19982,13.5320,12.3,14.4,16.0,30.9,0.2,12.5,0.0,2620302970,445828466,10348094,3805862548,708471,76804,696104,21379,67792,0,0,0,0.19,50.0,1687.7,3416594,1155648,2259569,82,1295,0,0,93,0,0,0,"6772,2004,2107,6828,18385,38231,86578,210552,415211,727715,826959,908332,166920,0,0,0,0,0,0,0,0,0,0,0","15544,2333,35,5082,8871,2082,4004,8905,9616,88303,132895,179514,328091,0,0,0,0,0,0,0,0,0,0,0"
grid10_M5_r-0.3_s42/A50.mvh,kd_X0,3,True,48950,448472,717484,19982,3.9994,3.0,4.7,7.7,27.2,0.7,15.1,0.0,33048599,7270770,10348094,51571468,708471,76804,696104,21379,67792,0,0,0,0.19,50.0,1687.7,3416594,1155648,2259569,82,1295,100,2155,93,0,0,0,"6772,2004,2107,6828,18385,38231,86578,210552,415211,727715,826959,908332,166920,0,0,0,0,0,0,0,0,0,0,0","15544,2333,35,5082,8871,2082,4004,8905,9616,88303,132895,179514,328091,0,0,0,0,0,0,0,0,0,0,0"
grid10_M5_r-0.3_s42/A50.mvh,kd_X16,3,True,48950,448472,717484,19982,3.6539,3.1,4.8,7.7,27.3,0.8,15.2,0.0,33073631,7265696,10348094,50891586,708471,76804,696104,21379,67792,0,0,0,0.19,50.0,1687.7,3416594,1155648,2259569,82,1295,88,2131,93,0,0,0,"6772,2004,2107,6828,18385,38231,86578,210552,415211,727715,826959,908332,166920,0,0,0,0,0,0,0,0,0,0,0","15544,2333,35,5082,8871,2082,4004,8905,9616,88303,132895,179514,328091,0,0,0,0,0,0,0,0,0,0,0"
grid10_M5_r-0.3_s42/A50.mvh,kd_X32,3,True,48950,448472,717484,19982,3.5934,3.1,4.8,7.6,27.2,0.7,15.2,0.0,33462296,7319158,10348094,51778316,708471,76804,696104,21379,67792,0,0,0,0.19,50.0,1687.7,3416594,1155648,2259569,82,1295,86,2091,93,0,0,0,"6772,2004,2107,6828,18385,38231,86578,210552,415211,727715,826959,908332,166920,0,0,0,0,0,0,0,0,0,0,0","15544,2333,35,5082,8871,2082,4004,8905,9616,88303,132895,179514,328091,0,0,0,0,0,0,0,0,0,0,0"
grid10_M5_r-0.3_s42/A50.mvh,kd_X64,3,True,48950,448472,717484,19982,3.5389,3.1,4.8,7.8,27.3,0.7,15.2,0.0,34859486,7581096,10348094,51930701,708471,76804,696104,21379,67792,0,0,0,0.19,50.0,1687.7,3416594,1155648,2259569,82,1295,76,1997,93,0,0,0,"6772,2004,2107,6828,18385,38231,86578,210552,415211,727715,826959,908332,166920,0,0,0,0,0,0,0,0,0,0,0","15544,2333,35,5082,8871,2082,4004,8905,9616,88303,132895,179514,328091,0,0,0,0,0,0,0,0,0,0,0"
grid10_M5_r-0.3_s42/A50.mvh,kd_X128,3,True,48950,448472,717484,19982,3.7372,3.1,4.8,7.7,27.4,0.8,15.0,0.0,41101297,8956333,10348094,52736875,708471,76804,696104,21379,67792,0,0,0,0.19,50.0,1687.7,3416594,1155648,2259569,82,1295,63,1798,93,0,0,0,"6772,2004,2107,6828,18385,38231,86578,210552,415211,727715,826959,908332,166920,0,0,0,0,0,0,0,0,0,0,0","15544,2333,35,5082,8871,2082,4004,8905,9616,88303,132895,179514,328091,0,0,0,0,0,0,0,0,0,0,0"
grid10_M5_r-0.3_s42/A50.mvh,kd_C8,3,True,48950,448472,717484,19982,4.7568,3.1,4.7,7.5,27.4,0.7,15.1,0.0,33296475,7289970,10348094,50891586,708471,76804,696104,21379,67792,0,0,0,0.19,50.0,1687.7,3416594,1155648,2259569,82,1295,79,2103,93,0,0,0,"6772,2004,2107,6828,18385,38231,86578,210552,415211,727715,826959,908332,166920,0,0,0,0,0,0,0,0,0,0,0","15544,2333,35,5082,8871,2082,4004,8905,9616,88303,132895,179514,328091,0,0,0,0,0,0,0,0,0,0,0"
grid10_M5_r-0.3_s42/A50.mvh,kd_C16,3,True,48950,448472,717484,19982,3.6322,3.1,4.8,7.7,27.3,0.8,15.1,0.0,34537601,7566533,10348094,51558399,708471,76804,696104,21379,67792,0,0,0,0.19,50.0,1687.7,3416594,1155648,2259569,82,1295,70,2017,93,0,0,0,"6772,2004,2107,6828,18385,38231,86578,210552,415211,727715,826959,908332,166920,0,0,0,0,0,0,0,0,0,0,0","15544,2333,35,5082,8871,2082,4004,8905,9616,88303,132895,179514,328091,0,0,0,0,0,0,0,0,0,0,0"
grid10_M5_r-0.3_s42/A50.mvh,kd_C32,3,True,48950,448472,717484,19982,3.6350,3.1,4.8,7.7,27.4,0.7,15.1,0.0,39388143,8774043,10348094,51733130,708471,76804,696104,21379,67792,0,0,0,0.19,50.0,1687.7,3416594,1155648,2259569,82,1295,57,1839,93,0,0,0,"6772,2004,2107,6828,18385,38231,86578,210552,415211,727715,826959,908332,166920,0,0,0,0,0,0,0,0,0,0,0","15544,2333,35,5082,8871,2082,4004,8905,9616,88303,132895,179514,328091,0,0,0,0,0,0,0,0,0,0,0"
grid10_M5_r-0.3_s42/A50.mvh,kd_C64,3,True,48950,448472,717484,19982,3.9453,3.1,4.8,7.7,27.8,0.8,15.1,0.0,55020787,12828315,10348094,52285540,708471,76804,696104,21379,67792,0,0,0,0.19,50.0,1687.7,3416594,1155648,2259569,82,1295,44,1560,93,0,0,0,"6772,2004,2107,6828,18385,38231,86578,210552,415211,727715,826959,908332,166920,0,0,0,0,0,0,0,0,0,0,0","15544,2333,35,5082,8871,2082,4004,8905,9616,88303,132895,179514,328091,0,0,0,0,0,0,0,0,0,0,0"
grid10_M5_r-0.3_s42/A50.mvh,kd_C128,3,True,48950,448472,717484,19982,4.6184,3.0,4.8,7.2,29.1,0.7,14.8,0.0,98666982,24845607,10348094,54039936,708471,76804,696104,21379,67792,0,0,0,0.19,50.0,1687.7,3416594,1155648,2259569,82,1295,35,1179,93,0,0,0,"6772,2004,2107,6828,18385,38231,86578,210552,415211,727715,826959,908332,166920,0,0,0,0,0,0,0,0,0,0,0","15544,2333,35,5082,8871,2082,4004,8905,9616,88303,132895,179514,328091,0,0,0,0,0,0,0,0,0,0,0"
grid10_M5_r-0.3_s42/A50.mvh,bk8_C32,3,True,48950,448472,717484,19982,4.4698,2.9,5.3,10.1,26.4,0.7,16.9,0.0,19010077,6483896,10348094,16618091,708471,76804,696104,21379,67792,0,0,0,0.19,50.0,1687.7,3416594,1155648,2259569,82,1295,57,1839,93,0,0,0,"6772,2004,2107,6828,18385,38231,86578,210552,415211,727715,826959,908332,166920,0,0,0,0,0,0,0,0,0,0,0","15544,2333,35,5082,8871,2082,4004,8905,9616,88303,132895,179514,328091,0,0,0,0,0,0,0,0,0,0,0"
grid10_M5_r-0.3_s42/A50.mvh,flat,4,True,48950,448472,717484,19982,14.1995,12.3,14.5,16.1,30.8,0.2,12.6,0.0,2620302970,445828466,10348094,3805862548,708471,76804,696104,21379,67792,0,0,0,0.19,50.0,1687.7,3416594,1155648,2259569,82,1295,0,0,93,0,0,0,"6772,2004,2107,6828,18385,38231,86578,210552,415211,727715,826959,908332,166920,0,0,0,0,0,0,0,0,0,0,0","15544,2333,35,5082,8871,2082,4004,8905,9616,88303,132895,179514,328091,0,0,0,0,0,0,0,0,0,0,0"
grid10_M5_r-0.3_s42/A50.mvh,kd_X0,4,True,48950,448472,717484,19982,4.0866,3.0,4.7,7.6,27.2,0.6,15.1,0.0,33048599,7270770,10348094,51571468,708471,76804,696104,21379,67792,0,0,0,0.19,50.0,1687.7,3416594,1155648,2259569,82,1295,100,2155,93,0,0,0,"6772,2004,2107,6828,18385,38231,86578,210552,415211,727715,826959,908332,166920,0,0,0,0,0,0,0,0,0,0,0","15544,2333,35,5082,8871,2082,4004,8905,9616,88303,132895,179514,328091,0,0,0,0,0,0,0,0,0,0,0"
grid10_M5_r-0.3_s42/A50.mvh,kd_X16,4,True,48950,448472,717484,19982,3.3219,3.1,4.8,7.7,27.2,0.8,15.2,0.0,33073631,7265696,10348094,50891586,708471,76804,696104,21379,67792,0,0,0,0.19,50.0,1687.7,3416594,1155648,2259569,82,1295,88,2131,93,0,0,0,"6772,2004,2107,6828,18385,38231,86578,210552,415211,727715,826959,908332,166920,0,0,0,0,0,0,0,0,0,0,0","15544,2333,35,5082,8871,2082,4004,8905,9616,88303,132895,179514,328091,0,0,0,0,0,0,0,0,0,0,0"
grid10_M5_r-0.3_s42/A50.mvh,kd_X32,4,True,48950,448472,717484,19982,3.8720,3.1,4.7,7.6,27.5,0.7,15.3,0.0,33462296,7319158,10348094,51778316,708471,76804,696104,21379,67792,0,0,0,0.19,50.0,1687.7,3416594,1155648,2259569,82,1295,86,2091,93,0,0,0,"6772,2004,2107,6828,18385,38231,86578,210552,415211,727715,826959,908332,166920,0,0,0,0,0,0,0,0,0,0,0","15544,2333,35,5082,8871,2082,4004,8905,9616,88303,132895,179514,328091,0,0,0,0,0,0,0,0,0,0,0"
grid10_M5_r-0.3_s42/A50.mvh,kd_X64,4,True,48950,448472,717484,19982,3.9980,3.1,4.8,7.6,27.4,0.8,15.3,0.0,34859486,7581096,10348094,51930701,708471,76804,696104,21379,67792,0,0,0,0.19,50.0,1687.7,3416594,1155648,2259569,82,1295,76,1997,93,0,0,0,"6772,2004,2107,6828,18385,38231,86578,210552,415211,727715,826959,908332,166920,0,0,0,0,0,0,0,0,0,0,0","15544,2333,35,5082,8871,2082,4004,8905,9616,88303,132895,179514,328091,0,0,0,0,0,0,0,0,0,0,0"
grid10_M5_r-0.3_s42/A50.mvh,kd_X128,4,True,48950,448472,717484,19982,4.5909,3.1,4.8,7.5,27.6,0.7,15.1,0.0,41101297,8956333,10348094,52736875,708471,76804,696104,21379,67792,0,0,0,0.19,50.0,1687.7,3416594,1155648,2259569,82,1295,63,1798,93,0,0,0,"6772,2004,2107,6828,18385,38231,86578,210552,415211,727715,826959,908332,166920,0,0,0,0,0,0,0,0,0,0,0","15544,2333,35,5082,8871,2082,4004,8905,9616,88303,132895,179514,328091,0,0,0,0,0,0,0,0,0,0,0"
grid10_M5_r-0.3_s42/A50.mvh,kd_C8,4,True,48950,448472,717484,19982,3.9616,3.1,4.8,7.7,27.2,0.7,15.1,0.0,33296475,7289970,10348094,50891586,708471,76804,696104,21379,67792,0,0,0,0.19,50.0,1687.7,3416594,1155648,2259569,82,1295,79,2103,93,0,0,0,"6772,2004,2107,6828,18385,38231,86578,210552,415211,727715,826959,908332,166920,0,0,0,0,0,0,0,0,0,0,0","15544,2333,35,5082,8871,2082,4004,8905,9616,88303,132895,179514,328091,0,0,0,0,0,0,0,0,0,0,0"
grid10_M5_r-0.3_s42/A50.mvh,kd_C16,4,True,48950,448472,717484,19982,3.6581,3.1,4.8,7.7,27.3,0.8,15.2,0.0,34537601,7566533,10348094,51558399,708471,76804,696104,21379,67792,0,0,0,0.19,50.0,1687.7,3416594,1155648,2259569,82,1295,70,2017,93,0,0,0,"6772,2004,2107,6828,18385,38231,86578,210552,415211,727715,826959,908332,166920,0,0,0,0,0,0,0,0,0,0,0","15544,2333,35,5082,8871,2082,4004,8905,9616,88303,132895,179514,328091,0,0,0,0,0,0,0,0,0,0,0"
grid10_M5_r-0.3_s42/A50.mvh,kd_C32,4,True,48950,448472,717484,19982,4.1133,3.1,4.8,7.7,27.6,0.8,15.2,0.0,39388143,8774043,10348094,51733130,708471,76804,696104,21379,67792,0,0,0,0.19,50.0,1687.7,3416594,1155648,2259569,82,1295,57,1839,93,0,0,0,"6772,2004,2107,6828,18385,38231,86578,210552,415211,727715,826959,908332,166920,0,0,0,0,0,0,0,0,0,0,0","15544,2333,35,5082,8871,2082,4004,8905,9616,88303,132895,179514,328091,0,0,0,0,0,0,0,0,0,0,0"
grid10_M5_r-0.3_s42/A50.mvh,kd_C64,4,True,48950,448472,717484,19982,5.4859,3.2,4.7,8.0,27.5,0.6,14.5,0.0,55020787,12828315,10348094,52285540,708471,76804,696104,21379,67792,0,0,0,0.19,50.0,1687.7,3416594,1155648,2259569,82,1295,44,1560,93,0,0,0,"6772,2004,2107,6828,18385,38231,86578,210552,415211,727715,826959,908332,166920,0,0,0,0,0,0,0,0,0,0,0","15544,2333,35,5082,8871,2082,4004,8905,9616,88303,132895,179514,328091,0,0,0,0,0,0,0,0,0,0,0"
grid10_M5_r-0.3_s42/A50.mvh,kd_C128,4,True,48950,448472,717484,19982,5.1910,2.9,4.6,7.3,29.3,0.6,14.8,0.0,98666982,24845607,10348094,54039936,708471,76804,696104,21379,67792,0,0,0,0.19,50.0,1687.7,3416594,1155648,2259569,82,1295,35,1179,93,0,0,0,"6772,2004,2107,6828,18385,38231,86578,210552,415211,727715,826959,908332,166920,0,0,0,0,0,0,0,0,0,0,0","15544,2333,35,5082,8871,2082,4004,8905,9616,88303,132895,179514,328091,0,0,0,0,0,0,0,0,0,0,0"
grid10_M5_r-0.3_s42/A50.mvh,bk8_C32,4,True,48950,448472,717484,19982,3.9432,2.9,5.2,9.9,26.4,0.7,17.1,0.0,19010077,6483896,10348094,16618091,708471,76804,696104,21379,67792,0,0,0,0.19,50.0,1687.7,3416594,1155648,2259569,82,1295,57,1839,93,0,0,0,"6772,2004,2107,6828,18385,38231,86578,210552,415211,727715,826959,908332,166920,0,0,0,0,0,0,0,0,0,0,0","15544,2333,35,5082,8871,2082,4004,8905,9616,88303,132895,179514,328091,0,0,0,0,0,0,0,0,0,0,0"
grid_10x10_d4_tradeoff_cyc1/g10d4c1_apex.mvh,flat,0,True,11330,47305,83990,17560,0.8687,5.6,31.9,22.5,19.7,3.9,7.7,0.3,87066059,18567538,14959755,306370544,84512,36685,25521,58468,37208,0,0,0,37.59,196.2,614.5,299617,122235,166303,1497,9582,0,0,93,0,0,0,"7380,2069,3934,5937,8126,15638,26598,56176,61025,63151,41827,7756,0,0,0,0,0,0,0,0,0,0,0,0","98,95,341,446,889,920,2772,6548,12653,23603,52859,19973,0,0,0,0,0,0,0,0,0,0,0,0"
grid_10x10_d4_tradeoff_cyc1/g10d4c1_apex.mvh,kd_X0,0,True,11330,47305,83990,17560,0.6506,1.6,39.7,26.0,12.6,5.0,5.4,0.3,2146437,421559,14959755,41052048,84512,36685,25521,58468,37208,0,0,0,37.59,196.2,614.5,299617,122235,166303,1497,9582,86,349,93,0,0,0,"7380,2069,3934,5937,8126,15638,26598,56176,61025,63151,41827,7756,0,0,0,0,0,0,0,0,0,0,0,0","98,95,341,446,889,920,2772,6548,12653,23603,52859,19973,0,0,0,0,0,0,0,0,0,0,0,0"
grid_10x10_d4_tradeoff_cyc1/g10d4c1_apex.mvh,kd_X16,0,True,11330,47305,83990,17560,0.8536,1.6,40.5,24.2,13.3,5.2,5.5,0.3,2219558,427798,14959755,42615379,84512,36685,25521,58468,37208,0,0,0,37.59,196.2,614.5,299617,122235,166303,1497,9582,52,329,93,0,0,0,"7380,2069,3934,5937,8126,15638,26598,56176,61025,63151,41827,7756,0,0,0,0,0,0,0,0,0,0,0,0","98,95,341,446,889,920,2772,6548,12653,23603,52859,19973,0,0,0,0,0,0,0,0,0,0,0,0"
grid_10x10_d4_tradeoff_cyc1/g10d4c1_apex.mvh,kd_X32,0,True,11330,47305,83990,17560,1.2164,1.6,37.8,25.8,12.7,4.8,5.2,0.3,2350901,458827,14959755,42736097,84512,36685,25521,58468,37208,0,0,0,37.59,196.2,614.5,299617,122235,166303,1497,9582,43,309,93,0,0,0,"7380,2069,3934,5937,8126,15638,26598,56176,61025,63151,41827,7756,0,0,0,0,0,0,0,0,0,0,0,0","98,95,341,446,889,920,2772,6548,12653,23603,52859,19973,0,0,0,0,0,0,0,0,0,0,0,0"
grid_10x10_d4_tradeoff_cyc1/g10d4c1_apex.mvh,kd_X64,0,True,11330,47305,83990,17560,1.1076,1.6,37.6,25.5,12.8,4.9,5.2,0.3,2894883,589585,14959755,43083139,84512,36685,25521,58468,37208,0,0,0,37.59,196.2,614.5,299617,122235,166303,1497,9582,36,272,93,0,0,0,"7380,2069,3934,5937,8126,15638,26598,56176,61025,63151,41827,7756,0,0,0,0,0,0,0,0,0,0,0,0","98,95,341,446,889,920,2772,6548,12653,23603,52859,19973,0,0,0,0,0,0,0,0,0,0,0,0"
grid_10x10_d4_tradeoff_cyc1/g10d4c1_apex.mvh,kd_X128,0,True,11330,47305,83990,17560,0.7594,1.6,38.2,26.8,12.6,4.9,5.1,0.4,5041512,1140517,14959755,41734984,84512,36685,25521,58468,37208,0,0,0,37.59,196.2,614.5,299617,122235,166303,1497,9582,21,203,93,0,0,0,"7380,2069,3934,5937,8126,15638,26598,56176,61025,63151,41827,7756,0,0,0,0,0,0,0,0,0,0,0,0","98,95,341,446,889,920,2772,6548,12653,23603,52859,19973,0,0,0,0,0,0,0,0,0,0,0,0"
grid_10x10_d4_tradeoff_cyc1/g10d4c1_apex.mvh,kd_C8,0,True,11330,47305,83990,17560,0.7128,1.6,39.3,26.6,12.1,4.8,5.2,0.5,2478164,483110,14959755,41998982,84512,36685,25521,58468,37208,0,0,0,37.59,196.2,614.5,299617,122235,166303,1497,9582,43,304,93,0,0,0,"7380,2069,3934,5937,8126,15638,26598,56176,61025,63151,41827,7756,0,0,0,0,0,0,0,0,0,0,0,0","98,95,341,446,889,920,2772,6548,12653,23603,52859,19973,0,0,0,0,0,0,0,0,0,0,0,0"
grid_10x10_d4_tradeoff_cyc1/g10d4c1_apex.mvh,kd_C16,0,True,11330,47305,83990,17560,0.6802,1.6,39.2,26.7,12.5,5.0,5.2,0.3,3180820,645572,14959755,42724942,84512,36685,25521,58468,37208,0,0,0,37.59,196.2,614.5,299617,122235,166303,1497,9582,33,264,93,0,0,0,"7380,2069,3934,5937,8126,15638,26598,56176,61025,63151,41827,7756,0,0,0,0,0,0,0,0,0,0,0,0","98,95,341,446,889,920,2772,6548,12653,23603,52859,19973,0,0,0,0,0,0,0,0,0,0,0,0"
grid_10x10_d4_tradeoff_cyc1/g10d4c1_apex.mvh,kd_C32,0,True,11330,47305,83990,17560,0.7322,1.6,39.7,26.0,12.9,5.1,5.1,0.3,5740002,1237633,14959755,45852215,84512,36685,25521,58468,37208,0,0,0,37.59,196.2,614.5,299617,122235,166303,1497,9582,20,199,93,0,0,0,"7380,2069,3934,5937,8126,15638,26598,56176,61025,63151,41827,7756,0,0,0,0,0,0,0,0,0,0,0,0","98,95,341,446,889,920,2772,6548,12653,23603,52859,19973,0,0,0,0,0,0,0,0,0,0,0,0"
grid_10x10_d4_tradeoff_cyc1/g10d4c1_apex.mvh,kd_C64,0,True,11330,47305,83990,17560,0.7949,1.8,38.7,25.6,13.5,5.0,5.2,0.3,11453123,2575774,14959755,56080772,84512,36685,25521,58468,37208,0,0,0,37.59,196.2,614.5,299617,122235,166303,1497,9582,10,138,93,0,0,0,"7380,2069,3934,5937,8126,15638,26598,56176,61025,63151,41827,7756,0,0,0,0,0,0,0,0,0,0,0,0","98,95,341,446,889,920,2772,6548,12653,23603,52859,19973,0,0,0,0,0,0,0,0,0,0,0,0"
grid_10x10_d4_tradeoff_cyc1/g10d4c1_apex.mvh,kd_C128,0,True,11330,47305,83990,17560,0.7509,4.0,34.3,24.0,16.6,4.8,6.4,0.3,41574029,7739152,14959755,154400931,84512,36685,25521,58468,37208,0,0,0,37.59,196.2,614.5,299617,122235,166303,1497,9582,6,67,93,0,0,0,"7380,2069,3934,5937,8126,15638,26598,56176,61025,63151,41827,7756,0,0,0,0,0,0,0,0,0,0,0,0","98,95,341,446,889,920,2772,6548,12653,23603,52859,19973,0,0,0,0,0,0,0,0,0,0,0,0"
grid_10x10_d4_tradeoff_cyc1/g10d4c1_apex.mvh,bk8_C32,0,True,11330,47305,83990,17560,0.9817,1.4,45.0,26.1,10.8,4.0,4.8,0.3,4726732,1105372,14959755,20074289,84512,36685,25521,58468,37208,0,0,0,37.59,196.2,614.5,299617,122235,166303,1497,9582,20,199,93,0,0,0,"7380,2069,3934,5937,8126,15638,26598,56176,61025,63151,41827,7756,0,0,0,0,0,0,0,0,0,0,0,0","98,95,341,446,889,920,2772,6548,12653,23603,52859,19973,0,0,0,0,0,0,0,0,0,0,0,0"
grid_10x10_d4_tradeoff_cyc1/g10d4c1_apex.mvh,flat,1,True,11330,47305,83990,17560,0.9731,5.7,31.7,22.9,19.4,3.8,7.7,0.3,87066059,18567538,14959755,306370544,84512,36685,25521,58468,37208,0,0,0,37.59,196.2,614.5,299617,122235,166303,1497,9582,0,0,93,0,0,0,"7380,2069,3934,5937,8126,15638,26598,56176,61025,63151,41827,7756,0,0,0,0,0,0,0,0,0,0,0,0","98,95,341,446,889,920,2772,6548,12653,23603,52859,19973,0,0,0,0,0,0,0,0,0,0,0,0"
grid_10x10_d4_tradeoff_cyc1/g10d4c1_apex.mvh,kd_X0,1,True,11330,47305,83990,17560,0.6793,1.6,39.5,26.1,12.5,5.0,5.3,0.4,2146437,421559,14959755,41052048,84512,36685,25521,58468,37208,0,0,0,37.59,196.2,614.5,299617,122235,166303,1497,9582,86,349,93,0,0,0,"7380,2069,3934,5937,8126,15638,26598,56176,61025,63151,41827,7756,0,0,0,0,0,0,0,0,0,0,0,0","98,95,341,446,889,920,2772,6548,12653,23603,52859,19973,0,0,0,0,0,0,0,0,0,0,0,0"
grid_10x10_d4_tradeoff_cyc1/g10d4c1_apex.mvh,kd_X16,1,True,11330,47305,83990,17560,0.6704,1.6,40.4,25.9,12.4,4.9,5.2,0.3,2219558,427798,14959755,42615379,84512,36685,25521,58468,37208,0,0,0,37.59,196.2,614.5,299617,122235,166303,1497,9582,52,329,93,0,0,0,"7380,2069,3934,5937,8126,15638,26598,56176,61025,63151,41827,7756,0,0,0,0,0,0,0,0,0,0,0,0","98,95,341,446,889,920,2772,6548,12653,23603,52859,19973,0,0,0,0,0,0,0,0,0,0,0,0"
grid_10x10_d4_tradeoff_cyc1/g10d4c1_apex.mvh,kd_X32,1,True,11330,47305,83990,17560,0.9140,1.5,39.2,25.7,12.9,5.2,5.3,0.3,2350901,458827,14959755,42736097,84512,36685,25521,58468,37208,0,0,0,37.59,196.2,614.5,299617,122235,166303,1497,9582,43,309,93,0,0,0,"7380,2069,3934,5937,8126,15638,26598,56176,61025,63151,41827,7756,0,0,0,0,0,0,0,0,0,0,0,0","98,95,341,446,889,920,2772,6548,12653,23603,52859,19973,0,0,0,0,0,0,0,0,0,0,0,0"
grid_10x10_d4_tradeoff_cyc1/g10d4c1_apex.mvh,kd_X64,1,True,11330,47305,83990,17560,1.0106,1.6,38.7,25.4,12.7,4.8,5.2,0.3,2894883,589585,14959755,43083139,84512,36685,25521,58468,37208,0,0,0,37.59,196.2,614.5,299617,122235,166303,1497,9582,36,272,93,0,0,0,"7380,2069,3934,5937,8126,15638,26598,56176,61025,63151,41827,7756,0,0,0,0,0,0,0,0,0,0,0,0","98,95,341,446,889,920,2772,6548,12653,23603,52859,19973,0,0,0,0,0,0,0,0,0,0,0,0"
grid_10x10_d4_tradeoff_cyc1/g10d4c1_apex.mvh,kd_X128,1,True,11330,47305,83990,17560,1.0428,1.6,37.2,26.2,13.0,5.0,5.1,0.3,5041512,1140517,14959755,41734984,84512,36685,25521,58468,37208,0,0,0,37.59,196.2,614.5,299617,122235,166303,1497,9582,21,203,93,0,0,0,"7380,2069,3934,5937,8126,15638,26598,56176,61025,63151,41827,7756,0,0,0,0,0,0,0,0,0,0,0,0","98,95,341,446,889,920,2772,6548,12653,23603,52859,19973,0,0,0,0,0,0,0,0,0,0,0,0"
grid_10x10_d4_tradeoff_cyc1/g10d4c1_apex.mvh,kd_C8,1,True,11330,47305,83990,17560,0.7111,1.6,39.2,26.8,12.3,5.0,5.2,0.3,2478164,483110,14959755,41998982,84512,36685,25521,58468,37208,0,0,0,37.59,196.2,614.5,299617,122235,166303,1497,9582,43,304,93,0,0,0,"7380,2069,3934,5937,8126,15638,26598,56176,61025,63151,41827,7756,0,0,0,0,0,0,0,0,0,0,0,0","98,95,341,446,889,920,2772,6548,12653,23603,52859,19973,0,0,0,0,0,0,0,0,0,0,0,0"
grid_10x10_d4_tradeoff_cyc1/g10d4c1_apex.mvh,kd_C16,1,True,11330,47305,83990,17560,0.8623,1.6,38.2,26.2,12.8,5.0,5.2,0.4,3180820,645572,14959755,42724942,84512,36685,25521,58468,37208,0,0,0,37.59,196.2,614.5,299617,122235,166303,1497,9582,33,264,93,0,0,0,"7380,2069,3934,5937,8126,15638,26598,56176,61025,63151,41827,7756,0,0,0,0,0,0,0,0,0,0,0,0","98,95,341,446,889,920,2772,6548,12653,23603,52859,19973,0,0,0,0,0,0,0,0,0,0,0,0"
grid_10x10_d4_tradeoff_cyc1/g10d4c1_apex.mvh,kd_C32,1,True,11330,47305,83990,17560,0.8485,1.7,38.5,25.9,13.0,5.0,5.2,0.3,5740002,1237633,14959755,45852215,84512,36685,25521,58468,37208,0,0,0,37.59,196.2,614.5,299617,122235,166303,1497,9582,20,199,93,0,0,0,"7380,2069,3934,5937,8126,15638,26598,56176,61025,63151,41827,7756,0,0,0,0,0,0,0,0,0,0,0,0","98,95,341,446,889,920,2772,6548,12653,23603,52859,19973,0,0,0,0,0,0,0,0,0,0,0,0"
grid_10x10_d4_tradeoff_cyc1/g10d4c1_apex.mvh,kd_C64,1,True,11330,47305,83990,17560,0.9505,1.8,38.6,24.4,14.1,5.1,5.3,0.2,11453123,2575774,14959755,56080772,84512,36685,25521,58468,37208,0,0,0,37.59,196.2,614.5,299617,122235,166303,1497,9582,10,138,93,0,0,0,"7380,2069,3934,5937,8126,15638,26598,56176,61025,63151,41827,7756,0,0,0,0,0,0,0,0,0,0,0,0","98,95,341,446,889,920,2772,6548,12653,23603,52859,19973,0,0,0,0,0,0,0,0,0,0,0,0"
grid_10x10_d4_tradeoff_cyc1/g10d4c1_apex.mvh,kd_C128,1,True,11330,47305,83990,17560,0.9744,3.9,34.0,23.4,16.9,4.8,6.5,0.3,41574029,7739152,14959755,154400931,84512,36685,25521,58468,37208,0,0,0,37.59,196.2,614.5,299617,122235,166303,1497,9582,6,67,93,0,0,0,"7380,2069,3934,5937,8126,15638,26598,56176,61025,63151,41827,7756,0,0,0,0,0,0,0,0,0,0,0,0","98,95,341,446,889,920,2772,6548,12653,23603,52859,19973,0,0,0,0,0,0,0,0,0,0,0,0"
grid_10x10_d4_tradeoff_cyc1/g10d4c1_apex.mvh,bk8_C32,1,True,11330,47305,83990,17560,1.0892,1.5,42.8,28.4,10.1,3.6,4.6,0.3,4726732,1105372,14959755,20074289,84512,36685,25521,58468,37208,0,0,0,37.59,196.2,614.5,299617,122235,166303,1497,9582,20,199,93,0,0,0,"7380,2069,3934,5937,8126,15638,26598,56176,61025,63151,41827,7756,0,0,0,0,0,0,0,0,0,0,0,0","98,95,341,446,889,920,2772,6548,12653,23603,52859,19973,0,0,0,0,0,0,0,0,0,0,0,0"
grid_10x10_d4_tradeoff_cyc1/g10d4c1_apex.mvh,flat,2,True,11330,47305,83990,17560,0.8827,5.7,32.1,22.7,19.8,3.9,7.7,0.2,87066059,18567538,14959755,306370544,84512,36685,25521,58468,37208,0,0,0,37.59,196.2,614.5,299617,122235,166303,1497,9582,0,0,93,0,0,0,"7380,2069,3934,5937,8126,15638,26598,56176,61025,63151,41827,7756,0,0,0,0,0,0,0,0,0,0,0,0","98,95,341,446,889,920,2772,6548,12653,23603,52859,19973,0,0,0,0,0,0,0,0,0,0,0,0"
grid_10x10_d4_tradeoff_cyc1/g10d4c1_apex.mvh,kd_X0,2,True,11330,47305,83990,17560,0.6405,1.6,39.5,26.4,12.5,5.0,5.4,0.3,2146437,421559,14959755,41052048,84512,36685,25521,58468,37208,0,0,0,37.59,196.2,614.5,299617,122235,166303,1497,9582,86,349,93,0,0,0,"7380,2069,3934,5937,8126,15638,26598,56176,61025,63151,41827,7756,0,0,0,0,0,0,0,0,0,0,0,0","98,95,341,446,889,920,2772,6548,12653,23603,52859,19973,0,0,0,0,0,0,0,0,0,0,0,0"
grid_10x10_d4_tradeoff_cyc1/g10d4c1_apex.mvh,kd_X16,2,True,11330,47305,83990,17560,0.6864,1.6,40.2,26.1,12.5,5.1,5.2,0.4,2219558,427798,14959755,42615379,84512,36685,25521,58468,37208,0,0,0,37.59,196.2,614.5,299617,122235,166303,1497,9582,52,329,93,0,0,0,"7380,2069,3934,5937,8126,15638,26598,56176,61025,63151,41827,7756,0,0,0,0,0,0,0,0,0,0,0,0","98,95,341,446,889,920,2772,6548,12653,23603,52859,19973,0,0,0,0,0,0,0,0,0,0,0,0"
grid_10x10_d4_tradeoff_cyc1/g10d4c1_apex.mvh,kd_X32,2,True,11330,47305,83990,17560,0.7057,1.6,39.6,26.6,12.5,5.1,5.2,0.3,2350901,458827,14959755,42736097,84512,36685,25521,58468,37208,0,0,0,37.59,196.2,614.5,299617,122235,166303,1497,9582,43,309,93,0,0,0,"7380,2069,3934,5937,8126,15638,26598,56176,61025,63151,41827,7756,0,0,0,0,0,0,0,0,0,0,0,0","98,95,341,446,889,920,2772,6548,12653,23603,52859,19973,0,0,0,0,0,0,0,0,0,0,0,0"
grid_10x10_d4_tradeoff_cyc1/g10d4c1_apex.mvh,kd_X64,2,True,11330,47305,83990,17560,0.9407,1.6,39.2,25.4,13.0,5.1,5.2,0.2,2894883,589585,14959755,43083139,84512,36685,25521,58468,37208,0,0,0,37.59,196.2,614.5,299617,122235,166303,1497,9582,36,272,93,0,0,0,"7380,2069,3934,5937,8126,15638,26598,56176,61025,63151,41827,7756,0,0,0,0,0,0,0,0,0,0,0,0","98,95,341,446,889,920,2772,6548,12653,23603,52859,19973,0,0,0,0,0,0,0,0,0,0,0,0"
grid_10x10_d4_tradeoff_cyc1/g10d4c1_apex.mvh,kd_X128,2,True,11330,47305,83990,17560,0.9221,1.6,38.2,25.9,13.0,5.1,5.2,0.4,5041512,1140517,14959755,41734984,84512,36685,25521,58468,37208,0,0,0,37.59,196.2,614.5,299617,122235,166303,1497,9582,21,203,93,0,0,0,"7380,2069,3934,5937,8126,15638,26598,56176,61025,63151,41827,7756,0,0,0,0,0,0,0,0,0,0,0,0","98,95,341,446,889,920,2772,6548,12653,23603,52859,19973,0,0,0,0,0,0,0,0,0,0,0,0"
grid_10x10_d4_tradeoff_cyc1/g10d4c1_apex.mvh,kd_C8,2,True,11330,47305,83990,17560,0.6906,1.6,39.3,26.6,12.5,5.1,5.2,0.3,2478164,483110,14959755,41998982,84512,36685,25521,58468,37208,0,0,0,37.59,196.2,614.5,299617,122235,166303,1497,9582,43,304,93,0,0,0,"7380,2069,3934,5937,8126,15638,26598,56176,61025,63151,41827,7756,0,0,0,0,0,0,0,0,0,0,0,0","98,95,341,446,889,920,2772,6548,12653,23603,52859,19973,0,0,0,0,0,0,0,0,0,0,0,0"
grid_10x10_d4_tradeoff_cyc1/g10d4c1_apex.mvh,kd_C16,2,True,11330,47305,83990,17560,0.6745,1.6,39.1,27.0,12.4,5.0,5.2,0.3,3180820,645572,14959755,42724942,84512,36685,25521,58468,37208,0,0,0,37.59,196.2,614.5,299617,122235,166303,1497,9582,33,264,93,0,0,0,"7380,2069,3934,5937,8126,15638,26598,56176,61025,63151,41827,7756,0,0,0,0,0,0,0,0,0,0,0,0","98,95,341,446,889,920,2772,6548,12653,23603,52859,19973,0,0,0,0,0,0,0,0,0,0,0,0"
grid_10x10_d4_tradeoff_cyc1/g10d4c1_apex.mvh,kd_C32,2,True,11330,47305,83990,17560,0.6493,1.7,39.4,26.3,12.7,5.0,5.1,0.4,5740002,1237633,14959755,45852215,84512,36685,25521,58468,37208,0,0,0,37.59,196.2,614.5,299617,122235,166303,1497,9582,20,199,93,0,0,0,"7380,2069,3934,5937,8126,15638,26598,56176,61025,63151,41827,7756,0,0,0,0,0,0,0,0,0,0,0,0","98,95,341,446,889,920,2772,6548,12653,23603,52859,19973,0,0,0,0,0,0,0,0,0,0,0,0"
grid_10x10_d4_tradeoff_cyc1/g10d4c1_apex.mvh,kd_C64,2,True,11330,47305,83990,17560,0.6547,1.8,39.1,25.8,13.5,5.0,5.2,0.3,11453123,2575774,14959755,56080772,84512,36685,25521,58468,37208,0,0,0,37.59,196.2,614.5,299617,122235,166303,1497,9582,10,138,93,0,0,0,"7380,2069,3934,5937,8126,15638,26598,56176,61025,63151,41827,7756,0,0,0,0,0,0,0,0,0,0,0,0","98,95,341,446,889,920,2772,6548,12653,23603,52859,19973,0,0,0,0,0,0,0,0,0,0,0,0"
grid_10x10_d4_tradeoff_cyc1/g10d4c1_apex.mvh,kd_C128,2,True,11330,47305,83990,17560,0.6792,3.9,34.4,24.0,16.9,4.9,6.4,0.3,41574029,7739152,14959755,154400931,84512,36685,25521,58468,37208,0,0,0,37.59,196.2,614.5,299617,122235,166303,1497,9582,6,67,93,0,0,0,"7380,2069,3934,5937,8126,15638,26598,56176,61025,63151,41827,7756,0,0,0,0,0,0,0,0,0,0,0,0","98,95,341,446,889,920,2772,6548,12653,23603,52859,19973,0,0,0,0,0,0,0,0,0,0,0,0"
grid_10x10_d4_tradeoff_cyc1/g10d4c1_apex.mvh,bk8_C32,2,True,11330,47305,83990,17560,0.8782,1.4,43.9,27.6,10.4,3.9,4.7,0.2,4726732,1105372,14959755,20074289,84512,36685,25521,58468,37208,0,0,0,37.59,196.2,614.5,299617,122235,166303,1497,9582,20,199,93,0,0,0,"7380,2069,3934,5937,8126,15638,26598,56176,61025,63151,41827,7756,0,0,0,0,0,0,0,0,0,0,0,0","98,95,341,446,889,920,2772,6548,12653,23603,52859,19973,0,0,0,0,0,0,0,0,0,0,0,0"
grid_10x10_d4_tradeoff_cyc1/g10d4c1_apex.mvh,flat,3,True,11330,47305,83990,17560,0.9553,5.8,33.0,21.8,19.9,4.0,7.8,0.2,87066059,18567538,14959755,306370544,84512,36685,25521,58468,37208,0,0,0,37.59,196.2,614.5,299617,122235,166303,1497,9582,0,0,93,0,0,0,"7380,2069,3934,5937,8126,15638,26598,56176,61025,63151,41827,7756,0,0,0,0,0,0,0,0,0,0,0,0","98,95,341,446,889,920,2772,6548,12653,23603,52859,19973,0,0,0,0,0,0,0,0,0,0,0,0"
grid_10x10_d4_tradeoff_cyc1/g10d4c1_apex.mvh,kd_X0,3,True,11330,47305,83990,17560,1.1095,1.6,38.0,25.2,12.9,4.8,5.4,0.3,2146437,421559,14959755,41052048,84512,36685,25521,58468,37208,0,0,0,37.59,196.2,614.5,299617,122235,166303,1497,9582,86,349,93,0,0,0,"7380,2069,3934,5937,8126,15638,26598,56176,61025,63151,41827,7756,0,0,0,0,0,0,0,0,0,0,0,0","98,95,341,446,889,920,2772,6548,12653,23603,52859,19973,0,0,0,0,0,0,0,0,0,0,0,0"
grid_10x10_d4_tradeoff_cyc1/g10d4c1_apex.mvh,kd_X16,3,True,11330,47305,83990,17560,0.8225,1.6,38.8,26.6,12.4,4.8,5.3,0.3,2219558,427798,14959755,42615379,84512,36685,25521,58468,37208,0,0,0,37.59,196.2,614.5,299617,122235,166303,1497,9582,52,329,93,0,0,0,"7380,2069,3934,5937,8126,15638,26598,56176,61025,63151,41827,7756,0,0,0,0,0,0,0,0,0,0,0,0","98,95,341,446,889,920,2772,6548,12653,23603,52859,19973,0,0,0,0,0,0,0,0,0,0,0,0"
grid_10x10_d4_tradeoff_cyc1/g10d4c1_apex.mvh,kd_X32,3,True,11330,47305,83990,17560,0.8780,1.6,38.6,26.5,12.4,4.8,5.2,0.3,2350901,458827,14959755,42736097,84512,36685,25521,58468,37208,0,0,0,37.59,196.2,614.5,299617,122235,166303,1497,9582,43,309,93,0,0,0,"7380,2069,3934,5937,8126,15638,26598,56176,61025,63151,41827,7756,0,0,0,0,0,0,0,0,0,0,0,0","98,95,341,446,889,920,2772,6548,12653,23603,52859,19973,0,0,0,0,0,0,0,0,0,0,0,0"
grid_10x10_d4_tradeoff_cyc1/g10d4c1_apex.mvh,kd_X64,3,True,11330,47305,83990,17560,0.8117,1.6,39.1,26.2,12.5,5.0,5.1,0.3,2894883,589585,14959755,43083139,84512,36685,25521,58468,37208,0,0,0,37.59,196.2,614.5,299617,122235,166303,1497,9582,36,272,93,0,0,0,"7380,2069,3934,5937,8126,15638,26598,56176,61025,63151,41827,7756,0,0,0,0,0,0,0,0,0,0,0,0","98,95,341,446,889,920,2772,6548,12653,23603,52859,19973,0,0,0,0,0,0,0,0,0,0,0,0"
grid_10x10_d4_tradeoff_cyc1/g10d4c1_apex.mvh,kd_X128,3,True,11330,47305,83990,17560,0.7672,1.6,39.0,26.0,13.0,5.1,5.1,0.3,5041512,1140517,14959755,41734984,84512,36685,25521,58468,37208,0,0,0,37.59,196.2,614.5,299617,122235,166303,1497,9582,21,203,93,0,0,0,"7380,2069,3934,5937,8126,15638,26598,56176,61025,63151,41827,7756,0,0,0,0,0,0,0,0,0,0,0,0","98,95,341,446,889,920,2772,6548,12653,23603,52859,19973,0,0,0,0,0,0,0,0,0,0,0,0"
grid_10x10_d4_tradeoff_cyc1/g10d4c1_apex.mvh,kd_C8,3,True,11330,47305,83990,17560,0.6867,1.6,40.0,26.6,12.3,5.0,5.1,0.3,2478164,483110,14959755,41998982,84512,36685,25521,58468,37208,0,0,0,37.59,196.2,614.5,299617,122235,166303,1497,9582,43,304,93,0,0,0,"7380,2069,3934,5937,8126,15638,26598,56176,61025,63151,41827,7756,0,0,0,0,0,0,0,0,0,0,0,0","98,95,341,446,889,920,2772,6548,12653,23603,52859,19973,0,0,0,0,0,0,0,0,0,0,0,0"
grid_10x10_d4_tradeoff_cyc1/g10d4c1_apex.mvh,kd_C16,3,True,11330,47305,83990,17560,0.6484,1.6,39.0,27.3,12.1,4.9,5.1,0.3,3180820,645572,14959755,42724942,84512,36685,25521,58468,37208,0,0,0,37.59,196.2,614.5,299617,122235,166303,1497,9582,33,264,93,0,0,0,"7380,2069,3934,5937,8126,15638,26598,56176,61025,63151,41827,7756,0,0,0,0,0,0,0,0,0,0,0,0","98,95,341,446,889,920,2772,6548,12653,23603,52859,19973,0,0,0,0,0,0,0,0,0,0,0,0"
grid_10x10_d4_tradeoff_cyc1/g10d4c1_apex.mvh,kd_C32,3,True,11330,47305,83990,17560,0.6634,1.6,39.0,26.4,12.7,5.0,5.1,0.3,5740002,1237633,14959755,45852215,84512,36685,25521,58468,37208,0,0,0,37.59,196.2,614.5,299617,122235,166303,1497,9582,20,199,93,0,0,0,"7380,2069,3934,5937,8126,15638,26598,56176,61025,63151,41827,7756,0,0,0,0,0,0,0,0,0,0,0,0","98,95,341,446,889,920,2772,6548,12653,23603,52859,19973,0,0,0,0,0,0,0,0,0,0,0,0"
grid_10x10_d4_tradeoff_cyc1/g10d4c1_apex.mvh,kd_C64,3,True,11330,47305,83990,17560,0.6353,1.8,39.2,25.9,13.4,4.9,5.2,0.3,11453123,2575774,14959755,56080772,84512,36685,25521,58468,37208,0,0,0,37.59,196.2,614.5,299617,122235,166303,1497,9582,10,138,93,0,0,0,"7380,2069,3934,5937,8126,15638,26598,56176,61025,63151,41827,7756,0,0,0,0,0,0,0,0,0,0,0,0","98,95,341,446,889,920,2772,6548,12653,23603,52859,19973,0,0,0,0,0,0,0,0,0,0,0,0"
grid_10x10_d4_tradeoff_cyc1/g10d4c1_apex.mvh,kd_C128,3,True,11330,47305,83990,17560,0.6663,3.8,34.5,23.6,17.0,5.0,6.7,0.3,41574029,7739152,14959755,154400931,84512,36685,25521,58468,37208,0,0,0,37.59,196.2,614.5,299617,122235,166303,1497,9582,6,67,93,0,0,0,"7380,2069,3934,5937,8126,15638,26598,56176,61025,63151,41827,7756,0,0,0,0,0,0,0,0,0,0,0,0","98,95,341,446,889,920,2772,6548,12653,23603,52859,19973,0,0,0,0,0,0,0,0,0,0,0,0"
grid_10x10_d4_tradeoff_cyc1/g10d4c1_apex.mvh,bk8_C32,3,True,11330,47305,83990,17560,1.0297,1.4,44.3,27.4,10.3,3.8,4.6,0.2,4726732,1105372,14959755,20074289,84512,36685,25521,58468,37208,0,0,0,37.59,196.2,614.5,299617,122235,166303,1497,9582,20,199,93,0,0,0,"7380,2069,3934,5937,8126,15638,26598,56176,61025,63151,41827,7756,0,0,0,0,0,0,0,0,0,0,0,0","98,95,341,446,889,920,2772,6548,12653,23603,52859,19973,0,0,0,0,0,0,0,0,0,0,0,0"
grid_10x10_d4_tradeoff_cyc1/g10d4c1_apex.mvh,flat,4,True,11330,47305,83990,17560,0.9322,5.7,31.5,23.1,19.5,3.8,7.7,0.3,87066059,18567538,14959755,306370544,84512,36685,25521,58468,37208,0,0,0,37.59,196.2,614.5,299617,122235,166303,1497,9582,0,0,93,0,0,0,"7380,2069,3934,5937,8126,15638,26598,56176,61025,63151,41827,7756,0,0,0,0,0,0,0,0,0,0,0,0","98,95,341,446,889,920,2772,6548,12653,23603,52859,19973,0,0,0,0,0,0,0,0,0,0,0,0"
grid_10x10_d4_tradeoff_cyc1/g10d4c1_apex.mvh,kd_X0,4,True,11330,47305,83990,17560,0.6642,1.6,39.0,26.4,12.5,5.0,5.3,0.3,2146437,421559,14959755,41052048,84512,36685,25521,58468,37208,0,0,0,37.59,196.2,614.5,299617,122235,166303,1497,9582,86,349,93,0,0,0,"7380,2069,3934,5937,8126,15638,26598,56176,61025,63151,41827,7756,0,0,0,0,0,0,0,0,0,0,0,0","98,95,341,446,889,920,2772,6548,12653,23603,52859,19973,0,0,0,0,0,0,0,0,0,0,0,0"
grid_10x10_d4_tradeoff_cyc1/g10d4c1_apex.mvh,kd_X16,4,True,11330,47305,83990,17560,0.6284,1.6,39.8,26.5,12.3,5.0,5.3,0.3,2219558,427798,14959755,42615379,84512,36685,25521,58468,37208,0,0,0,37.59,196.2,614.5,299617,122235,166303,1497,9582,52,329,93,0,0,0,"7380,2069,3934,5937,8126,15638,26598,56176,61025,63151,41827,7756,0,0,0,0,0,0,0,0,0,0,0,0","98,95,341,446,889,920,2772,6548,12653,23603,52859,19973,0,0,0,0,0,0,0,0,0,0,0,0"
grid_10x10_d4_tradeoff_cyc1/g10d4c1_apex.mvh,kd_X32,4,True,11330,47305,83990,17560,0.6542,1.6,39.8,27.0,12.1,4.9,5.1,0.3,2350901,458827,14959755,42736097,84512,36685,25521,58468,37208,0,0,0,37.59,196.2,614.5,299617,122235,166303,1497,9582,43,309,93,0,0,0,"7380,2069,3934,5937,8126,15638,26598,56176,61025,63151,41827,7756,0,0,0,0,0,0,0,0,0,0,0,0","98,95,341,446,889,920,2772,6548,12653,23603,52859,19973,0,0,0,0,0,0,0,0,0,0,0,0"
grid_10x10_d4_tradeoff_cyc1/g10d4c1_apex.mvh,kd_X64,4,True,11330,47305,83990,17560,0.7463,1.6,39.3,26.8,12.3,4.9,5.1,0.4,2894883,589585,14959755,43083139,84512,36685,25521,58468,37208,0,0,0,37.59,196.2,614.5,299617,122235,166303,1497,9582,36,272,93,0,0,0,"7380,2069,3934,5937,8126,15638,26598,56176,61025,63151,41827,7756,0,0,0,0,0,0,0,0,0,0,0,0","98,95,341,446,889,920,2772,6548,12653,23603,52859,19973,0,0,0,0,0,0,0,0,0,0,0,0"
grid_10x10_d4_tradeoff_cyc1/g10d4c1_apex.mvh,kd_X128,4,True,11330,47305,83990,17560,0.7216,1.6,38.3,26.9,12.7,5.0,5.1,0.3,5041512,1140517,14959755,41734984,84512,36685,25521,58468,37208,0,0,0,37.59,196.2,614.5,299617,122235,166303,1497,9582,21,203,93,0,0,0,"7380,2069,3934,5937,8126,15638,26598,56176,61025,63151,41827,7756,0,0,0,0,0,0,0,0,0,0,0,0","98,95,341,446,889,920,2772,6548,12653,23603,52859,19973,0,0,0,0,0,0,0,0,0,0,0,0"
grid_10x10_d4_tradeoff_cyc1/g10d4c1_apex.mvh,kd_C8,4,True,11330,47305,83990,17560,0.6494,1.6,39.6,26.9,12.2,4.9,5.2,0.3,2478164,483110,14959755,41998982,84512,36685,25521,58468,37208,0,0,0,37.59,196.2,614.5,299617,122235,166303,1497,9582,43,304,93,0,0,0,"7380,2069,3934,5937,8126,15638,26598,56176,61025,63151,41827,7756,0,0,0,0,0,0,0,0,0,0,0,0","98,95,341,446,889,920,2772,6548,12653,23603,52859,19973,0,0,0,0,0,0,0,0,0,0,0,0"
grid_10x10_d4_tradeoff_cyc1/g10d4c1_apex.mvh,kd_C16,4,True,11330,47305,83990,17560,0.8595,1.6,38.0,26.4,12.7,5.0,5.2,0.3,3180820,645572,14959755,42724942,84512,36685,25521,58468,37208,0,0,0,37.59,196.2,614.5,299617,122235,166303,1497,9582,33,264,93,0,0,0,"7380,2069,3934,5937,8126,15638,26598,56176,61025,63151,41827,7756,0,0,0,0,0,0,0,0,0,0,0,0","98,95,341,446,889,920,2772,6548,12653,23603,52859,19973,0,0,0,0,0,0,0,0,0,0,0,0"
grid_10x10_d4_tradeoff_cyc1/g10d4c1_apex.mvh,kd_C32,4,True,11330,47305,83990,17560,0.8074,1.7,39.0,26.1,12.9,5.0,5.1,0.3,5740002,1237633,14959755,45852215,84512,36685,25521,58468,37208,0,0,0,37.59,196.2,614.5,299617,122235,166303,1497,9582,20,199,93,0,0,0,"7380,2069,3934,5937,8126,15638,26598,56176,61025,63151,41827,7756,0,0,0,0,0,0,0,0,0,0,0,0","98,95,341,446,889,920,2772,6548,12653,23603,52859,19973,0,0,0,0,0,0,0,0,0,0,0,0"
grid_10x10_d4_tradeoff_cyc1/g10d4c1_apex.mvh,kd_C64,4,True,11330,47305,83990,17560,0.8506,1.8,38.6,25.2,13.7,4.9,5.2,0.4,11453123,2575774,14959755,56080772,84512,36685,25521,58468,37208,0,0,0,37.59,196.2,614.5,299617,122235,166303,1497,9582,10,138,93,0,0,0,"7380,2069,3934,5937,8126,15638,26598,56176,61025,63151,41827,7756,0,0,0,0,0,0,0,0,0,0,0,0","98,95,341,446,889,920,2772,6548,12653,23603,52859,19973,0,0,0,0,0,0,0,0,0,0,0,0"
grid_10x10_d4_tradeoff_cyc1/g10d4c1_apex.mvh,kd_C128,4,True,11330,47305,83990,17560,0.6959,4.0,34.1,24.5,16.7,4.7,6.3,0.3,41574029,7739152,14959755,154400931,84512,36685,25521,58468,37208,0,0,0,37.59,196.2,614.5,299617,122235,166303,1497,9582,6,67,93,0,0,0,"7380,2069,3934,5937,8126,15638,26598,56176,61025,63151,41827,7756,0,0,0,0,0,0,0,0,0,0,0,0","98,95,341,446,889,920,2772,6548,12653,23603,52859,19973,0,0,0,0,0,0,0,0,0,0,0,0"
grid_10x10_d4_tradeoff_cyc1/g10d4c1_apex.mvh,bk8_C32,4,True,11330,47305,83990,17560,0.7533,1.4,44.2,27.3,10.4,4.0,4.7,0.4,4726732,1105372,14959755,20074289,84512,36685,25521,58468,37208,0,0,0,37.59,196.2,614.5,299617,122235,166303,1497,9582,20,199,93,0,0,0,"7380,2069,3934,5937,8126,15638,26598,56176,61025,63151,41827,7756,0,0,0,0,0,0,0,0,0,0,0,0","98,95,341,446,889,920,2772,6548,12653,23603,52859,19973,0,0,0,0,0,0,0,0,0,0,0,0"
grid15_M3_r-0.6_s42/A200.mvh,flat,0,True,2776,170052,338227,9182,0.7097,1.5,4.2,3.8,18.8,0.5,4.0,0.1,27566060,4275869,1767016,40009523,333024,19203,326950,11276,14001,0,0,0,0.35,200.0,24.3,1552560,501290,1048445,1039,1786,0,0,211,0,0,0,"7027,4865,18740,56378,251402,834863,379285,0,0,0,0,0,0,0,0,0,0,0,0,0,0,0,0,0","28758,1593,11948,37065,28004,97726,147133,0,0,0,0,0,0,0,0,0,0,0,0,0,0,0,0,0"
grid15_M3_r-0.6_s42/A200.mvh,kd_X0,0,True,2776,170052,338227,9182,0.7540,1.0,4.4,7.2,20.8,0.4,6.8,0.1,2183555,351568,1767016,5861871,333024,19203,326950,11276,14001,0,0,0,0.35,200.0,24.3,1552560,501290,1048445,1039,1786,225,2298,211,0,0,0,"7027,4865,18740,56378,251402,834863,379285,0,0,0,0,0,0,0,0,0,0,0,0,0,0,0,0,0","28758,1593,11948,37065,28004,97726,147133,0,0,0,0,0,0,0,0,0,0,0,0,0,0,0,0,0"
grid15_M3_r-0.6_s42/A200.mvh,kd_X16,0,True,2776,170052,338227,9182,0.7409,1.0,3.9,5.6,20.7,0.4,6.6,0.1,3290718,489135,1767016,6842955,333024,19203,326950,11276,14001,0,0,0,0.35,200.0,24.3,1552560,501290,1048445,1039,1786,171,2031,211,0,0,0,"7027,4865,18740,56378,251402,834863,379285,0,0,0,0,0,0,0,0,0,0,0,0,0,0,0,0,0","28758,1593,11948,37065,28004,97726,147133,0,0,0,0,0,0,0,0,0,0,0,0,0,0,0,0,0"
grid15_M3_r-0.6_s42/A200.mvh,kd_X32,0,True,2776,170052,338227,9182,0.7252,1.1,4.0,4.8,19.5,0.4,5.4,0.1,10296408,1606148,1767016,11726364,333024,19203,326950,11276,14001,0,0,0,0.35,200.0,24.3,1552560,501290,1048445,1039,1786,89,1178,211,0,0,0,"7027,4865,18740,56378,251402,834863,379285,0,0,0,0,0,0,0,0,0,0,0,0,0,0,0,0,0","28758,1593,11948,37065,28004,97726,147133,0,0,0,0,0,0,0,0,0,0,0,0,0,0,0,0,0"
grid15_M3_r-0.6_s42/A200.mvh,kd_X64,0,True,2776,170052,338227,9182,0.7097,1.4,4.2,3.8,19.0,0.5,4.0,0.1,27566060,4275869,1767016,40009523,333024,19203,326950,11276,14001,0,0,0,0.35,200.0,24.3,1552560,501290,1048445,1039,1786,0,0,211,0,0,0,"7027,4865,18740,56378,251402,834863,379285,0,0,0,0,0,0,0,0,0,0,0,0,0,0,0,0,0","28758,1593,11948,37065,28004,97726,147133,0,0,0,0,0,0,0,0,0,0,0,0,0,0,0,0,0"
grid15_M3_r-0.6_s42/A200.mvh,kd_X128,0,True,2776,170052,338227,9182,0.6755,1.5,4.1,3.8,19.1,0.5,4.0,0.1,27566060,4275869,1767016,40009523,333024,19203,326950,11276,14001,0,0,0,0.35,200.0,24.3,1552560,501290,1048445,1039,1786,0,0,211,0,0,0,"7027,4865,18740,56378,251402,834863,379285,0,0,0,0,0,0,0,0,0,0,0,0,0,0,0,0,0","28758,1593,11948,37065,28004,97726,147133,0,0,0,0,0,0,0,0,0,0,0,0,0,0,0,0,0"
grid15_M3_r-0.6_s42/A200.mvh,kd_C8,0,True,2776,170052,338227,9182,0.8799,1.0,4.0,5.8,19.8,0.4,6.0,0.1,5480253,1016276,1767016,6159147,333024,19203,326950,11276,14001,0,0,0,0.35,200.0,24.3,1552560,501290,1048445,1039,1786,120,1569,211,0,0,0,"7027,4865,18740,56378,251402,834863,379285,0,0,0,0,0,0,0,0,0,0,0,0,0,0,0,0,0","28758,1593,11948,37065,28004,97726,147133,0,0,0,0,0,0,0,0,0,0,0,0,0,0,0,0,0"
grid15_M3_r-0.6_s42/A200.mvh,kd_C16,0,True,2776,170052,338227,9182,0.7698,1.1,4.2,5.3,18.9,0.5,4.7,0.1,15381141,3000337,1767016,10223202,333024,19203,326950,11276,14001,0,0,0,0.35,200.0,24.3,1552560,501290,1048445,1039,1786,36,501,211,0,0,0,"7027,4865,18740,56378,251402,834863,379285,0,0,0,0,0,0,0,0,0,0,0,0,0,0,0,0,0","28758,1593,11948,37065,28004,97726,147133,0,0,0,0,0,0,0,0,0,0,0,0,0,0,0,0,0"
grid15_M3_r-0.6_s42/A200.mvh,kd_C32,0,True,2776,170052,338227,9182,0.8341,1.4,4.2,3.9,19.0,0.4,4.0,0.1,25986250,4226330,1767016,31641787,333024,19203,326950,11276,14001,0,0,0,0.35,200.0,24.3,1552560,501290,1048445,1039,1786,1,15,211,0,0,0,"7027,4865,18740,56378,251402,834863,379285,0,0,0,0,0,0,0,0,0,0,0,0,0,0,0,0,0","28758,1593,11948,37065,28004,97726,147133,0,0,0,0,0,0,0,0,0,0,0,0,0,0,0,0,0"
grid15_M3_r-0.6_s42/A200.mvh,kd_C64,0,True,2776,170052,338227,9182,0.7410,1.4,4.1,3.7,18.8,0.4,4.0,0.1,27566060,4275869,1767016,40009523,333024,19203,326950,11276,14001,0,0,0,0.35,200.0,24.3,1552560,501290,1048445,1039,1786,0,0,211,0,0,0,"7027,4865,18740,56378,251402,834863,379285,0,0,0,0,0,0,0,0,0,0,0,0,0,0,0,0,0","28758,1593,11948,37065,28004,97726,147133,0,0,0,0,0,0,0,0,0,0,0,0,0,0,0,0,0"
grid15_M3_r-0.6_s42/A200.mvh,kd_C128,0,True,2776,170052,338227,9182,0.6972,1.5,4.1,3.8,19.0,0.5,4.1,0.1,27566060,4275869,1767016,40009523,333024,19203,326950,11276,14001,0,0,0,0.35,200.0,24.3,1552560,501290,1048445,1039,1786,0,0,211,0,0,0,"7027,4865,18740,56378,251402,834863,379285,0,0,0,0,0,0,0,0,0,0,0,0,0,0,0,0,0","28758,1593,11948,37065,28004,97726,147133,0,0,0,0,0,0,0,0,0,0,0,0,0,0,0,0,0"
grid15_M3_r-0.6_s42/A200.mvh,bk8_C32,0,True,2776,170052,338227,9182,0.6907,1.4,4.3,4.5,18.7,0.5,4.0,0.1,25967236,4227487,1767016,31392830,333024,19203,326950,11276,14001,0,0,0,0.35,200.0,24.3,1552560,501290,1048445,1039,1786,1,15,211,0,0,0,"7027,4865,18740,56378,251402,834863,379285,0,0,0,0,0,0,0,0,0,0,0,0,0,0,0,0,0","28758,1593,11948,37065,28004,97726,147133,0,0,0,0,0,0,0,0,0,0,0,0,0,0,0,0,0"
grid15_M3_r-0.6_s42/A200.mvh,flat,1,True,2776,170052,338227,9182,0.6692,1.5,4.1,3.8,19.1,0.5,4.0,0.1,27566060,4275869,1767016,40009523,333024,19203,326950,11276,14001,0,0,0,0.35,200.0,24.3,1552560,501290,1048445,1039,1786,0,0,211,0,0,0,"7027,4865,18740,56378,251402,834863,379285,0,0,0,0,0,0,0,0,0,0,0,0,0,0,0,0,0","28758,1593,11948,37065,28004,97726,147133,0,0,0,0,0,0,0,0,0,0,0,0,0,0,0,0,0"
grid15_M3_r-0.6_s42/A200.mvh,kd_X0,1,True,2776,170052,338227,9182,0.8529,0.9,4.3,6.8,20.7,0.4,6.8,0.1,2183555,351568,1767016,5861871,333024,19203,326950,11276,14001,0,0,0,0.35,200.0,24.3,1552560,501290,1048445,1039,1786,225,2298,211,0,0,0,"7027,4865,18740,56378,251402,834863,379285,0,0,0,0,0,0,0,0,0,0,0,0,0,0,0,0,0","28758,1593,11948,37065,28004,97726,147133,0,0,0,0,0,0,0,0,0,0,0,0,0,0,0,0,0"
grid15_M3_r-0.6_s42/A200.mvh,kd_X16,1,True,2776,170052,338227,9182,0.7886,1.0,3.9,5.6,20.6,0.4,6.6,0.1,3290718,489135,1767016,6842955,333024,19203,326950,11276,14001,0,0,0,0.35,200.0,24.3,1552560,501290,1048445,1039,1786,171,2031,211,0,0,0,"7027,4865,18740,56378,251402,834863,379285,0,0,0,0,0,0,0,0,0,0,0,0,0,0,0,0,0","28758,1593,11948,37065,28004,97726,147133,0,0,0,0,0,0,0,0,0,0,0,0,0,0,0,0,0"
grid15_M3_r-0.6_s42/A200.mvh,kd_X32,1,True,2776,170052,338227,9182,0.6969,1.1,4.0,4.9,19.8,0.5,5.6,0.1,10296408,1606148,1767016,11726364,333024,19203,326950,11276,14001,0,0,0,0.35,200.0,24.3,1552560,501290,1048445,1039,1786,89,1178,211,0,0,0,"7027,4865,18740,56378,251402,834863,379285,0,0,0,0,0,0,0,0,0,0,0,0,0,0,0,0,0","28758,1593,11948,37065,28004,97726,147133,0,0,0,0,0,0,0,0,0,0,0,0,0,0,0,0,0"
grid15_M3_r-0.6_s42/A200.mvh,kd_X64,1,True,2776,170052,338227,9182,0.7126,1.4,4.0,3.7,19.0,0.5,3.9,0.1,27566060,4275869,1767016,40009523,333024,19203,326950,11276,14001,0,0,0,0.35,200.0,24.3,1552560,501290,1048445,1039,1786,0,0,211,0,0,0,"7027,4865,18740,56378,251402,834863,379285,0,0,0,0,0,0,0,0,0,0,0,0,0,0,0,0,0","28758,1593,11948,37065,28004,97726,147133,0,0,0,0,0,0,0,0,0,0,0,0,0,0,0,0,0"
grid15_M3_r-0.6_s42/A200.mvh,kd_X128,1,True,2776,170052,338227,9182,0.9863,1.4,4.4,3.7,18.7,0.4,3.9,0.1,27566060,4275869,1767016,40009523,333024,19203,326950,11276,14001,0,0,0,0.35,200.0,24.3,1552560,501290,1048445,1039,1786,0,0,211,0,0,0,"7027,4865,18740,56378,251402,834863,379285,0,0,0,0,0,0,0,0,0,0,0,0,0,0,0,0,0","28758,1593,11948,37065,28004,97726,147133,0,0,0,0,0,0,0,0,0,0,0,0,0,0,0,0,0"
grid15_M3_r-0.6_s42/A200.mvh,kd_C8,1,True,2776,170052,338227,9182,1.0227,1.0,4.1,5.8,19.8,0.4,6.0,0.1,5480253,1016276,1767016,6159147,333024,19203,326950,11276,14001,0,0,0,0.35,200.0,24.3,1552560,501290,1048445,1039,1786,120,1569,211,0,0,0,"7027,4865,18740,56378,251402,834863,379285,0,0,0,0,0,0,0,0,0,0,0,0,0,0,0,0,0","28758,1593,11948,37065,28004,97726,147133,0,0,0,0,0,0,0,0,0,0,0,0,0,0,0,0,0"
grid15_M3_r-0.6_s42/A200.mvh,kd_C16,1,True,2776,170052,338227,9182,1.0228,1.1,4.3,5.2,18.7,0.4,4.7,0.1,15381141,3000337,1767016,10223202,333024,19203,326950,11276,14001,0,0,0,0.35,200.0,24.3,1552560,501290,1048445,1039,1786,36,501,211,0,0,0,"7027,4865,18740,56378,251402,834863,379285,0,0,0,0,0,0,0,0,0,0,0,0,0,0,0,0,0","28758,1593,11948,37065,28004,97726,147133,0,0,0,0,0,0,0,0,0,0,0,0,0,0,0,0,0"
grid15_M3_r-0.6_s42/A200.mvh,kd_C32,1,True,2776,170052,338227,9182,0.8036,1.4,4.1,3.9,19.4,0.4,4.1,0.1,25986250,4226330,1767016,31641787,333024,19203,326950,11276,14001,0,0,0,0.35,200.0,24.3,1552560,501290,1048445,1039,1786,1,15,211,0,0,0,"7027,4865,18740,56378,251402,834863,379285,0,0,0,0,0,0,0,0,0,0,0,0,0,0,0,0,0","28758,1593,11948,37065,28004,97726,147133,0,0,0,0,0,0,0,0,0,0,0,0,0,0,0,0,0"
grid15_M3_r-0.6_s42/A200.mvh,kd_C64,1,True,2776,170052,338227,9182,0.7442,1.5,4.2,3.9,19.2,0.5,4.1,0.1,27566060,4275869,1767016,40009523,333024,19203,326950,11276,14001,0,0,0,0.35,200.0,24.3,1552560,501290,1048445,1039,1786,0,0,211,0,0,0,"7027,4865,18740,56378,251402,834863,379285,0,0,0,0,0,0,0,0,0,0,0,0,0,0,0,0,0","28758,1593,11948,37065,28004,97726,147133,0,0,0,0,0,0,0,0,0,0,0,0,0,0,0,0,0"
grid15_M3_r-0.6_s42/A200.mvh,kd_C128,1,True,2776,170052,338227,9182,0.8036,1.5,4.2,3.9,18.9,0.5,4.0,0.1,27566060,4275869,1767016,40009523,333024,19203,326950,11276,14001,0,0,0,0.35,200.0,24.3,1552560,501290,1048445,1039,1786,0,0,211,0,0,0,"7027,4865,18740,56378,251402,834863,379285,0,0,0,0,0,0,0,0,0,0,0,0,0,0,0,0,0","28758,1593,11948,37065,28004,97726,147133,0,0,0,0,0,0,0,0,0,0,0,0,0,0,0,0,0"
grid15_M3_r-0.6_s42/A200.mvh,bk8_C32,1,True,2776,170052,338227,9182,0.8289,1.4,4.3,4.4,18.7,0.4,4.0,0.1,25967236,4227487,1767016,31392830,333024,19203,326950,11276,14001,0,0,0,0.35,200.0,24.3,1552560,501290,1048445,1039,1786,1,15,211,0,0,0,"7027,4865,18740,56378,251402,834863,379285,0,0,0,0,0,0,0,0,0,0,0,0,0,0,0,0,0","28758,1593,11948,37065,28004,97726,147133,0,0,0,0,0,0,0,0,0,0,0,0,0,0,0,0,0"
grid15_M3_r-0.6_s42/A200.mvh,flat,2,True,2776,170052,338227,9182,0.7317,1.4,4.1,3.8,19.0,0.5,4.0,0.1,27566060,4275869,1767016,40009523,333024,19203,326950,11276,14001,0,0,0,0.35,200.0,24.3,1552560,501290,1048445,1039,1786,0,0,211,0,0,0,"7027,4865,18740,56378,251402,834863,379285,0,0,0,0,0,0,0,0,0,0,0,0,0,0,0,0,0","28758,1593,11948,37065,28004,97726,147133,0,0,0,0,0,0,0,0,0,0,0,0,0,0,0,0,0"
grid15_M3_r-0.6_s42/A200.mvh,kd_X0,2,True,2776,170052,338227,9182,0.8725,1.0,4.3,6.8,20.7,0.4,6.8,0.1,2183555,351568,1767016,5861871,333024,19203,326950,11276,14001,0,0,0,0.35,200.0,24.3,1552560,501290,1048445,1039,1786,225,2298,211,0,0,0,"7027,4865,18740,56378,251402,834863,379285,0,0,0,0,0,0,0,0,0,0,0,0,0,0,0,0,0","28758,1593,11948,37065,28004,97726,147133,0,0,0,0,0,0,0,0,0,0,0,0,0,0,0,0,0"
grid15_M3_r-0.6_s42/A200.mvh,kd_X16,2,True,2776,170052,338227,9182,0.8130,0.9,3.9,5.7,20.5,0.4,6.5,0.1,3290718,489135,1767016,6842955,333024,19203,326950,11276,14001,0,0,0,0.35,200.0,24.3,1552560,501290,1048445,1039,1786,171,2031,211,0,0,0,"7027,4865,18740,56378,251402,834863,379285,0,0,0,0,0,0,0,0,0,0,0,0,0,0,0,0,0","28758,1593,11948,37065,28004,97726,147133,0,0,0,0,0,0,0,0,0,0,0,0,0,0,0,0,0"
grid15_M3_r-0.6_s42/A200.mvh,kd_X32,2,True,2776,170052,338227,9182,0.7485,1.1,3.9,4.9,19.6,0.5,5.4,0.1,10296408,1606148,1767016,11726364,333024,19203,326950,11276,14001,0,0,0,0.35,200.0,24.3,1552560,501290,1048445,1039,1786,89,1178,211,0,0,0,"7027,4865,18740,56378,251402,834863,379285,0,0,0,0,0,0,0,0,0,0,0,0,0,0,0,0,0","28758,1593,11948,37065,28004,97726,147133,0,0,0,0,0,0,0,0,0,0,0,0,0,0,0,0,0"
grid15_M3_r-0.6_s42/A200.mvh,kd_X64,2,True,2776,170052,338227,9182,0.7205,1.4,4.0,3.7,19.1,0.5,4.0,0.1,27566060,4275869,1767016,40009523,333024,19203,326950,11276,14001,0,0,0,0.35,200.0,24.3,1552560,501290,1048445,1039,1786,0,0,211,0,0,0,"7027,4865,18740,56378,251402,834863,379285,0,0,0,0,0,0,0,0,0,0,0,0,0,0,0,0,0","28758,1593,11948,37065,28004,97726,147133,0,0,0,0,0,0,0,0,0,0,0,0,0,0,0,0,0"
grid15_M3_r-0.6_s42/A200.mvh,kd_X128,2,True,2776,170052,338227,9182,0.7248,1.4,4.1,3.8,19.0,0.5,4.0,0.1,27566060,4275869,1767016,40009523,333024,19203,326950,11276,14001,0,0,0,0.35,200.0,24.3,1552560,501290,1048445,1039,1786,0,0,211,0,0,0,"7027,4865,18740,56378,251402,834863,379285,0,0,0,0,0,0,0,0,0,0,0,0,0,0,0,0,0","28758,1593,11948,37065,28004,97726,147133,0,0,0,0,0,0,0,0,0,0,0,0,0,0,0,0,0"
grid15_M3_r-0.6_s42/A200.mvh,kd_C8,2,True,2776,170052,338227,9182,0.8045,1.0,4.0,5.8,19.7,0.4,6.0,0.1,5480253,1016276,1767016,6159147,333024,19203,326950,11276,14001,0,0,0,0.35,200.0,24.3,1552560,501290,1048445,1039,1786,120,1569,211,0,0,0,"7027,4865,18740,56378,251402,834863,379285,0,0,0,0,0,0,0,0,0,0,0,0,0,0,0,0,0","28758,1593,11948,37065,28004,97726,147133,0,0,0,0,0,0,0,0,0,0,0,0,0,0,0,0,0"
grid15_M3_r-0.6_s42/A200.mvh,kd_C16,2,True,2776,170052,338227,9182,0.8283,1.1,4.1,5.1,18.7,0.4,4.6,0.1,15381141,3000337,1767016,10223202,333024,19203,326950,11276,14001,0,0,0,0.35,200.0,24.3,1552560,501290,1048445,1039,1786,36,501,211,0,0,0,"7027,4865,18740,56378,251402,834863,379285,0,0,0,0,0,0,0,0,0,0,0,0,0,0,0,0,0","28758,1593,11948,37065,28004,97726,147133,0,0,0,0,0,0,0,0,0,0,0,0,0,0,0,0,0"
grid15_M3_r-0.6_s42/A200.mvh,kd_C32,2,True,2776,170052,338227,9182,0.7560,1.4,4.1,3.9,18.8,0.5,4.1,0.1,25986250,4226330,1767016,31641787,333024,19203,326950,11276,14001,0,0,0,0.35,200.0,24.3,1552560,501290,1048445,1039,1786,1,15,211,0,0,0,"7027,4865,18740,56378,251402,834863,379285,0,0,0,0,0,0,0,0,0,0,0,0,0,0,0,0,0","28758,1593,11948,37065,28004,97726,147133,0,0,0,0,0,0,0,0,0,0,0,0,0,0,0,0,0"
grid15_M3_r-0.6_s42/A200.mvh,kd_C64,2,True,2776,170052,338227,9182,0.7224,1.4,4.1,3.7,18.7,0.5,4.0,0.1,27566060,4275869,1767016,40009523,333024,19203,326950,11276,14001,0,0,0,0.35,200.0,24.3,1552560,501290,1048445,1039,1786,0,0,211,0,0,0,"7027,4865,18740,56378,251402,834863,379285,0,0,0,0,0,0,0,0,0,0,0,0,0,0,0,0,0","28758,1593,11948,37065,28004,97726,147133,0,0,0,0,0,0,0,0,0,0,0,0,0,0,0,0,0"
grid15_M3_r-0.6_s42/A200.mvh,kd_C128,2,True,2776,170052,338227,9182,0.7578,1.4,4.1,3.8,18.9,0.5,4.0,0.1,27566060,4275869,1767016,40009523,333024,19203,326950,11276,14001,0,0,0,0.35,200.0,24.3,1552560,501290,1048445,1039,1786,0,0,211,0,0,0,"7027,4865,18740,56378,251402,834863,379285,0,0,0,0,0,0,0,0,0,0,0,0,0,0,0,0,0","28758,1593,11948,37065,28004,97726,147133,0,0,0,0,0,0,0,0,0,0,0,0,0,0,0,0,0"
grid15_M3_r-0.6_s42/A200.mvh,bk8_C32,2,True,2776,170052,338227,9182,0.7632,1.4,4.3,4.6,18.6,0.5,4.0,0.1,25967236,4227487,1767016,31392830,333024,19203,326950,11276,14001,0,0,0,0.35,200.0,24.3,1552560,501290,1048445,1039,1786,1,15,211,0,0,0,"7027,4865,18740,56378,251402,834863,379285,0,0,0,0,0,0,0,0,0,0,0,0,0,0,0,0,0","28758,1593,11948,37065,28004,97726,147133,0,0,0,0,0,0,0,0,0,0,0,0,0,0,0,0,0"
grid15_M3_r-0.6_s42/A200.mvh,flat,3,True,2776,170052,338227,9182,0.7385,1.5,4.1,3.8,18.9,0.5,4.0,0.1,27566060,4275869,1767016,40009523,333024,19203,326950,11276,14001,0,0,0,0.35,200.0,24.3,1552560,501290,1048445,1039,1786,0,0,211,0,0,0,"7027,4865,18740,56378,251402,834863,379285,0,0,0,0,0,0,0,0,0,0,0,0,0,0,0,0,0","28758,1593,11948,37065,28004,97726,147133,0,0,0,0,0,0,0,0,0,0,0,0,0,0,0,0,0"
grid15_M3_r-0.6_s42/A200.mvh,kd_X0,3,True,2776,170052,338227,9182,0.8759,0.9,4.3,6.8,20.9,0.4,6.8,0.1,2183555,351568,1767016,5861871,333024,19203,326950,11276,14001,0,0,0,0.35,200.0,24.3,1552560,501290,1048445,1039,1786,225,2298,211,0,0,0,"7027,4865,18740,56378,251402,834863,379285,0,0,0,0,0,0,0,0,0,0,0,0,0,0,0,0,0","28758,1593,11948,37065,28004,97726,147133,0,0,0,0,0,0,0,0,0,0,0,0,0,0,0,0,0"
grid15_M3_r-0.6_s42/A200.mvh,kd_X16,3,True,2776,170052,338227,9182,1.0729,1.0,4.0,5.5,20.8,0.4,6.6,0.0,3290718,489135,1767016,6842955,333024,19203,326950,11276,14001,0,0,0,0.35,200.0,24.3,1552560,501290,1048445,1039,1786,171,2031,211,0,0,0,"7027,4865,18740,56378,251402,834863,379285,0,0,0,0,0,0,0,0,0,0,0,0,0,0,0,0,0","28758,1593,11948,37065,28004,97726,147133,0,0,0,0,0,0,0,0,0,0,0,0,0,0,0,0,0"
grid15_M3_r-0.6_s42/A200.mvh,kd_X32,3,True,2776,170052,338227,9182,1.1478,1.1,4.2,4.9,19.4,0.4,5.5,0.1,10296408,1606148,1767016,11726364,333024,19203,326950,11276,14001,0,0,0,0.35,200.0,24.3,1552560,501290,1048445,1039,1786,89,1178,211,0,0,0,"7027,4865,18740,56378,251402,834863,379285,0,0,0,0,0,0,0,0,0,0,0,0,0,0,0,0,0","28758,1593,11948,37065,28004,97726,147133,0,0,0,0,0,0,0,0,0,0,0,0,0,0,0,0,0"
grid15_M3_r-0.6_s42/A200.mvh,kd_X64,3,True,2776,170052,338227,9182,0.9233,1.4,4.2,3.7,18.9,0.4,4.0,0.1,27566060,4275869,1767016,40009523,333024,19203,326950,11276,14001,0,0,0,0.35,200.0,24.3,1552560,501290,1048445,1039,1786,0,0,211,0,0,0,"7027,4865,18740,56378,251402,834863,379285,0,0,0,0,0,0,0,0,0,0,0,0,0,0,0,0,0","28758,1593,11948,37065,28004,97726,147133,0,0,0,0,0,0,0,0,0,0,0,0,0,0,0,0,0"
grid15_M3_r-0.6_s42/A200.mvh,kd_X128,3,True,2776,170052,338227,9182,0.9233,1.4,4.2,3.7,18.9,0.4,3.9,0.1,27566060,4275869,1767016,40009523,333024,19203,326950,11276,14001,0,0,0,0.35,200.0,24.3,1552560,501290,1048445,1039,1786,0,0,211,0,0,0,"7027,4865,18740,56378,251402,834863,379285,0,0,0,0,0,0,0,0,0,0,0,0,0,0,0,0,0","28758,1593,11948,37065,28004,97726,147133,0,0,0,0,0,0,0,0,0,0,0,0,0,0,0,0,0"
grid15_M3_r-0.6_s42/A200.mvh,kd_C8,3,True,2776,170052,338227,9182,0.7582,1.0,4.1,5.9,19.8,0.4,6.0,0.1,5480253,1016276,1767016,6159147,333024,19203,326950,11276,14001,0,0,0,0.35,200.0,24.3,1552560,501290,1048445,1039,1786,120,1569,211,0,0,0,"7027,4865,18740,56378,251402,834863,379285,0,0,0,0,0,0,0,0,0,0,0,0,0,0,0,0,0","28758,1593,11948,37065,28004,97726,147133,0,0,0,0,0,0,0,0,0,0,0,0,0,0,0,0,0"
grid15_M3_r-0.6_s42/A200.mvh,kd_C16,3,True,2776,170052,338227,9182,0.8395,1.1,4.2,5.4,18.5,0.5,4.7,0.1,15381141,3000337,1767016,10223202,333024,19203,326950,11276,14001,0,0,0,0.35,200.0,24.3,1552560,501290,1048445,1039,1786,36,501,211,0,0,0,"7027,4865,18740,56378,251402,834863,379285,0,0,0,0,0,0,0,0,0,0,0,0,0,0,0,0,0","28758,1593,11948,37065,28004,97726,147133,0,0,0,0,0,0,0,0,0,0,0,0,0,0,0,0,0"
grid15_M3_r-0.6_s42/A200.mvh,kd_C32,3,True,2776,170052,338227,9182,0.7486,1.4,4.1,4.0,19.2,0.5,4.1,0.1,25986250,4226330,1767016,31641787,333024,19203,326950,11276,14001,0,0,0,0.35,200.0,24.3,1552560,501290,1048445,1039,1786,1,15,211,0,0,0,"7027,4865,18740,56378,251402,834863,379285,0,0,0,0,0,0,0,0,0,0,0,0,0,0,0,0,0","28758,1593,11948,37065,28004,97726,147133,0,0,0,0,0,0,0,0,0,0,0,0,0,0,0,0,0"
grid15_M3_r-0.6_s42/A200.mvh,kd_C64,3,True,2776,170052,338227,9182,0.7154,1.5,4.1,3.8,19.1,0.5,4.0,0.1,27566060,4275869,1767016,40009523,333024,19203,326950,11276,14001,0,0,0,0.35,200.0,24.3,1552560,501290,1048445,1039,1786,0,0,211,0,0,0,"7027,4865,18740,56378,251402,834863,379285,0,0,0,0,0,0,0,0,0,0,0,0,0,0,0,0,0","28758,1593,11948,37065,28004,97726,147133,0,0,0,0,0,0,0,0,0,0,0,0,0,0,0,0,0"
grid15_M3_r-0.6_s42/A200.mvh,kd_C128,3,True,2776,170052,338227,9182,0.7055,1.5,4.1,3.8,19.2,0.5,4.0,0.1,27566060,4275869,1767016,40009523,333024,19203,326950,11276,14001,0,0,0,0.35,200.0,24.3,1552560,501290,1048445,1039,1786,0,0,211,0,0,0,"7027,4865,18740,56378,251402,834863,379285,0,0,0,0,0,0,0,0,0,0,0,0,0,0,0,0,0","28758,1593,11948,37065,28004,97726,147133,0,0,0,0,0,0,0,0,0,0,0,0,0,0,0,0,0"
grid15_M3_r-0.6_s42/A200.mvh,bk8_C32,3,True,2776,170052,338227,9182,0.7184,1.4,4.3,4.5,18.8,0.5,4.0,0.1,25967236,4227487,1767016,31392830,333024,19203,326950,11276,14001,0,0,0,0.35,200.0,24.3,1552560,501290,1048445,1039,1786,1,15,211,0,0,0,"7027,4865,18740,56378,251402,834863,379285,0,0,0,0,0,0,0,0,0,0,0,0,0,0,0,0,0","28758,1593,11948,37065,28004,97726,147133,0,0,0,0,0,0,0,0,0,0,0,0,0,0,0,0,0"
grid15_M3_r-0.6_s42/A200.mvh,flat,4,True,2776,170052,338227,9182,0.7157,1.5,4.1,3.8,19.0,0.5,4.0,0.1,27566060,4275869,1767016,40009523,333024,19203,326950,11276,14001,0,0,0,0.35,200.0,24.3,1552560,501290,1048445,1039,1786,0,0,211,0,0,0,"7027,4865,18740,56378,251402,834863,379285,0,0,0,0,0,0,0,0,0,0,0,0,0,0,0,0,0","28758,1593,11948,37065,28004,97726,147133,0,0,0,0,0,0,0,0,0,0,0,0,0,0,0,0,0"
grid15_M3_r-0.6_s42/A200.mvh,kd_X0,4,True,2776,170052,338227,9182,0.7977,0.9,4.4,7.0,21.0,0.4,6.8,0.1,2183555,351568,1767016,5861871,333024,19203,326950,11276,14001,0,0,0,0.35,200.0,24.3,1552560,501290,1048445,1039,1786,225,2298,211,0,0,0,"7027,4865,18740,56378,251402,834863,379285,0,0,0,0,0,0,0,0,0,0,0,0,0,0,0,0,0","28758,1593,11948,37065,28004,97726,147133,0,0,0,0,0,0,0,0,0,0,0,0,0,0,0,0,0"
grid15_M3_r-0.6_s42/A200.mvh,kd_X16,4,True,2776,170052,338227,9182,0.8449,1.0,3.9,5.5,20.8,0.4,6.5,0.1,3290718,489135,1767016,6842955,333024,19203,326950,11276,14001,0,0,0,0.35,200.0,24.3,1552560,501290,1048445,1039,1786,171,2031,211,0,0,0,"7027,4865,18740,56378,251402,834863,379285,0,0,0,0,0,0,0,0,0,0,0,0,0,0,0,0,0","28758,1593,11948,37065,28004,97726,147133,0,0,0,0,0,0,0,0,0,0,0,0,0,0,0,0,0"
grid15_M3_r-0.6_s42/A200.mvh,kd_X32,4,True,2776,170052,338227,9182,0.7704,1.1,4.0,4.8,19.4,0.4,5.4,0.1,10296408,1606148,1767016,11726364,333024,19203,326950,11276,14001,0,0,0,0.35,200.0,24.3,1552560,501290,1048445,1039,1786,89,1178,211,0,0,0,"7027,4865,18740,56378,251402,834863,379285,0,0,0,0,0,0,0,0,0,0,0,0,0,0,0,0,0","28758,1593,11948,37065,28004,97726,147133,0,0,0,0,0,0,0,0,0,0,0,0,0,0,0,0,0"
grid15_M3_r-0.6_s42/A200.mvh,kd_X64,4,True,2776,170052,338227,9182,0.6768,1.5,4.1,3.9,19.1,0.5,4.0,0.1,27566060,4275869,1767016,40009523,333024,19203,326950,11276,14001,0,0,0,0.35,200.0,24.3,1552560,501290,1048445,1039,1786,0,0,211,0,0,0,"7027,4865,18740,56378,251402,834863,379285,0,0,0,0,0,0,0,0,0,0,0,0,0,0,0,0,0","28758,1593,11948,37065,28004,97726,147133,0,0,0,0,0,0,0,0,0,0,0,0,0,0,0,0,0"
grid15_M3_r-0.6_s42/A200.mvh,kd_X128,4,True,2776,170052,338227,9182,0.8665,1.4,4.2,3.7,18.7,0.4,3.9,0.1,27566060,4275869,1767016,40009523,333024,19203,326950,11276,14001,0,0,0,0.35,200.0,24.3,1552560,501290,1048445,1039,1786,0,0,211,0,0,0,"7027,4865,18740,56378,251402,834863,379285,0,0,0,0,0,0,0,0,0,0,0,0,0,0,0,0,0","28758,1593,11948,37065,28004,97726,147133,0,0,0,0,0,0,0,0,0,0,0,0,0,0,0,0,0"
grid15_M3_r-0.6_s42/A200.mvh,kd_C8,4,True,2776,170052,338227,9182,0.8121,1.0,4.1,6.0,19.8,0.4,6.0,0.1,5480253,1016276,1767016,6159147,333024,19203,326950,11276,14001,0,0,0,0.35,200.0,24.3,1552560,501290,1048445,1039,1786,120,1569,211,0,0,0,"7027,4865,18740,56378,251402,834863,379285,0,0,0,0,0,0,0,0,0,0,0,0,0,0,0,0,0","28758,1593,11948,37065,28004,97726,147133,0,0,0,0,0,0,0,0,0,0,0,0,0,0,0,0,0"
grid15_M3_r-0.6_s42/A200.mvh,kd_C16,4,True,2776,170052,338227,9182,0.7720,1.1,4.2,5.1,18.7,0.4,4.6,0.1,15381141,3000337,1767016,10223202,333024,19203,326950,11276,14001,0,0,0,0.35,200.0,24.3,1552560,501290,1048445,1039,1786,36,501,211,0,0,0,"7027,4865,18740,56378,251402,834863,379285,0,0,0,0,0,0,0,0,0,0,0,0,0,0,0,0,0","28758,1593,11948,37065,28004,97726,147133,0,0,0,0,0,0,0,0,0,0,0,0,0,0,0,0,0"
grid15_M3_r-0.6_s42/A200.mvh,kd_C32,4,True,2776,170052,338227,9182,0.7253,1.4,4.1,4.0,19.0,0.5,4.0,0.1,25986250,4226330,1767016,31641787,333024,19203,326950,11276,14001,0,0,0,0.35,200.0,24.3,1552560,501290,1048445,1039,1786,1,15,211,0,0,0,"7027,4865,18740,56378,251402,834863,379285,0,0,0,0,0,0,0,0,0,0,0,0,0,0,0,0,0","28758,1593,11948,37065,28004,97726,147133,0,0,0,0,0,0,0,0,0,0,0,0,0,0,0,0,0"
grid15_M3_r-0.6_s42/A200.mvh,kd_C64,4,True,2776,170052,338227,9182,0.7034,1.5,4.1,3.9,19.1,0.5,4.0,0.1,27566060,4275869,1767016,40009523,333024,19203,326950,11276,14001,0,0,0,0.35,200.0,24.3,1552560,501290,1048445,1039,1786,0,0,211,0,0,0,"7027,4865,18740,56378,251402,834863,379285,0,0,0,0,0,0,0,0,0,0,0,0,0,0,0,0,0","28758,1593,11948,37065,28004,97726,147133,0,0,0,0,0,0,0,0,0,0,0,0,0,0,0,0,0"
grid15_M3_r-0.6_s42/A200.mvh,kd_C128,4,True,2776,170052,338227,9182,0.6851,1.4,4.0,3.8,19.1,0.5,4.0,0.1,27566060,4275869,1767016,40009523,333024,19203,326950,11276,14001,0,0,0,0.35,200.0,24.3,1552560,501290,1048445,1039,1786,0,0,211,0,0,0,"7027,4865,18740,56378,251402,834863,379285,0,0,0,0,0,0,0,0,0,0,0,0,0,0,0,0,0","28758,1593,11948,37065,28004,97726,147133,0,0,0,0,0,0,0,0,0,0,0,0,0,0,0,0,0"
grid15_M3_r-0.6_s42/A200.mvh,bk8_C32,4,True,2776,170052,338227,9182,0.6895,1.4,4.2,4.5,18.8,0.5,4.0,0.1,25967236,4227487,1767016,31392830,333024,19203,326950,11276,14001,0,0,0,0.35,200.0,24.3,1552560,501290,1048445,1039,1786,1,15,211,0,0,0,"7027,4865,18740,56378,251402,834863,379285,0,0,0,0,0,0,0,0,0,0,0,0,0,0,0,0,0","28758,1593,11948,37065,28004,97726,147133,0,0,0,0,0,0,0,0,0,0,0,0,0,0,0,0,0"
