instance,cfg,rep,identical,sols,exp,gen,reins,wall,p_global,p_ch_gen,p_ch_re,p_local,p_full,p_update,p_build,cmpchk,cmpupd,cmpfull,cmpch,ch_gen,ch_re,ch_first,ch_later,ch_none,ch_ideal,ch_tree,ch_nodes,avg_skip,avg_H,avg_T,loc,loc_notr,loc_tdisc,loc_bad,loc_good,kd_builds,kd_rebuilds,htrees,h_redund,h_total,ch_rskip,loc_hist,T_hist
grid10_M4_r-0.6_s42/A50.mvh,lin,0,True,12667,187070,296772,8754,0.9439,2.1,4.6,4.8,26.2,1.0,12.2,0.0,8331406,1464439,3703477,10404128,297332,28440,279462,17309,29001,0,0,0,0.50,50.0,305.7,1512002,482399,1027393,207,2003,90,1513,89,0,0,0,"7620,1704,5492,8100,18264,47604,123368,261810,420361,493341,124338,0,0,0,0,0,0,0,0,0,0,0,0,0","19530,1119,3576,4147,6243,13488,18477,44307,43385,99569,71931,0,0,0,0,0,0,0,0,0,0,0,0,0"
grid10_M4_r-0.6_s42/A50.mvh,lin_r,0,True,12667,187070,296772,8754,0.8710,2.3,3.2,1.1,27.8,1.1,13.0,0.0,8331406,1464439,3703477,1593082,297332,28440,279462,17309,29001,0,0,0,0.50,50.0,305.7,1512002,482399,1027393,207,2003,90,1513,89,3652,4450,1356043,"7620,1704,5492,8100,18264,47604,123368,261810,420361,493341,124338,0,0,0,0,0,0,0,0,0,0,0,0,0","19530,1119,3576,4147,6243,13488,18477,44307,43385,99569,71931,0,0,0,0,0,0,0,0,0,0,0,0,0"
grid10_M4_r-0.6_s42/A50.mvh,lin_id,0,True,12667,187070,296772,8754,0.9076,2.2,4.1,1.4,27.2,1.1,12.7,0.0,8331406,1464439,3703477,3176354,297332,28440,279462,17309,29001,27234,0,0,0.50,50.0,305.7,1512002,482399,1027393,207,2003,90,1513,89,0,0,0,"7620,1704,5492,8100,18264,47604,123368,261810,420361,493341,124338,0,0,0,0,0,0,0,0,0,0,0,0,0","19530,1119,3576,4147,6243,13488,18477,44307,43385,99569,71931,0,0,0,0,0,0,0,0,0,0,0,0,0"
grid10_M4_r-0.6_s42/A50.mvh,lin_r_id,0,True,12667,187070,296772,8754,1.0121,2.1,3.8,0.9,27.3,1.1,12.7,0.0,8331406,1464439,3703477,1826628,297332,28440,279462,17309,29001,27234,0,0,0.50,50.0,305.7,1512002,482399,1027393,207,2003,90,1513,89,3652,4450,186516,"7620,1704,5492,8100,18264,47604,123368,261810,420361,493341,124338,0,0,0,0,0,0,0,0,0,0,0,0,0","19530,1119,3576,4147,6243,13488,18477,44307,43385,99569,71931,0,0,0,0,0,0,0,0,0,0,0,0,0"
grid10_M4_r-0.6_s42/A50.mvh,lexBU_fp_id_r_h0,0,True,12667,187070,296772,8754,0.8832,2.2,3.2,1.2,27.7,1.1,13.0,0.0,8331406,1464439,3703477,1709457,297332,28440,283285,13486,29001,27242,19067,21699,0.45,50.0,305.7,1512002,482399,1027393,207,2003,90,1513,89,3652,4450,82760,"7620,1704,5492,8100,18264,47604,123368,261810,420361,493341,124338,0,0,0,0,0,0,0,0,0,0,0,0,0","19530,1119,3576,4147,6243,13488,18477,44307,43385,99569,71931,0,0,0,0,0,0,0,0,0,0,0,0,0"
grid10_M4_r-0.6_s42/A50.mvh,lexBU_fp_id_r_h32,0,True,12667,187070,296772,8754,0.9167,2.2,3.1,1.2,28.5,1.1,12.7,0.0,8331406,1464439,3703477,1709457,297332,28440,283285,13486,29001,27242,19067,21699,0.45,50.0,305.7,1512002,482399,1027393,207,2003,90,1513,89,3652,4450,82760,"7620,1704,5492,8100,18264,47604,123368,261810,420361,493341,124338,0,0,0,0,0,0,0,0,0,0,0,0,0","19530,1119,3576,4147,6243,13488,18477,44307,43385,99569,71931,0,0,0,0,0,0,0,0,0,0,0,0,0"
grid10_M4_r-0.6_s42/A50.mvh,lexBU_fp_id_r_h128,0,True,12667,187070,296772,8754,0.9305,2.2,3.8,0.9,27.5,1.1,12.8,0.0,8331406,1464439,3703477,1826628,297332,28440,279462,17309,29001,27234,0,0,0.50,50.0,305.7,1512002,482399,1027393,207,2003,90,1513,89,3652,4450,186516,"7620,1704,5492,8100,18264,47604,123368,261810,420361,493341,124338,0,0,0,0,0,0,0,0,0,0,0,0,0","19530,1119,3576,4147,6243,13488,18477,44307,43385,99569,71931,0,0,0,0,0,0,0,0,0,0,0,0,0"
grid10_M4_r-0.6_s42/A50.mvh,lexBU_fp_id_r_h512,0,True,12667,187070,296772,8754,0.9717,2.2,3.8,0.9,27.3,1.1,12.7,0.0,8331406,1464439,3703477,1826628,297332,28440,279462,17309,29001,27234,0,0,0.50,50.0,305.7,1512002,482399,1027393,207,2003,90,1513,89,3652,4450,186516,"7620,1704,5492,8100,18264,47604,123368,261810,420361,493341,124338,0,0,0,0,0,0,0,0,0,0,0,0,0","19530,1119,3576,4147,6243,13488,18477,44307,43385,99569,71931,0,0,0,0,0,0,0,0,0,0,0,0,0"
grid10_M4_r-0.6_s42/A50.mvh,lexBU_fp_id_h0,0,True,12667,187070,296772,8754,1.1831,2.3,3.4,1.5,27.5,1.1,13.0,0.0,8331406,1464439,3703477,2306432,297332,28440,283285,13486,29001,27242,19067,21699,0.45,50.0,305.7,1512002,482399,1027393,207,2003,90,1513,89,0,0,0,"7620,1704,5492,8100,18264,47604,123368,261810,420361,493341,124338,0,0,0,0,0,0,0,0,0,0,0,0,0","19530,1119,3576,4147,6243,13488,18477,44307,43385,99569,71931,0,0,0,0,0,0,0,0,0,0,0,0,0"
grid10_M4_r-0.6_s42/A50.mvh,lexBU_h0,0,True,12667,187070,296772,8754,1.2247,2.2,4.1,2.2,27.3,1.1,12.9,0.0,8331406,1464439,3703477,3531073,297332,28440,279462,17309,29001,0,306242,100324,0.50,50.0,305.7,1512002,482399,1027393,207,2003,90,1513,89,0,0,0,"7620,1704,5492,8100,18264,47604,123368,261810,420361,493341,124338,0,0,0,0,0,0,0,0,0,0,0,0,0","19530,1119,3576,4147,6243,13488,18477,44307,43385,99569,71931,0,0,0,0,0,0,0,0,0,0,0,0,0"
grid10_M4_r-0.6_s42/A50.mvh,lexTD_fp_id_r_h0,0,True,12667,187070,296772,8754,1.0613,2.2,3.8,1.5,27.6,1.0,13.0,0.0,8331406,1464439,3703477,2398658,297332,28440,283285,13486,29001,27242,19067,90156,0.45,50.0,305.7,1512002,482399,1027393,207,2003,90,1513,89,3652,4450,49332,"7620,1704,5492,8100,18264,47604,123368,261810,420361,493341,124338,0,0,0,0,0,0,0,0,0,0,0,0,0","19530,1119,3576,4147,6243,13488,18477,44307,43385,99569,71931,0,0,0,0,0,0,0,0,0,0,0,0,0"
grid10_M4_r-0.6_s42/A50.mvh,lexTD_h0,0,True,12667,187070,296772,8754,1.2493,2.1,5.1,1.6,27.1,1.0,12.7,0.0,8331406,1464439,3703477,3271050,297332,28440,279462,17309,29001,0,306242,397444,0.50,50.0,305.7,1512002,482399,1027393,207,2003,90,1513,89,0,0,0,"7620,1704,5492,8100,18264,47604,123368,261810,420361,493341,124338,0,0,0,0,0,0,0,0,0,0,0,0,0","19530,1119,3576,4147,6243,13488,18477,44307,43385,99569,71931,0,0,0,0,0,0,0,0,0,0,0,0,0"
grid10_M4_r-0.6_s42/A50.mvh,roi_fp_id_h0,0,True,12667,187070,296772,8754,1.0723,2.3,4.3,1.8,27.5,1.1,13.0,0.1,8331406,1464439,3703477,3008383,297332,28440,283285,13486,29001,27242,19067,148573,0.45,50.0,305.7,1512002,482399,1027393,207,2003,90,1513,89,3652,4450,0,"7620,1704,5492,8100,18264,47604,123368,261810,420361,493341,124338,0,0,0,0,0,0,0,0,0,0,0,0,0","19530,1119,3576,4147,6243,13488,18477,44307,43385,99569,71931,0,0,0,0,0,0,0,0,0,0,0,0,0"
grid10_M4_r-0.6_s42/A50.mvh,roi_fp_id_h128,0,True,12667,187070,296772,8754,1.1267,2.2,3.9,0.9,27.7,1.1,13.0,0.0,8331406,1464439,3703477,1826628,297332,28440,279462,17309,29001,27234,0,0,0.50,50.0,305.7,1512002,482399,1027393,207,2003,90,1513,89,3652,4450,186516,"7620,1704,5492,8100,18264,47604,123368,261810,420361,493341,124338,0,0,0,0,0,0,0,0,0,0,0,0,0","19530,1119,3576,4147,6243,13488,18477,44307,43385,99569,71931,0,0,0,0,0,0,0,0,0,0,0,0,0"
grid10_M4_r-0.6_s42/A50.mvh,roi_fp_id_h512,0,True,12667,187070,296772,8754,0.9958,2.3,3.9,0.9,27.8,1.1,13.2,0.0,8331406,1464439,3703477,1826628,297332,28440,279462,17309,29001,27234,0,0,0.50,50.0,305.7,1512002,482399,1027393,207,2003,90,1513,89,3652,4450,186516,"7620,1704,5492,8100,18264,47604,123368,261810,420361,493341,124338,0,0,0,0,0,0,0,0,0,0,0,0,0","19530,1119,3576,4147,6243,13488,18477,44307,43385,99569,71931,0,0,0,0,0,0,0,0,0,0,0,0,0"
grid10_M4_r-0.6_s42/A50.mvh,roi_h0,0,True,12667,187070,296772,8754,1.0500,2.1,5.8,1.9,26.9,1.0,12.6,0.1,8331406,1464439,3703477,3566045,297332,28440,279462,17309,29001,0,306242,474228,0.50,50.0,305.7,1512002,482399,1027393,207,2003,90,1513,89,0,0,0,"7620,1704,5492,8100,18264,47604,123368,261810,420361,493341,124338,0,0,0,0,0,0,0,0,0,0,0,0,0","19530,1119,3576,4147,6243,13488,18477,44307,43385,99569,71931,0,0,0,0,0,0,0,0,0,0,0,0,0"
grid10_M4_r-0.6_s42/A50.mvh,lin,1,True,12667,187070,296772,8754,0.9696,2.2,4.6,4.9,26.4,1.0,12.4,0.0,8331406,1464439,3703477,10404128,297332,28440,279462,17309,29001,0,0,0,0.50,50.0,305.7,1512002,482399,1027393,207,2003,90,1513,89,0,0,0,"7620,1704,5492,8100,18264,47604,123368,261810,420361,493341,124338,0,0,0,0,0,0,0,0,0,0,0,0,0","19530,1119,3576,4147,6243,13488,18477,44307,43385,99569,71931,0,0,0,0,0,0,0,0,0,0,0,0,0"
grid10_M4_r-0.6_s42/A50.mvh,lin_r,1,True,12667,187070,296772,8754,0.9084,2.3,3.3,1.1,27.9,1.1,13.1,0.0,8331406,1464439,3703477,1593082,297332,28440,279462,17309,29001,0,0,0,0.50,50.0,305.7,1512002,482399,1027393,207,2003,90,1513,89,3652,4450,1356043,"7620,1704,5492,8100,18264,47604,123368,261810,420361,493341,124338,0,0,0,0,0,0,0,0,0,0,0,0,0","19530,1119,3576,4147,6243,13488,18477,44307,43385,99569,71931,0,0,0,0,0,0,0,0,0,0,0,0,0"
grid10_M4_r-0.6_s42/A50.mvh,lin_id,1,True,12667,187070,296772,8754,1.0123,2.2,4.2,1.4,27.5,1.2,12.9,0.0,8331406,1464439,3703477,3176354,297332,28440,279462,17309,29001,27234,0,0,0.50,50.0,305.7,1512002,482399,1027393,207,2003,90,1513,89,0,0,0,"7620,1704,5492,8100,18264,47604,123368,261810,420361,493341,124338,0,0,0,0,0,0,0,0,0,0,0,0,0","19530,1119,3576,4147,6243,13488,18477,44307,43385,99569,71931,0,0,0,0,0,0,0,0,0,0,0,0,0"
grid10_M4_r-0.6_s42/A50.mvh,lin_r_id,1,True,12667,187070,296772,8754,0.9353,2.3,3.9,0.9,27.9,1.1,13.1,0.0,8331406,1464439,3703477,1826628,297332,28440,279462,17309,29001,27234,0,0,0.50,50.0,305.7,1512002,482399,1027393,207,2003,90,1513,89,3652,4450,186516,"7620,1704,5492,8100,18264,47604,123368,261810,420361,493341,124338,0,0,0,0,0,0,0,0,0,0,0,0,0","19530,1119,3576,4147,6243,13488,18477,44307,43385,99569,71931,0,0,0,0,0,0,0,0,0,0,0,0,0"
grid10_M4_r-0.6_s42/A50.mvh,lexBU_fp_id_r_h0,1,True,12667,187070,296772,8754,0.9277,2.3,3.3,1.2,27.8,1.1,13.1,0.0,8331406,1464439,3703477,1709457,297332,28440,283285,13486,29001,27242,19067,21699,0.45,50.0,305.7,1512002,482399,1027393,207,2003,90,1513,89,3652,4450,82760,"7620,1704,5492,8100,18264,47604,123368,261810,420361,493341,124338,0,0,0,0,0,0,0,0,0,0,0,0,0","19530,1119,3576,4147,6243,13488,18477,44307,43385,99569,71931,0,0,0,0,0,0,0,0,0,0,0,0,0"
grid10_M4_r-0.6_s42/A50.mvh,lexBU_fp_id_r_h32,1,True,12667,187070,296772,8754,0.9461,2.3,3.3,1.3,27.8,1.1,13.1,0.0,8331406,1464439,3703477,1709457,297332,28440,283285,13486,29001,27242,19067,21699,0.45,50.0,305.7,1512002,482399,1027393,207,2003,90,1513,89,3652,4450,82760,"7620,1704,5492,8100,18264,47604,123368,261810,420361,493341,124338,0,0,0,0,0,0,0,0,0,0,0,0,0","19530,1119,3576,4147,6243,13488,18477,44307,43385,99569,71931,0,0,0,0,0,0,0,0,0,0,0,0,0"
grid10_M4_r-0.6_s42/A50.mvh,lexBU_fp_id_r_h128,1,True,12667,187070,296772,8754,0.9683,2.2,3.9,0.9,27.8,1.1,13.1,0.0,8331406,1464439,3703477,1826628,297332,28440,279462,17309,29001,27234,0,0,0.50,50.0,305.7,1512002,482399,1027393,207,2003,90,1513,89,3652,4450,186516,"7620,1704,5492,8100,18264,47604,123368,261810,420361,493341,124338,0,0,0,0,0,0,0,0,0,0,0,0,0","19530,1119,3576,4147,6243,13488,18477,44307,43385,99569,71931,0,0,0,0,0,0,0,0,0,0,0,0,0"
grid10_M4_r-0.6_s42/A50.mvh,lexBU_fp_id_r_h512,1,True,12667,187070,296772,8754,0.9094,2.3,3.9,0.9,28.0,1.1,13.2,0.0,8331406,1464439,3703477,1826628,297332,28440,279462,17309,29001,27234,0,0,0.50,50.0,305.7,1512002,482399,1027393,207,2003,90,1513,89,3652,4450,186516,"7620,1704,5492,8100,18264,47604,123368,261810,420361,493341,124338,0,0,0,0,0,0,0,0,0,0,0,0,0","19530,1119,3576,4147,6243,13488,18477,44307,43385,99569,71931,0,0,0,0,0,0,0,0,0,0,0,0,0"
grid10_M4_r-0.6_s42/A50.mvh,lexBU_fp_id_h0,1,True,12667,187070,296772,8754,1.0619,2.2,3.4,1.5,27.6,1.1,13.0,0.0,8331406,1464439,3703477,2306432,297332,28440,283285,13486,29001,27242,19067,21699,0.45,50.0,305.7,1512002,482399,1027393,207,2003,90,1513,89,0,0,0,"7620,1704,5492,8100,18264,47604,123368,261810,420361,493341,124338,0,0,0,0,0,0,0,0,0,0,0,0,0","19530,1119,3576,4147,6243,13488,18477,44307,43385,99569,71931,0,0,0,0,0,0,0,0,0,0,0,0,0"
grid10_M4_r-0.6_s42/A50.mvh,lexBU_h0,1,True,12667,187070,296772,8754,1.3030,2.2,3.9,2.2,27.3,1.1,12.8,0.0,8331406,1464439,3703477,3531073,297332,28440,279462,17309,29001,0,306242,100324,0.50,50.0,305.7,1512002,482399,1027393,207,2003,90,1513,89,0,0,0,"7620,1704,5492,8100,18264,47604,123368,261810,420361,493341,124338,0,0,0,0,0,0,0,0,0,0,0,0,0","19530,1119,3576,4147,6243,13488,18477,44307,43385,99569,71931,0,0,0,0,0,0,0,0,0,0,0,0,0"
grid10_M4_r-0.6_s42/A50.mvh,lexTD_fp_id_r_h0,1,True,12667,187070,296772,8754,1.3006,2.1,3.8,1.5,27.4,1.0,12.8,0.0,8331406,1464439,3703477,2398658,297332,28440,283285,13486,29001,27242,19067,90156,0.45,50.0,305.7,1512002,482399,1027393,207,2003,90,1513,89,3652,4450,49332,"7620,1704,5492,8100,18264,47604,123368,261810,420361,493341,124338,0,0,0,0,0,0,0,0,0,0,0,0,0","19530,1119,3576,4147,6243,13488,18477,44307,43385,99569,71931,0,0,0,0,0,0,0,0,0,0,0,0,0"
grid10_M4_r-0.6_s42/A50.mvh,lexTD_h0,1,True,12667,187070,296772,8754,1.1951,2.1,5.2,1.6,27.1,1.0,12.6,0.0,8331406,1464439,3703477,3271050,297332,28440,279462,17309,29001,0,306242,397444,0.50,50.0,305.7,1512002,482399,1027393,207,2003,90,1513,89,0,0,0,"7620,1704,5492,8100,18264,47604,123368,261810,420361,493341,124338,0,0,0,0,0,0,0,0,0,0,0,0,0","19530,1119,3576,4147,6243,13488,18477,44307,43385,99569,71931,0,0,0,0,0,0,0,0,0,0,0,0,0"
grid10_M4_r-0.6_s42/A50.mvh,roi_fp_id_h0,1,True,12667,187070,296772,8754,0.9994,2.2,4.2,1.8,27.3,1.1,12.8,0.1,8331406,1464439,3703477,3008383,297332,28440,283285,13486,29001,27242,19067,148573,0.45,50.0,305.7,1512002,482399,1027393,207,2003,90,1513,89,3652,4450,0,"7620,1704,5492,8100,18264,47604,123368,261810,420361,493341,124338,0,0,0,0,0,0,0,0,0,0,0,0,0","19530,1119,3576,4147,6243,13488,18477,44307,43385,99569,71931,0,0,0,0,0,0,0,0,0,0,0,0,0"
grid10_M4_r-0.6_s42/A50.mvh,roi_fp_id_h128,1,True,12667,187070,296772,8754,0.9814,2.2,3.9,0.9,27.6,1.1,12.9,0.0,8331406,1464439,3703477,1826628,297332,28440,279462,17309,29001,27234,0,0,0.50,50.0,305.7,1512002,482399,1027393,207,2003,90,1513,89,3652,4450,186516,"7620,1704,5492,8100,18264,47604,123368,261810,420361,493341,124338,0,0,0,0,0,0,0,0,0,0,0,0,0","19530,1119,3576,4147,6243,13488,18477,44307,43385,99569,71931,0,0,0,0,0,0,0,0,0,0,0,0,0"
grid10_M4_r-0.6_s42/A50.mvh,roi_fp_id_h512,1,True,12667,187070,296772,8754,0.9513,2.2,3.8,0.9,27.6,1.1,13.0,0.0,8331406,1464439,3703477,1826628,297332,28440,279462,17309,29001,27234,0,0,0.50,50.0,305.7,1512002,482399,1027393,207,2003,90,1513,89,3652,4450,186516,"7620,1704,5492,8100,18264,47604,123368,261810,420361,493341,124338,0,0,0,0,0,0,0,0,0,0,0,0,0","19530,1119,3576,4147,6243,13488,18477,44307,43385,99569,71931,0,0,0,0,0,0,0,0,0,0,0,0,0"
grid10_M4_r-0.6_s42/A50.mvh,roi_h0,1,True,12667,187070,296772,8754,0.9629,2.1,5.6,1.9,26.9,1.1,12.7,0.1,8331406,1464439,3703477,3566045,297332,28440,279462,17309,29001,0,306242,474228,0.50,50.0,305.7,1512002,482399,1027393,207,2003,90,1513,89,0,0,0,"7620,1704,5492,8100,18264,47604,123368,261810,420361,493341,124338,0,0,0,0,0,0,0,0,0,0,0,0,0","19530,1119,3576,4147,6243,13488,18477,44307,43385,99569,71931,0,0,0,0,0,0,0,0,0,0,0,0,0"
grid10_M4_r-0.6_s42/A50.mvh,lin,2,True,12667,187070,296772,8754,0.9793,2.1,4.5,4.8,26.3,1.1,12.3,0.0,8331406,1464439,3703477,10404128,297332,28440,279462,17309,29001,0,0,0,0.50,50.0,305.7,1512002,482399,1027393,207,2003,90,1513,89,0,0,0,"7620,1704,5492,8100,18264,47604,123368,261810,420361,493341,124338,0,0,0,0,0,0,0,0,0,0,0,0,0","19530,1119,3576,4147,6243,13488,18477,44307,43385,99569,71931,0,0,0,0,0,0,0,0,0,0,0,0,0"
grid10_M4_r-0.6_s42/A50.mvh,lin_r,2,True,12667,187070,296772,8754,0.9472,2.3,3.2,1.0,27.8,1.1,13.0,0.0,8331406,1464439,3703477,1593082,297332,28440,279462,17309,29001,0,0,0,0.50,50.0,305.7,1512002,482399,1027393,207,2003,90,1513,89,3652,4450,1356043,"7620,1704,5492,8100,18264,47604,123368,261810,420361,493341,124338,0,0,0,0,0,0,0,0,0,0,0,0,0","19530,1119,3576,4147,6243,13488,18477,44307,43385,99569,71931,0,0,0,0,0,0,0,0,0,0,0,0,0"
grid10_M4_r-0.6_s42/A50.mvh,lin_id,2,True,12667,187070,296772,8754,0.9488,2.2,4.1,1.4,27.5,1.1,12.9,0.0,8331406,1464439,3703477,3176354,297332,28440,279462,17309,29001,27234,0,0,0.50,50.0,305.7,1512002,482399,1027393,207,2003,90,1513,89,0,0,0,"7620,1704,5492,8100,18264,47604,123368,261810,420361,493341,124338,0,0,0,0,0,0,0,0,0,0,0,0,0","19530,1119,3576,4147,6243,13488,18477,44307,43385,99569,71931,0,0,0,0,0,0,0,0,0,0,0,0,0"
grid10_M4_r-0.6_s42/A50.mvh,lin_r_id,2,True,12667,187070,296772,8754,0.9347,2.2,3.9,0.9,27.8,1.1,13.0,0.0,8331406,1464439,3703477,1826628,297332,28440,279462,17309,29001,27234,0,0,0.50,50.0,305.7,1512002,482399,1027393,207,2003,90,1513,89,3652,4450,186516,"7620,1704,5492,8100,18264,47604,123368,261810,420361,493341,124338,0,0,0,0,0,0,0,0,0,0,0,0,0","19530,1119,3576,4147,6243,13488,18477,44307,43385,99569,71931,0,0,0,0,0,0,0,0,0,0,0,0,0"
grid10_M4_r-0.6_s42/A50.mvh,lexBU_fp_id_r_h0,2,True,12667,187070,296772,8754,0.9537,2.3,3.2,1.3,27.8,1.2,13.1,0.0,8331406,1464439,3703477,1709457,297332,28440,283285,13486,29001,27242,19067,21699,0.45,50.0,305.7,1512002,482399,1027393,207,2003,90,1513,89,3652,4450,82760,"7620,1704,5492,8100,18264,47604,123368,261810,420361,493341,124338,0,0,0,0,0,0,0,0,0,0,0,0,0","19530,1119,3576,4147,6243,13488,18477,44307,43385,99569,71931,0,0,0,0,0,0,0,0,0,0,0,0,0"
grid10_M4_r-0.6_s42/A50.mvh,lexBU_fp_id_r_h32,2,True,12667,187070,296772,8754,1.1340,2.2,3.3,1.2,27.6,1.0,13.0,0.0,8331406,1464439,3703477,1709457,297332,28440,283285,13486,29001,27242,19067,21699,0.45,50.0,305.7,1512002,482399,1027393,207,2003,90,1513,89,3652,4450,82760,"7620,1704,5492,8100,18264,47604,123368,261810,420361,493341,124338,0,0,0,0,0,0,0,0,0,0,0,0,0","19530,1119,3576,4147,6243,13488,18477,44307,43385,99569,71931,0,0,0,0,0,0,0,0,0,0,0,0,0"
grid10_M4_r-0.6_s42/A50.mvh,lexBU_fp_id_r_h128,2,True,12667,187070,296772,8754,0.9598,2.2,3.9,0.9,27.8,1.1,13.0,0.0,8331406,1464439,3703477,1826628,297332,28440,279462,17309,29001,27234,0,0,0.50,50.0,305.7,1512002,482399,1027393,207,2003,90,1513,89,3652,4450,186516,"7620,1704,5492,8100,18264,47604,123368,261810,420361,493341,124338,0,0,0,0,0,0,0,0,0,0,0,0,0","19530,1119,3576,4147,6243,13488,18477,44307,43385,99569,71931,0,0,0,0,0,0,0,0,0,0,0,0,0"
grid10_M4_r-0.6_s42/A50.mvh,lexBU_fp_id_r_h512,2,True,12667,187070,296772,8754,0.9685,2.2,3.8,0.9,27.7,1.1,13.0,0.0,8331406,1464439,3703477,1826628,297332,28440,279462,17309,29001,27234,0,0,0.50,50.0,305.7,1512002,482399,1027393,207,2003,90,1513,89,3652,4450,186516,"7620,1704,5492,8100,18264,47604,123368,261810,420361,493341,124338,0,0,0,0,0,0,0,0,0,0,0,0,0","19530,1119,3576,4147,6243,13488,18477,44307,43385,99569,71931,0,0,0,0,0,0,0,0,0,0,0,0,0"
grid10_M4_r-0.6_s42/A50.mvh,lexBU_fp_id_h0,2,True,12667,187070,296772,8754,0.9670,2.2,3.4,1.5,27.6,1.1,13.0,0.0,8331406,1464439,3703477,2306432,297332,28440,283285,13486,29001,27242,19067,21699,0.45,50.0,305.7,1512002,482399,1027393,207,2003,90,1513,89,0,0,0,"7620,1704,5492,8100,18264,47604,123368,261810,420361,493341,124338,0,0,0,0,0,0,0,0,0,0,0,0,0","19530,1119,3576,4147,6243,13488,18477,44307,43385,99569,71931,0,0,0,0,0,0,0,0,0,0,0,0,0"
grid10_M4_r-0.6_s42/A50.mvh,lexBU_h0,2,True,12667,187070,296772,8754,0.9237,2.2,3.8,2.2,27.4,1.1,12.9,0.0,8331406,1464439,3703477,3531073,297332,28440,279462,17309,29001,0,306242,100324,0.50,50.0,305.7,1512002,482399,1027393,207,2003,90,1513,89,0,0,0,"7620,1704,5492,8100,18264,47604,123368,261810,420361,493341,124338,0,0,0,0,0,0,0,0,0,0,0,0,0","19530,1119,3576,4147,6243,13488,18477,44307,43385,99569,71931,0,0,0,0,0,0,0,0,0,0,0,0,0"
grid10_M4_r-0.6_s42/A50.mvh,lexTD_fp_id_r_h0,2,True,12667,187070,296772,8754,0.9249,2.2,3.7,1.6,27.3,1.1,12.9,0.0,8331406,1464439,3703477,2398658,297332,28440,283285,13486,29001,27242,19067,90156,0.45,50.0,305.7,1512002,482399,1027393,207,2003,90,1513,89,3652,4450,49332,"7620,1704,5492,8100,18264,47604,123368,261810,420361,493341,124338,0,0,0,0,0,0,0,0,0,0,0,0,0","19530,1119,3576,4147,6243,13488,18477,44307,43385,99569,71931,0,0,0,0,0,0,0,0,0,0,0,0,0"
grid10_M4_r-0.6_s42/A50.mvh,lexTD_h0,2,True,12667,187070,296772,8754,1.1167,2.2,5.1,1.6,27.3,1.0,12.8,0.0,8331406,1464439,3703477,3271050,297332,28440,279462,17309,29001,0,306242,397444,0.50,50.0,305.7,1512002,482399,1027393,207,2003,90,1513,89,0,0,0,"7620,1704,5492,8100,18264,47604,123368,261810,420361,493341,124338,0,0,0,0,0,0,0,0,0,0,0,0,0","19530,1119,3576,4147,6243,13488,18477,44307,43385,99569,71931,0,0,0,0,0,0,0,0,0,0,0,0,0"
grid10_M4_r-0.6_s42/A50.mvh,roi_fp_id_h0,2,True,12667,187070,296772,8754,1.3068,2.2,4.2,1.8,27.2,1.0,12.7,0.1,8331406,1464439,3703477,3008383,297332,28440,283285,13486,29001,27242,19067,148573,0.45,50.0,305.7,1512002,482399,1027393,207,2003,90,1513,89,3652,4450,0,"7620,1704,5492,8100,18264,47604,123368,261810,420361,493341,124338,0,0,0,0,0,0,0,0,0,0,0,0,0","19530,1119,3576,4147,6243,13488,18477,44307,43385,99569,71931,0,0,0,0,0,0,0,0,0,0,0,0,0"
grid10_M4_r-0.6_s42/A50.mvh,roi_fp_id_h128,2,True,12667,187070,296772,8754,1.3444,2.1,4.0,0.9,27.6,1.0,12.8,0.0,8331406,1464439,3703477,1826628,297332,28440,279462,17309,29001,27234,0,0,0.50,50.0,305.7,1512002,482399,1027393,207,2003,90,1513,89,3652,4450,186516,"7620,1704,5492,8100,18264,47604,123368,261810,420361,493341,124338,0,0,0,0,0,0,0,0,0,0,0,0,0","19530,1119,3576,4147,6243,13488,18477,44307,43385,99569,71931,0,0,0,0,0,0,0,0,0,0,0,0,0"
grid10_M4_r-0.6_s42/A50.mvh,roi_fp_id_h512,2,True,12667,187070,296772,8754,0.9366,2.2,3.9,0.9,27.9,1.1,13.1,0.0,8331406,1464439,3703477,1826628,297332,28440,279462,17309,29001,27234,0,0,0.50,50.0,305.7,1512002,482399,1027393,207,2003,90,1513,89,3652,4450,186516,"7620,1704,5492,8100,18264,47604,123368,261810,420361,493341,124338,0,0,0,0,0,0,0,0,0,0,0,0,0","19530,1119,3576,4147,6243,13488,18477,44307,43385,99569,71931,0,0,0,0,0,0,0,0,0,0,0,0,0"
grid10_M4_r-0.6_s42/A50.mvh,roi_h0,2,True,12667,187070,296772,8754,0.9339,2.2,5.7,2.0,26.9,1.1,12.7,0.1,8331406,1464439,3703477,3566045,297332,28440,279462,17309,29001,0,306242,474228,0.50,50.0,305.7,1512002,482399,1027393,207,2003,90,1513,89,0,0,0,"7620,1704,5492,8100,18264,47604,123368,261810,420361,493341,124338,0,0,0,0,0,0,0,0,0,0,0,0,0","19530,1119,3576,4147,6243,13488,18477,44307,43385,99569,71931,0,0,0,0,0,0,0,0,0,0,0,0,0"
grid12_M4_r0.0_s42/A50.mvh,lin,0,True,13709,214670,334599,9543,1.1869,2.3,4.1,5.6,27.4,0.5,13.2,0.0,10433865,1848404,2348682,12831487,331275,30608,320893,13705,27285,0,0,0,0.43,50.0,470.9,1746649,544941,1200553,151,1004,131,1593,135,0,0,0,"1490,1415,3468,9093,23064,58697,117874,278130,369957,455022,428439,0,0,0,0,0,0,0,0,0,0,0,0,0","1373,522,625,1024,2136,1579,14549,19377,53303,77134,190261,0,0,0,0,0,0,0,0,0,0,0,0,0"
grid12_M4_r0.0_s42/A50.mvh,lin_r,0,True,13709,214670,334599,9543,1.5488,2.4,3.3,1.0,29.0,0.5,13.7,0.0,10433865,1848404,2348682,1622749,331275,30608,320893,13705,27285,0,0,0,0.43,50.0,470.9,1746649,544941,1200553,151,1004,131,1593,135,5548,6750,1372358,"1490,1415,3468,9093,23064,58697,117874,278130,369957,455022,428439,0,0,0,0,0,0,0,0,0,0,0,0,0","1373,522,625,1024,2136,1579,14549,19377,53303,77134,190261,0,0,0,0,0,0,0,0,0,0,0,0,0"
grid12_M4_r0.0_s42/A50.mvh,lin_id,0,True,13709,214670,334599,9543,1.8087,2.1,4.7,1.3,28.5,0.5,13.2,0.0,10433865,1848404,2348682,3356965,331275,30608,320893,13705,27285,26516,0,0,0.43,50.0,470.9,1746649,544941,1200553,151,1004,131,1593,135,0,0,0,"1490,1415,3468,9093,23064,58697,117874,278130,369957,455022,428439,0,0,0,0,0,0,0,0,0,0,0,0,0","1373,522,625,1024,2136,1579,14549,19377,53303,77134,190261,0,0,0,0,0,0,0,0,0,0,0,0,0"
grid12_M4_r0.0_s42/A50.mvh,lin_r_id,0,True,13709,214670,334599,9543,1.3277,2.3,4.3,0.9,28.8,0.5,13.7,0.0,10433865,1848404,2348682,2129457,331275,30608,320893,13705,27285,26516,0,0,0.43,50.0,470.9,1746649,544941,1200553,151,1004,131,1593,135,5548,6750,150870,"1490,1415,3468,9093,23064,58697,117874,278130,369957,455022,428439,0,0,0,0,0,0,0,0,0,0,0,0,0","1373,522,625,1024,2136,1579,14549,19377,53303,77134,190261,0,0,0,0,0,0,0,0,0,0,0,0,0"
grid12_M4_r0.0_s42/A50.mvh,lexBU_fp_id_r_h0,0,True,13709,214670,334599,9543,1.1664,2.4,3.2,1.4,28.9,0.6,13.9,0.0,10433865,1848404,2348682,1934578,331275,30608,323229,11369,27285,26525,14465,15523,0.39,50.0,470.9,1746649,544941,1200553,151,1004,131,1593,135,5548,6750,107763,"1490,1415,3468,9093,23064,58697,117874,278130,369957,455022,428439,0,0,0,0,0,0,0,0,0,0,0,0,0","1373,522,625,1024,2136,1579,14549,19377,53303,77134,190261,0,0,0,0,0,0,0,0,0,0,0,0,0"
grid12_M4_r0.0_s42/A50.mvh,lexBU_fp_id_r_h32,0,True,13709,214670,334599,9543,1.1131,2.4,3.2,1.4,28.9,0.5,13.9,0.0,10433865,1848404,2348682,1934578,331275,30608,323229,11369,27285,26525,14465,15523,0.39,50.0,470.9,1746649,544941,1200553,151,1004,131,1593,135,5548,6750,107763,"1490,1415,3468,9093,23064,58697,117874,278130,369957,455022,428439,0,0,0,0,0,0,0,0,0,0,0,0,0","1373,522,625,1024,2136,1579,14549,19377,53303,77134,190261,0,0,0,0,0,0,0,0,0,0,0,0,0"
grid12_M4_r0.0_s42/A50.mvh,lexBU_fp_id_r_h128,0,True,13709,214670,334599,9543,1.1571,2.4,4.2,1.0,28.8,0.6,13.8,0.0,10433865,1848404,2348682,2129457,331275,30608,320893,13705,27285,26516,0,0,0.43,50.0,470.9,1746649,544941,1200553,151,1004,131,1593,135,5548,6750,150870,"1490,1415,3468,9093,23064,58697,117874,278130,369957,455022,428439,0,0,0,0,0,0,0,0,0,0,0,0,0","1373,522,625,1024,2136,1579,14549,19377,53303,77134,190261,0,0,0,0,0,0,0,0,0,0,0,0,0"
grid12_M4_r0.0_s42/A50.mvh,lexBU_fp_id_r_h512,0,True,13709,214670,334599,9543,1.2065,2.3,4.1,0.9,28.5,0.5,13.6,0.0,10433865,1848404,2348682,2129457,331275,30608,320893,13705,27285,26516,0,0,0.43,50.0,470.9,1746649,544941,1200553,151,1004,131,1593,135,5548,6750,150870,"1490,1415,3468,9093,23064,58697,117874,278130,369957,455022,428439,0,0,0,0,0,0,0,0,0,0,0,0,0","1373,522,625,1024,2136,1579,14549,19377,53303,77134,190261,0,0,0,0,0,0,0,0,0,0,0,0,0"
grid12_M4_r0.0_s42/A50.mvh,lexBU_fp_id_h0,0,True,13709,214670,334599,9543,1.1127,2.4,3.4,1.7,28.5,0.6,13.7,0.0,10433865,1848404,2348682,2850015,331275,30608,323229,11369,27285,26525,14465,15523,0.39,50.0,470.9,1746649,544941,1200553,151,1004,131,1593,135,0,0,0,"1490,1415,3468,9093,23064,58697,117874,278130,369957,455022,428439,0,0,0,0,0,0,0,0,0,0,0,0,0","1373,522,625,1024,2136,1579,14549,19377,53303,77134,190261,0,0,0,0,0,0,0,0,0,0,0,0,0"
grid12_M4_r0.0_s42/A50.mvh,lexBU_h0,0,True,13709,214670,334599,9543,1.0634,2.4,3.8,2.7,28.3,0.5,13.6,0.0,10433865,1848404,2348682,4493323,331275,30608,320893,13705,27285,0,360510,93322,0.43,50.0,470.9,1746649,544941,1200553,151,1004,131,1593,135,0,0,0,"1490,1415,3468,9093,23064,58697,117874,278130,369957,455022,428439,0,0,0,0,0,0,0,0,0,0,0,0,0","1373,522,625,1024,2136,1579,14549,19377,53303,77134,190261,0,0,0,0,0,0,0,0,0,0,0,0,0"
grid12_M4_r0.0_s42/A50.mvh,lexTD_fp_id_r_h0,0,True,13709,214670,334599,9543,1.1953,2.4,3.4,1.7,28.9,0.6,13.8,0.0,10433865,1848404,2348682,2597337,331275,30608,323229,11369,27285,26525,14465,69408,0.39,50.0,470.9,1746649,544941,1200553,151,1004,131,1593,135,5548,6750,48343,"1490,1415,3468,9093,23064,58697,117874,278130,369957,455022,428439,0,0,0,0,0,0,0,0,0,0,0,0,0","1373,522,625,1024,2136,1579,14549,19377,53303,77134,190261,0,0,0,0,0,0,0,0,0,0,0,0,0"
grid12_M4_r0.0_s42/A50.mvh,lexTD_h0,0,True,13709,214670,334599,9543,1.6457,2.2,6.3,1.6,28.2,0.5,13.2,0.0,10433865,1848404,2348682,4390410,331275,30608,320893,13705,27285,0,360510,478221,0.43,50.0,470.9,1746649,544941,1200553,151,1004,131,1593,135,0,0,0,"1490,1415,3468,9093,23064,58697,117874,278130,369957,455022,428439,0,0,0,0,0,0,0,0,0,0,0,0,0","1373,522,625,1024,2136,1579,14549,19377,53303,77134,190261,0,0,0,0,0,0,0,0,0,0,0,0,0"
grid12_M4_r0.0_s42/A50.mvh,roi_fp_id_h0,0,True,13709,214670,334599,9543,1.3838,2.3,3.9,2.1,28.4,0.5,13.6,0.1,10433865,1848404,2348682,3320534,331275,30608,323229,11369,27285,26525,14465,121651,0.39,50.0,470.9,1746649,544941,1200553,151,1004,131,1593,135,5548,6750,0,"1490,1415,3468,9093,23064,58697,117874,278130,369957,455022,428439,0,0,0,0,0,0,0,0,0,0,0,0,0","1373,522,625,1024,2136,1579,14549,19377,53303,77134,190261,0,0,0,0,0,0,0,0,0,0,0,0,0"
grid12_M4_r0.0_s42/A50.mvh,roi_fp_id_h128,0,True,13709,214670,334599,9543,1.1469,2.4,4.2,1.0,28.8,0.5,13.8,0.0,10433865,1848404,2348682,2129457,331275,30608,320893,13705,27285,26516,0,0,0.43,50.0,470.9,1746649,544941,1200553,151,1004,131,1593,135,5548,6750,150870,"1490,1415,3468,9093,23064,58697,117874,278130,369957,455022,428439,0,0,0,0,0,0,0,0,0,0,0,0,0","1373,522,625,1024,2136,1579,14549,19377,53303,77134,190261,0,0,0,0,0,0,0,0,0,0,0,0,0"
grid12_M4_r0.0_s42/A50.mvh,roi_fp_id_h512,0,True,13709,214670,334599,9543,1.0735,2.4,4.2,1.0,28.7,0.6,13.9,0.0,10433865,1848404,2348682,2129457,331275,30608,320893,13705,27285,26516,0,0,0.43,50.0,470.9,1746649,544941,1200553,151,1004,131,1593,135,5548,6750,150870,"1490,1415,3468,9093,23064,58697,117874,278130,369957,455022,428439,0,0,0,0,0,0,0,0,0,0,0,0,0","1373,522,625,1024,2136,1579,14549,19377,53303,77134,190261,0,0,0,0,0,0,0,0,0,0,0,0,0"
grid12_M4_r0.0_s42/A50.mvh,roi_h0,0,True,13709,214670,334599,9543,1.0790,2.2,6.2,2.0,27.7,0.5,13.3,0.1,10433865,1848404,2348682,4360062,331275,30608,320893,13705,27285,0,360510,541918,0.43,50.0,470.9,1746649,544941,1200553,151,1004,131,1593,135,0,0,0,"1490,1415,3468,9093,23064,58697,117874,278130,369957,455022,428439,0,0,0,0,0,0,0,0,0,0,0,0,0","1373,522,625,1024,2136,1579,14549,19377,53303,77134,190261,0,0,0,0,0,0,0,0,0,0,0,0,0"
grid12_M4_r0.0_s42/A50.mvh,lin,1,True,13709,214670,334599,9543,1.1101,2.3,4.1,5.5,27.3,0.5,13.1,0.0,10433865,1848404,2348682,12831487,331275,30608,320893,13705,27285,0,0,0,0.43,50.0,470.9,1746649,544941,1200553,151,1004,131,1593,135,0,0,0,"1490,1415,3468,9093,23064,58697,117874,278130,369957,455022,428439,0,0,0,0,0,0,0,0,0,0,0,0,0","1373,522,625,1024,2136,1579,14549,19377,53303,77134,190261,0,0,0,0,0,0,0,0,0,0,0,0,0"
grid12_M4_r0.0_s42/A50.mvh,lin_r,1,True,13709,214670,334599,9543,1.0004,2.5,3.2,1.1,29.1,0.6,14.0,0.0,10433865,1848404,2348682,1622749,331275,30608,320893,13705,27285,0,0,0,0.43,50.0,470.9,1746649,544941,1200553,151,1004,131,1593,135,5548,6750,1372358,"1490,1415,3468,9093,23064,58697,117874,278130,369957,455022,428439,0,0,0,0,0,0,0,0,0,0,0,0,0","1373,522,625,1024,2136,1579,14549,19377,53303,77134,190261,0,0,0,0,0,0,0,0,0,0,0,0,0"
grid12_M4_r0.0_s42/A50.mvh,lin_id,1,True,13709,214670,334599,9543,1.1770,2.4,4.2,1.4,28.7,0.6,13.8,0.0,10433865,1848404,2348682,3356965,331275,30608,320893,13705,27285,26516,0,0,0.43,50.0,470.9,1746649,544941,1200553,151,1004,131,1593,135,0,0,0,"1490,1415,3468,9093,23064,58697,117874,278130,369957,455022,428439,0,0,0,0,0,0,0,0,0,0,0,0,0","1373,522,625,1024,2136,1579,14549,19377,53303,77134,190261,0,0,0,0,0,0,0,0,0,0,0,0,0"
grid12_M4_r0.0_s42/A50.mvh,lin_r_id,1,True,13709,214670,334599,9543,2.0079,2.2,4.5,0.8,28.7,0.5,13.3,0.0,10433865,1848404,2348682,2129457,331275,30608,320893,13705,27285,26516,0,0,0.43,50.0,470.9,1746649,544941,1200553,151,1004,131,1593,135,5548,6750,150870,"1490,1415,3468,9093,23064,58697,117874,278130,369957,455022,428439,0,0,0,0,0,0,0,0,0,0,0,0,0","1373,522,625,1024,2136,1579,14549,19377,53303,77134,190261,0,0,0,0,0,0,0,0,0,0,0,0,0"
grid12_M4_r0.0_s42/A50.mvh,lexBU_fp_id_r_h0,1,True,13709,214670,334599,9543,1.2731,2.4,3.3,1.4,29.1,0.5,13.9,0.0,10433865,1848404,2348682,1934578,331275,30608,323229,11369,27285,26525,14465,15523,0.39,50.0,470.9,1746649,544941,1200553,151,1004,131,1593,135,5548,6750,107763,"1490,1415,3468,9093,23064,58697,117874,278130,369957,455022,428439,0,0,0,0,0,0,0,0,0,0,0,0,0","1373,522,625,1024,2136,1579,14549,19377,53303,77134,190261,0,0,0,0,0,0,0,0,0,0,0,0,0"
grid12_M4_r0.0_s42/A50.mvh,lexBU_fp_id_r_h32,1,True,13709,214670,334599,9543,1.1786,2.4,3.2,1.4,29.0,0.5,13.9,0.0,10433865,1848404,2348682,1934578,331275,30608,323229,11369,27285,26525,14465,15523,0.39,50.0,470.9,1746649,544941,1200553,151,1004,131,1593,135,5548,6750,107763,"1490,1415,3468,9093,23064,58697,117874,278130,369957,455022,428439,0,0,0,0,0,0,0,0,0,0,0,0,0","1373,522,625,1024,2136,1579,14549,19377,53303,77134,190261,0,0,0,0,0,0,0,0,0,0,0,0,0"
grid12_M4_r0.0_s42/A50.mvh,lexBU_fp_id_r_h128,1,True,13709,214670,334599,9543,1.3340,2.3,4.3,0.9,28.8,0.5,13.7,0.0,10433865,1848404,2348682,2129457,331275,30608,320893,13705,27285,26516,0,0,0.43,50.0,470.9,1746649,544941,1200553,151,1004,131,1593,135,5548,6750,150870,"1490,1415,3468,9093,23064,58697,117874,278130,369957,455022,428439,0,0,0,0,0,0,0,0,0,0,0,0,0","1373,522,625,1024,2136,1579,14549,19377,53303,77134,190261,0,0,0,0,0,0,0,0,0,0,0,0,0"
grid12_M4_r0.0_s42/A50.mvh,lexBU_fp_id_r_h512,1,True,13709,214670,334599,9543,1.1787,2.3,4.2,0.9,28.7,0.5,13.8,0.1,10433865,1848404,2348682,2129457,331275,30608,320893,13705,27285,26516,0,0,0.43,50.0,470.9,1746649,544941,1200553,151,1004,131,1593,135,5548,6750,150870,"1490,1415,3468,9093,23064,58697,117874,278130,369957,455022,428439,0,0,0,0,0,0,0,0,0,0,0,0,0","1373,522,625,1024,2136,1579,14549,19377,53303,77134,190261,0,0,0,0,0,0,0,0,0,0,0,0,0"
grid12_M4_r0.0_s42/A50.mvh,lexBU_fp_id_h0,1,True,13709,214670,334599,9543,1.2263,2.4,3.3,1.7,29.0,0.6,13.7,0.0,10433865,1848404,2348682,2850015,331275,30608,323229,11369,27285,26525,14465,15523,0.39,50.0,470.9,1746649,544941,1200553,151,1004,131,1593,135,0,0,0,"1490,1415,3468,9093,23064,58697,117874,278130,369957,455022,428439,0,0,0,0,0,0,0,0,0,0,0,0,0","1373,522,625,1024,2136,1579,14549,19377,53303,77134,190261,0,0,0,0,0,0,0,0,0,0,0,0,0"
grid12_M4_r0.0_s42/A50.mvh,lexBU_h0,1,True,13709,214670,334599,9543,1.3175,2.3,3.8,2.6,28.5,0.5,13.6,0.0,10433865,1848404,2348682,4493323,331275,30608,320893,13705,27285,0,360510,93322,0.43,50.0,470.9,1746649,544941,1200553,151,1004,131,1593,135,0,0,0,"1490,1415,3468,9093,23064,58697,117874,278130,369957,455022,428439,0,0,0,0,0,0,0,0,0,0,0,0,0","1373,522,625,1024,2136,1579,14549,19377,53303,77134,190261,0,0,0,0,0,0,0,0,0,0,0,0,0"
grid12_M4_r0.0_s42/A50.mvh,lexTD_fp_id_r_h0,1,True,13709,214670,334599,9543,1.3384,2.3,3.5,1.7,28.8,0.5,13.6,0.0,10433865,1848404,2348682,2597337,331275,30608,323229,11369,27285,26525,14465,69408,0.39,50.0,470.9,1746649,544941,1200553,151,1004,131,1593,135,5548,6750,48343,"1490,1415,3468,9093,23064,58697,117874,278130,369957,455022,428439,0,0,0,0,0,0,0,0,0,0,0,0,0","1373,522,625,1024,2136,1579,14549,19377,53303,77134,190261,0,0,0,0,0,0,0,0,0,0,0,0,0"
grid12_M4_r0.0_s42/A50.mvh,lexTD_h0,1,True,13709,214670,334599,9543,1.0902,2.3,6.2,1.7,27.9,0.5,13.4,0.0,10433865,1848404,2348682,4390410,331275,30608,320893,13705,27285,0,360510,478221,0.43,50.0,470.9,1746649,544941,1200553,151,1004,131,1593,135,0,0,0,"1490,1415,3468,9093,23064,58697,117874,278130,369957,455022,428439,0,0,0,0,0,0,0,0,0,0,0,0,0","1373,522,625,1024,2136,1579,14549,19377,53303,77134,190261,0,0,0,0,0,0,0,0,0,0,0,0,0"
grid12_M4_r0.0_s42/A50.mvh,roi_fp_id_h0,1,True,13709,214670,334599,9543,1.1020,2.4,3.7,2.1,28.5,0.5,13.7,0.1,10433865,1848404,2348682,3320534,331275,30608,323229,11369,27285,26525,14465,121651,0.39,50.0,470.9,1746649,544941,1200553,151,1004,131,1593,135,5548,6750,0,"1490,1415,3468,9093,23064,58697,117874,278130,369957,455022,428439,0,0,0,0,0,0,0,0,0,0,0,0,0","1373,522,625,1024,2136,1579,14549,19377,53303,77134,190261,0,0,0,0,0,0,0,0,0,0,0,0,0"
grid12_M4_r0.0_s42/A50.mvh,roi_fp_id_h128,1,True,13709,214670,334599,9543,1.0215,2.4,4.1,1.0,28.8,0.6,13.8,0.0,10433865,1848404,2348682,2129457,331275,30608,320893,13705,27285,26516,0,0,0.43,50.0,470.9,1746649,544941,1200553,151,1004,131,1593,135,5548,6750,150870,"1490,1415,3468,9093,23064,58697,117874,278130,369957,455022,428439,0,0,0,0,0,0,0,0,0,0,0,0,0","1373,522,625,1024,2136,1579,14549,19377,53303,77134,190261,0,0,0,0,0,0,0,0,0,0,0,0,0"
grid12_M4_r0.0_s42/A50.mvh,roi_fp_id_h512,1,True,13709,214670,334599,9543,1.0113,2.4,4.1,1.0,28.8,0.6,13.8,0.0,10433865,1848404,2348682,2129457,331275,30608,320893,13705,27285,26516,0,0,0.43,50.0,470.9,1746649,544941,1200553,151,1004,131,1593,135,5548,6750,150870,"1490,1415,3468,9093,23064,58697,117874,278130,369957,455022,428439,0,0,0,0,0,0,0,0,0,0,0,0,0","1373,522,625,1024,2136,1579,14549,19377,53303,77134,190261,0,0,0,0,0,0,0,0,0,0,0,0,0"
grid12_M4_r0.0_s42/A50.mvh,roi_h0,1,True,13709,214670,334599,9543,1.0652,2.3,6.2,2.0,27.8,0.5,13.4,0.1,10433865,1848404,2348682,4360062,331275,30608,320893,13705,27285,0,360510,541918,0.43,50.0,470.9,1746649,544941,1200553,151,1004,131,1593,135,0,0,0,"1490,1415,3468,9093,23064,58697,117874,278130,369957,455022,428439,0,0,0,0,0,0,0,0,0,0,0,0,0","1373,522,625,1024,2136,1579,14549,19377,53303,77134,190261,0,0,0,0,0,0,0,0,0,0,0,0,0"
grid12_M4_r0.0_s42/A50.mvh,lin,2,True,13709,214670,334599,9543,1.0959,2.3,4.1,5.5,27.3,0.5,13.2,0.0,10433865,1848404,2348682,12831487,331275,30608,320893,13705,27285,0,0,0,0.43,50.0,470.9,1746649,544941,1200553,151,1004,131,1593,135,0,0,0,"1490,1415,3468,9093,23064,58697,117874,278130,369957,455022,428439,0,0,0,0,0,0,0,0,0,0,0,0,0","1373,522,625,1024,2136,1579,14549,19377,53303,77134,190261,0,0,0,0,0,0,0,0,0,0,0,0,0"
grid12_M4_r0.0_s42/A50.mvh,lin_r,2,True,13709,214670,334599,9543,1.2957,2.4,3.1,1.1,29.3,0.5,13.8,0.0,10433865,1848404,2348682,1622749,331275,30608,320893,13705,27285,0,0,0,0.43,50.0,470.9,1746649,544941,1200553,151,1004,131,1593,135,5548,6750,1372358,"1490,1415,3468,9093,23064,58697,117874,278130,369957,455022,428439,0,0,0,0,0,0,0,0,0,0,0,0,0","1373,522,625,1024,2136,1579,14549,19377,53303,77134,190261,0,0,0,0,0,0,0,0,0,0,0,0,0"
grid12_M4_r0.0_s42/A50.mvh,lin_id,2,True,13709,214670,334599,9543,1.1477,2.3,4.4,1.4,28.4,0.5,13.6,0.0,10433865,1848404,2348682,3356965,331275,30608,320893,13705,27285,26516,0,0,0.43,50.0,470.9,1746649,544941,1200553,151,1004,131,1593,135,0,0,0,"1490,1415,3468,9093,23064,58697,117874,278130,369957,455022,428439,0,0,0,0,0,0,0,0,0,0,0,0,0","1373,522,625,1024,2136,1579,14549,19377,53303,77134,190261,0,0,0,0,0,0,0,0,0,0,0,0,0"
grid12_M4_r0.0_s42/A50.mvh,lin_r_id,2,True,13709,214670,334599,9543,1.0125,2.4,4.1,1.0,28.8,0.5,13.9,0.0,10433865,1848404,2348682,2129457,331275,30608,320893,13705,27285,26516,0,0,0.43,50.0,470.9,1746649,544941,1200553,151,1004,131,1593,135,5548,6750,150870,"1490,1415,3468,9093,23064,58697,117874,278130,369957,455022,428439,0,0,0,0,0,0,0,0,0,0,0,0,0","1373,522,625,1024,2136,1579,14549,19377,53303,77134,190261,0,0,0,0,0,0,0,0,0,0,0,0,0"
grid12_M4_r0.0_s42/A50.mvh,lexBU_fp_id_r_h0,2,True,13709,214670,334599,9543,1.0174,2.4,3.1,1.4,28.8,0.6,13.9,0.0,10433865,1848404,2348682,1934578,331275,30608,323229,11369,27285,26525,14465,15523,0.39,50.0,470.9,1746649,544941,1200553,151,1004,131,1593,135,5548,6750,107763,"1490,1415,3468,9093,23064,58697,117874,278130,369957,455022,428439,0,0,0,0,0,0,0,0,0,0,0,0,0","1373,522,625,1024,2136,1579,14549,19377,53303,77134,190261,0,0,0,0,0,0,0,0,0,0,0,0,0"
grid12_M4_r0.0_s42/A50.mvh,lexBU_fp_id_r_h32,2,True,13709,214670,334599,9543,1.0325,2.4,3.2,1.4,28.8,0.6,14.1,0.1,10433865,1848404,2348682,1934578,331275,30608,323229,11369,27285,26525,14465,15523,0.39,50.0,470.9,1746649,544941,1200553,151,1004,131,1593,135,5548,6750,107763,"1490,1415,3468,9093,23064,58697,117874,278130,369957,455022,428439,0,0,0,0,0,0,0,0,0,0,0,0,0","1373,522,625,1024,2136,1579,14549,19377,53303,77134,190261,0,0,0,0,0,0,0,0,0,0,0,0,0"
grid12_M4_r0.0_s42/A50.mvh,lexBU_fp_id_r_h128,2,True,13709,214670,334599,9543,1.0857,2.4,4.1,1.0,28.8,0.6,13.8,0.0,10433865,1848404,2348682,2129457,331275,30608,320893,13705,27285,26516,0,0,0.43,50.0,470.9,1746649,544941,1200553,151,1004,131,1593,135,5548,6750,150870,"1490,1415,3468,9093,23064,58697,117874,278130,369957,455022,428439,0,0,0,0,0,0,0,0,0,0,0,0,0","1373,522,625,1024,2136,1579,14549,19377,53303,77134,190261,0,0,0,0,0,0,0,0,0,0,0,0,0"
grid12_M4_r0.0_s42/A50.mvh,lexBU_fp_id_r_h512,2,True,13709,214670,334599,9543,1.0791,2.3,4.1,1.0,28.7,0.5,13.8,0.0,10433865,1848404,2348682,2129457,331275,30608,320893,13705,27285,26516,0,0,0.43,50.0,470.9,1746649,544941,1200553,151,1004,131,1593,135,5548,6750,150870,"1490,1415,3468,9093,23064,58697,117874,278130,369957,455022,428439,0,0,0,0,0,0,0,0,0,0,0,0,0","1373,522,625,1024,2136,1579,14549,19377,53303,77134,190261,0,0,0,0,0,0,0,0,0,0,0,0,0"
grid12_M4_r0.0_s42/A50.mvh,lexBU_fp_id_h0,2,True,13709,214670,334599,9543,1.0389,2.4,3.3,1.8,28.6,0.5,13.9,0.0,10433865,1848404,2348682,2850015,331275,30608,323229,11369,27285,26525,14465,15523,0.39,50.0,470.9,1746649,544941,1200553,151,1004,131,1593,135,0,0,0,"1490,1415,3468,9093,23064,58697,117874,278130,369957,455022,428439,0,0,0,0,0,0,0,0,0,0,0,0,0","1373,522,625,1024,2136,1579,14549,19377,53303,77134,190261,0,0,0,0,0,0,0,0,0,0,0,0,0"
grid12_M4_r0.0_s42/A50.mvh,lexBU_h0,2,True,13709,214670,334599,9543,1.3696,2.3,3.8,2.6,28.5,0.5,13.5,0.0,10433865,1848404,2348682,4493323,331275,30608,320893,13705,27285,0,360510,93322,0.43,50.0,470.9,1746649,544941,1200553,151,1004,131,1593,135,0,0,0,"1490,1415,3468,9093,23064,58697,117874,278130,369957,455022,428439,0,0,0,0,0,0,0,0,0,0,0,0,0","1373,522,625,1024,2136,1579,14549,19377,53303,77134,190261,0,0,0,0,0,0,0,0,0,0,0,0,0"
grid12_M4_r0.0_s42/A50.mvh,lexTD_fp_id_r_h0,2,True,13709,214670,334599,9543,1.3732,2.4,3.5,1.7,28.8,0.5,13.6,0.0,10433865,1848404,2348682,2597337,331275,30608,323229,11369,27285,26525,14465,69408,0.39,50.0,470.9,1746649,544941,1200553,151,1004,131,1593,135,5548,6750,48343,"1490,1415,3468,9093,23064,58697,117874,278130,369957,455022,428439,0,0,0,0,0,0,0,0,0,0,0,0,0","1373,522,625,1024,2136,1579,14549,19377,53303,77134,190261,0,0,0,0,0,0,0,0,0,0,0,0,0"
grid12_M4_r0.0_s42/A50.mvh,lexTD_h0,2,True,13709,214670,334599,9543,1.3468,2.2,6.2,1.6,28.1,0.5,13.3,0.0,10433865,1848404,2348682,4390410,331275,30608,320893,13705,27285,0,360510,478221,0.43,50.0,470.9,1746649,544941,1200553,151,1004,131,1593,135,0,0,0,"1490,1415,3468,9093,23064,58697,117874,278130,369957,455022,428439,0,0,0,0,0,0,0,0,0,0,0,0,0","1373,522,625,1024,2136,1579,14549,19377,53303,77134,190261,0,0,0,0,0,0,0,0,0,0,0,0,0"
grid12_M4_r0.0_s42/A50.mvh,roi_fp_id_h0,2,True,13709,214670,334599,9543,1.2202,2.4,3.7,2.1,28.7,0.5,13.7,0.1,10433865,1848404,2348682,3320534,331275,30608,323229,11369,27285,26525,14465,121651,0.39,50.0,470.9,1746649,544941,1200553,151,1004,131,1593,135,5548,6750,0,"1490,1415,3468,9093,23064,58697,117874,278130,369957,455022,428439,0,0,0,0,0,0,0,0,0,0,0,0,0","1373,522,625,1024,2136,1579,14549,19377,53303,77134,190261,0,0,0,0,0,0,0,0,0,0,0,0,0"
grid12_M4_r0.0_s42/A50.mvh,roi_fp_id_h128,2,True,13709,214670,334599,9543,1.1024,2.4,4.2,1.0,28.9,0.5,13.9,0.0,10433865,1848404,2348682,2129457,331275,30608,320893,13705,27285,26516,0,0,0.43,50.0,470.9,1746649,544941,1200553,151,1004,131,1593,135,5548,6750,150870,"1490,1415,3468,9093,23064,58697,117874,278130,369957,455022,428439,0,0,0,0,0,0,0,0,0,0,0,0,0","1373,522,625,1024,2136,1579,14549,19377,53303,77134,190261,0,0,0,0,0,0,0,0,0,0,0,0,0"
grid12_M4_r0.0_s42/A50.mvh,roi_fp_id_h512,2,True,13709,214670,334599,9543,1.1056,2.4,4.2,1.0,28.7,0.5,13.8,0.0,10433865,1848404,2348682,2129457,331275,30608,320893,13705,27285,26516,0,0,0.43,50.0,470.9,1746649,544941,1200553,151,1004,131,1593,135,5548,6750,150870,"1490,1415,3468,9093,23064,58697,117874,278130,369957,455022,428439,0,0,0,0,0,0,0,0,0,0,0,0,0","1373,522,625,1024,2136,1579,14549,19377,53303,77134,190261,0,0,0,0,0,0,0,0,0,0,0,0,0"
grid12_M4_r0.0_s42/A50.mvh,roi_h0,2,True,13709,214670,334599,9543,1.1708,2.2,6.3,1.9,27.7,0.5,13.2,0.1,10433865,1848404,2348682,4360062,331275,30608,320893,13705,27285,0,360510,541918,0.43,50.0,470.9,1746649,544941,1200553,151,1004,131,1593,135,0,0,0,"1490,1415,3468,9093,23064,58697,117874,278130,369957,455022,428439,0,0,0,0,0,0,0,0,0,0,0,0,0","1373,522,625,1024,2136,1579,14549,19377,53303,77134,190261,0,0,0,0,0,0,0,0,0,0,0,0,0"
grid10_M5_r-0.3_s42/A50.mvh,lin,0,True,48950,448472,717484,19982,3.3957,3.1,4.8,7.8,27.5,0.7,15.1,0.0,33073631,7265696,10348094,50891586,708471,76804,696104,21379,67792,0,0,0,0.19,50.0,1687.7,3416594,1155648,2259569,82,1295,88,2131,93,0,0,0,"6772,2004,2107,6828,18385,38231,86578,210552,415211,727715,826959,908332,166920,0,0,0,0,0,0,0,0,0,0,0","15544,2333,35,5082,8871,2082,4004,8905,9616,88303,132895,179514,328091,0,0,0,0,0,0,0,0,0,0,0"
grid10_M5_r-0.3_s42/A50.mvh,lin_r,0,True,48950,448472,717484,19982,3.0757,3.4,3.7,1.3,29.9,0.8,16.4,0.0,33073631,7265696,10348094,6464720,708471,76804,696104,21379,67792,0,0,0,0.19,50.0,1687.7,3416594,1155648,2259569,82,1295,88,2131,93,3614,4650,3235990,"6772,2004,2107,6828,18385,38231,86578,210552,415211,727715,826959,908332,166920,0,0,0,0,0,0,0,0,0,0,0","15544,2333,35,5082,8871,2082,4004,8905,9616,88303,132895,179514,328091,0,0,0,0,0,0,0,0,0,0,0"
grid10_M5_r-0.3_s42/A50.mvh,lin_id,0,True,48950,448472,717484,19982,3.2550,3.3,5.2,1.5,29.4,0.8,16.2,0.0,33073631,7265696,10348094,11395089,708471,76804,696104,21379,67792,65948,0,0,0.19,50.0,1687.7,3416594,1155648,2259569,82,1295,88,2131,93,0,0,0,"6772,2004,2107,6828,18385,38231,86578,210552,415211,727715,826959,908332,166920,0,0,0,0,0,0,0,0,0,0,0","15544,2333,35,5082,8871,2082,4004,8905,9616,88303,132895,179514,328091,0,0,0,0,0,0,0,0,0,0,0"
grid10_M5_r-0.3_s42/A50.mvh,lin_r_id,0,True,48950,448472,717484,19982,4.1881,3.2,5.1,1.1,29.4,0.7,16.1,0.0,33073631,7265696,10348094,8846871,708471,76804,696104,21379,67792,65948,0,0,0.19,50.0,1687.7,3416594,1155648,2259569,82,1295,88,2131,93,3614,4650,176091,"6772,2004,2107,6828,18385,38231,86578,210552,415211,727715,826959,908332,166920,0,0,0,0,0,0,0,0,0,0,0","15544,2333,35,5082,8871,2082,4004,8905,9616,88303,132895,179514,328091,0,0,0,0,0,0,0,0,0,0,0"
grid10_M5_r-0.3_s42/A50.mvh,lexBU_fp_id_r_h0,0,True,48950,448472,717484,19982,3.1725,3.4,3.8,1.5,29.8,0.8,16.4,0.0,33073631,7265696,10348094,7327792,708471,76804,702285,15198,67792,65959,23211,25193,0.16,50.0,1687.7,3416594,1155648,2259569,82,1295,88,2131,93,3614,4650,111994,"6772,2004,2107,6828,18385,38231,86578,210552,415211,727715,826959,908332,166920,0,0,0,0,0,0,0,0,0,0,0","15544,2333,35,5082,8871,2082,4004,8905,9616,88303,132895,179514,328091,0,0,0,0,0,0,0,0,0,0,0"
grid10_M5_r-0.3_s42/A50.mvh,lexBU_fp_id_r_h32,0,True,48950,448472,717484,19982,3.1659,3.4,3.8,1.5,29.7,0.8,16.4,0.0,33073631,7265696,10348094,7327792,708471,76804,702285,15198,67792,65959,23211,25193,0.16,50.0,1687.7,3416594,1155648,2259569,82,1295,88,2131,93,3614,4650,111994,"6772,2004,2107,6828,18385,38231,86578,210552,415211,727715,826959,908332,166920,0,0,0,0,0,0,0,0,0,0,0","15544,2333,35,5082,8871,2082,4004,8905,9616,88303,132895,179514,328091,0,0,0,0,0,0,0,0,0,0,0"
grid10_M5_r-0.3_s42/A50.mvh,lexBU_fp_id_r_h128,0,True,48950,448472,717484,19982,3.6241,3.3,5.4,1.1,29.5,0.8,16.3,0.0,33073631,7265696,10348094,8846871,708471,76804,696104,21379,67792,65948,0,0,0.19,50.0,1687.7,3416594,1155648,2259569,82,1295,88,2131,93,3614,4650,176091,"6772,2004,2107,6828,18385,38231,86578,210552,415211,727715,826959,908332,166920,0,0,0,0,0,0,0,0,0,0,0","15544,2333,35,5082,8871,2082,4004,8905,9616,88303,132895,179514,328091,0,0,0,0,0,0,0,0,0,0,0"
grid10_M5_r-0.3_s42/A50.mvh,lexBU_fp_id_r_h512,0,True,48950,448472,717484,19982,3.4001,3.3,5.1,1.1,29.5,0.8,16.3,0.0,33073631,7265696,10348094,8846871,708471,76804,696104,21379,67792,65948,0,0,0.19,50.0,1687.7,3416594,1155648,2259569,82,1295,88,2131,93,3614,4650,176091,"6772,2004,2107,6828,18385,38231,86578,210552,415211,727715,826959,908332,166920,0,0,0,0,0,0,0,0,0,0,0","15544,2333,35,5082,8871,2082,4004,8905,9616,88303,132895,179514,328091,0,0,0,0,0,0,0,0,0,0,0"
grid10_M5_r-0.3_s42/A50.mvh,lexBU_fp_id_h0,0,True,48950,448472,717484,19982,3.4077,3.4,3.8,1.8,29.7,0.9,16.4,0.0,33073631,7265696,10348094,8979177,708471,76804,702285,15198,67792,65959,23211,25193,0.16,50.0,1687.7,3416594,1155648,2259569,82,1295,88,2131,93,0,0,0,"6772,2004,2107,6828,18385,38231,86578,210552,415211,727715,826959,908332,166920,0,0,0,0,0,0,0,0,0,0,0","15544,2333,35,5082,8871,2082,4004,8905,9616,88303,132895,179514,328091,0,0,0,0,0,0,0,0,0,0,0"
grid10_M5_r-0.3_s42/A50.mvh,lexBU_h0,0,True,48950,448472,717484,19982,4.3601,3.2,4.2,2.9,29.2,0.7,16.0,0.0,33073631,7265696,10348094,15930880,708471,76804,696104,21379,67792,0,769731,222743,0.19,50.0,1687.7,3416594,1155648,2259569,82,1295,88,2131,93,0,0,0,"6772,2004,2107,6828,18385,38231,86578,210552,415211,727715,826959,908332,166920,0,0,0,0,0,0,0,0,0,0,0","15544,2333,35,5082,8871,2082,4004,8905,9616,88303,132895,179514,328091,0,0,0,0,0,0,0,0,0,0,0"
grid10_M5_r-0.3_s42/A50.mvh,lexTD_fp_id_r_h0,0,True,48950,448472,717484,19982,3.4109,3.3,4.1,1.8,29.6,0.8,16.2,0.0,33073631,7265696,10348094,9259715,708471,76804,702285,15198,67792,65959,23211,112770,0.16,50.0,1687.7,3416594,1155648,2259569,82,1295,88,2131,93,3614,4650,79562,"6772,2004,2107,6828,18385,38231,86578,210552,415211,727715,826959,908332,166920,0,0,0,0,0,0,0,0,0,0,0","15544,2333,35,5082,8871,2082,4004,8905,9616,88303,132895,179514,328091,0,0,0,0,0,0,0,0,0,0,0"
grid10_M5_r-0.3_s42/A50.mvh,lexTD_h0,0,True,48950,448472,717484,19982,3.5264,3.1,6.7,2.0,28.8,0.8,15.9,0.0,33073631,7265696,10348094,15364528,708471,76804,696104,21379,67792,0,769731,948769,0.19,50.0,1687.7,3416594,1155648,2259569,82,1295,88,2131,93,0,0,0,"6772,2004,2107,6828,18385,38231,86578,210552,415211,727715,826959,908332,166920,0,0,0,0,0,0,0,0,0,0,0","15544,2333,35,5082,8871,2082,4004,8905,9616,88303,132895,179514,328091,0,0,0,0,0,0,0,0,0,0,0"
grid10_M5_r-0.3_s42/A50.mvh,roi_fp_id_h0,0,True,48950,448472,717484,19982,3.1809,3.3,4.5,2.3,29.3,0.8,16.2,0.0,33073631,7265696,10348094,12032882,708471,76804,702285,15198,67792,65959,23211,218991,0.16,50.0,1687.7,3416594,1155648,2259569,82,1295,88,2131,93,3614,4650,0,"6772,2004,2107,6828,18385,38231,86578,210552,415211,727715,826959,908332,166920,0,0,0,0,0,0,0,0,0,0,0","15544,2333,35,5082,8871,2082,4004,8905,9616,88303,132895,179514,328091,0,0,0,0,0,0,0,0,0,0,0"
grid10_M5_r-0.3_s42/A50.mvh,roi_fp_id_h128,0,True,48950,448472,717484,19982,3.8470,3.4,5.1,1.1,29.8,0.9,16.6,0.0,33073631,7265696,10348094,8846871,708471,76804,696104,21379,67792,65948,0,0,0.19,50.0,1687.7,3416594,1155648,2259569,82,1295,88,2131,93,3614,4650,176091,"6772,2004,2107,6828,18385,38231,86578,210552,415211,727715,826959,908332,166920,0,0,0,0,0,0,0,0,0,0,0","15544,2333,35,5082,8871,2082,4004,8905,9616,88303,132895,179514,328091,0,0,0,0,0,0,0,0,0,0,0"
grid10_M5_r-0.3_s42/A50.mvh,roi_fp_id_h512,0,True,48950,448472,717484,19982,4.4461,3.1,5.2,1.1,29.4,0.7,16.1,0.0,33073631,7265696,10348094,8846871,708471,76804,696104,21379,67792,65948,0,0,0.19,50.0,1687.7,3416594,1155648,2259569,82,1295,88,2131,93,3614,4650,176091,"6772,2004,2107,6828,18385,38231,86578,210552,415211,727715,826959,908332,166920,0,0,0,0,0,0,0,0,0,0,0","15544,2333,35,5082,8871,2082,4004,8905,9616,88303,132895,179514,328091,0,0,0,0,0,0,0,0,0,0,0"
grid10_M5_r-0.3_s42/A50.mvh,roi_h0,0,True,48950,448472,717484,19982,3.7352,3.1,7.2,2.5,28.4,0.7,15.7,0.0,33073631,7265696,10348094,17000670,708471,76804,696104,21379,67792,0,769731,1118551,0.19,50.0,1687.7,3416594,1155648,2259569,82,1295,88,2131,93,0,0,0,"6772,2004,2107,6828,18385,38231,86578,210552,415211,727715,826959,908332,166920,0,0,0,0,0,0,0,0,0,0,0","15544,2333,35,5082,8871,2082,4004,8905,9616,88303,132895,179514,328091,0,0,0,0,0,0,0,0,0,0,0"
grid10_M5_r-0.3_s42/A50.mvh,lin,1,True,48950,448472,717484,19982,3.4761,3.1,4.8,7.7,27.4,0.8,15.1,0.0,33073631,7265696,10348094,50891586,708471,76804,696104,21379,67792,0,0,0,0.19,50.0,1687.7,3416594,1155648,2259569,82,1295,88,2131,93,0,0,0,"6772,2004,2107,6828,18385,38231,86578,210552,415211,727715,826959,908332,166920,0,0,0,0,0,0,0,0,0,0,0","15544,2333,35,5082,8871,2082,4004,8905,9616,88303,132895,179514,328091,0,0,0,0,0,0,0,0,0,0,0"
grid10_M5_r-0.3_s42/A50.mvh,lin_r,1,True,48950,448472,717484,19982,3.4797,3.5,3.8,1.3,29.9,0.8,16.5,0.0,33073631,7265696,10348094,6464720,708471,76804,696104,21379,67792,0,0,0,0.19,50.0,1687.7,3416594,1155648,2259569,82,1295,88,2131,93,3614,4650,3235990,"6772,2004,2107,6828,18385,38231,86578,210552,415211,727715,826959,908332,166920,0,0,0,0,0,0,0,0,0,0,0","15544,2333,35,5082,8871,2082,4004,8905,9616,88303,132895,179514,328091,0,0,0,0,0,0,0,0,0,0,0"
grid10_M5_r-0.3_s42/A50.mvh,lin_id,1,True,48950,448472,717484,19982,3.3734,3.2,5.2,1.5,29.4,0.8,16.1,0.0,33073631,7265696,10348094,11395089,708471,76804,696104,21379,67792,65948,0,0,0.19,50.0,1687.7,3416594,1155648,2259569,82,1295,88,2131,93,0,0,0,"6772,2004,2107,6828,18385,38231,86578,210552,415211,727715,826959,908332,166920,0,0,0,0,0,0,0,0,0,0,0","15544,2333,35,5082,8871,2082,4004,8905,9616,88303,132895,179514,328091,0,0,0,0,0,0,0,0,0,0,0"
grid10_M5_r-0.3_s42/A50.mvh,lin_r_id,1,True,48950,448472,717484,19982,4.1149,3.2,5.1,1.1,29.6,0.7,16.2,0.0,33073631,7265696,10348094,8846871,708471,76804,696104,21379,67792,65948,0,0,0.19,50.0,1687.7,3416594,1155648,2259569,82,1295,88,2131,93,3614,4650,176091,"6772,2004,2107,6828,18385,38231,86578,210552,415211,727715,826959,908332,166920,0,0,0,0,0,0,0,0,0,0,0","15544,2333,35,5082,8871,2082,4004,8905,9616,88303,132895,179514,328091,0,0,0,0,0,0,0,0,0,0,0"
grid10_M5_r-0.3_s42/A50.mvh,lexBU_fp_id_r_h0,1,True,48950,448472,717484,19982,3.3003,3.4,3.8,1.5,29.7,0.8,16.4,0.0,33073631,7265696,10348094,7327792,708471,76804,702285,15198,67792,65959,23211,25193,0.16,50.0,1687.7,3416594,1155648,2259569,82,1295,88,2131,93,3614,4650,111994,"6772,2004,2107,6828,18385,38231,86578,210552,415211,727715,826959,908332,166920,0,0,0,0,0,0,0,0,0,0,0","15544,2333,35,5082,8871,2082,4004,8905,9616,88303,132895,179514,328091,0,0,0,0,0,0,0,0,0,0,0"
grid10_M5_r-0.3_s42/A50.mvh,lexBU_fp_id_r_h32,1,True,48950,448472,717484,19982,3.5988,3.4,4.2,1.5,29.8,0.8,16.5,0.0,33073631,7265696,10348094,7327792,708471,76804,702285,15198,67792,65959,23211,25193,0.16,50.0,1687.7,3416594,1155648,2259569,82,1295,88,2131,93,3614,4650,111994,"6772,2004,2107,6828,18385,38231,86578,210552,415211,727715,826959,908332,166920,0,0,0,0,0,0,0,0,0,0,0","15544,2333,35,5082,8871,2082,4004,8905,9616,88303,132895,179514,328091,0,0,0,0,0,0,0,0,0,0,0"
grid10_M5_r-0.3_s42/A50.mvh,lexBU_fp_id_r_h128,1,True,48950,448472,717484,19982,3.3387,3.3,5.1,1.1,29.5,0.8,16.2,0.0,33073631,7265696,10348094,8846871,708471,76804,696104,21379,67792,65948,0,0,0.19,50.0,1687.7,3416594,1155648,2259569,82,1295,88,2131,93,3614,4650,176091,"6772,2004,2107,6828,18385,38231,86578,210552,415211,727715,826959,908332,166920,0,0,0,0,0,0,0,0,0,0,0","15544,2333,35,5082,8871,2082,4004,8905,9616,88303,132895,179514,328091,0,0,0,0,0,0,0,0,0,0,0"
grid10_M5_r-0.3_s42/A50.mvh,lexBU_fp_id_r_h512,1,True,48950,448472,717484,19982,3.2561,3.3,5.1,1.1,29.5,0.8,16.2,0.0,33073631,7265696,10348094,8846871,708471,76804,696104,21379,67792,65948,0,0,0.19,50.0,1687.7,3416594,1155648,2259569,82,1295,88,2131,93,3614,4650,176091,"6772,2004,2107,6828,18385,38231,86578,210552,415211,727715,826959,908332,166920,0,0,0,0,0,0,0,0,0,0,0","15544,2333,35,5082,8871,2082,4004,8905,9616,88303,132895,179514,328091,0,0,0,0,0,0,0,0,0,0,0"
grid10_M5_r-0.3_s42/A50.mvh,lexBU_fp_id_h0,1,True,48950,448472,717484,19982,3.8437,3.4,3.9,1.7,29.9,0.8,16.5,0.0,33073631,7265696,10348094,8979177,708471,76804,702285,15198,67792,65959,23211,25193,0.16,50.0,1687.7,3416594,1155648,2259569,82,1295,88,2131,93,0,0,0,"6772,2004,2107,6828,18385,38231,86578,210552,415211,727715,826959,908332,166920,0,0,0,0,0,0,0,0,0,0,0","15544,2333,35,5082,8871,2082,4004,8905,9616,88303,132895,179514,328091,0,0,0,0,0,0,0,0,0,0,0"
grid10_M5_r-0.3_s42/A50.mvh,lexBU_h0,1,True,48950,448472,717484,19982,3.6154,3.2,4.2,3.0,28.9,0.7,15.9,0.0,33073631,7265696,10348094,15930880,708471,76804,696104,21379,67792,0,769731,222743,0.19,50.0,1687.7,3416594,1155648,2259569,82,1295,88,2131,93,0,0,0,"6772,2004,2107,6828,18385,38231,86578,210552,415211,727715,826959,908332,166920,0,0,0,0,0,0,0,0,0,0,0","15544,2333,35,5082,8871,2082,4004,8905,9616,88303,132895,179514,328091,0,0,0,0,0,0,0,0,0,0,0"
grid10_M5_r-0.3_s42/A50.mvh,lexTD_fp_id_r_h0,1,True,48950,448472,717484,19982,3.2839,3.4,4.1,1.8,29.7,0.8,16.4,0.0,33073631,7265696,10348094,9259715,708471,76804,702285,15198,67792,65959,23211,112770,0.16,50.0,1687.7,3416594,1155648,2259569,82,1295,88,2131,93,3614,4650,79562,"6772,2004,2107,6828,18385,38231,86578,210552,415211,727715,826959,908332,166920,0,0,0,0,0,0,0,0,0,0,0","15544,2333,35,5082,8871,2082,4004,8905,9616,88303,132895,179514,328091,0,0,0,0,0,0,0,0,0,0,0"
grid10_M5_r-0.3_s42/A50.mvh,lexTD_h0,1,True,48950,448472,717484,19982,3.3083,3.1,6.7,2.0,28.8,0.8,15.9,0.0,33073631,7265696,10348094,15364528,708471,76804,696104,21379,67792,0,769731,948769,0.19,50.0,1687.7,3416594,1155648,2259569,82,1295,88,2131,93,0,0,0,"6772,2004,2107,6828,18385,38231,86578,210552,415211,727715,826959,908332,166920,0,0,0,0,0,0,0,0,0,0,0","15544,2333,35,5082,8871,2082,4004,8905,9616,88303,132895,179514,328091,0,0,0,0,0,0,0,0,0,0,0"
grid10_M5_r-0.3_s42/A50.mvh,roi_fp_id_h0,1,True,48950,448472,717484,19982,3.3335,3.3,4.4,2.3,29.4,0.8,16.3,0.0,33073631,7265696,10348094,12032882,708471,76804,702285,15198,67792,65959,23211,218991,0.16,50.0,1687.7,3416594,1155648,2259569,82,1295,88,2131,93,3614,4650,0,"6772,2004,2107,6828,18385,38231,86578,210552,415211,727715,826959,908332,166920,0,0,0,0,0,0,0,0,0,0,0","15544,2333,35,5082,8871,2082,4004,8905,9616,88303,132895,179514,328091,0,0,0,0,0,0,0,0,0,0,0"
grid10_M5_r-0.3_s42/A50.mvh,roi_fp_id_h128,1,True,48950,448472,717484,19982,4.4375,3.2,5.1,1.1,29.7,0.7,16.3,0.0,33073631,7265696,10348094,8846871,708471,76804,696104,21379,67792,65948,0,0,0.19,50.0,1687.7,3416594,1155648,2259569,82,1295,88,2131,93,3614,4650,176091,"6772,2004,2107,6828,18385,38231,86578,210552,415211,727715,826959,908332,166920,0,0,0,0,0,0,0,0,0,0,0","15544,2333,35,5082,8871,2082,4004,8905,9616,88303,132895,179514,328091,0,0,0,0,0,0,0,0,0,0,0"
grid10_M5_r-0.3_s42/A50.mvh,roi_fp_id_h512,1,True,48950,448472,717484,19982,3.6261,3.2,5.1,1.1,29.5,0.7,16.2,0.0,33073631,7265696,10348094,8846871,708471,76804,696104,21379,67792,65948,0,0,0.19,50.0,1687.7,3416594,1155648,2259569,82,1295,88,2131,93,3614,4650,176091,"6772,2004,2107,6828,18385,38231,86578,210552,415211,727715,826959,908332,166920,0,0,0,0,0,0,0,0,0,0,0","15544,2333,35,5082,8871,2082,4004,8905,9616,88303,132895,179514,328091,0,0,0,0,0,0,0,0,0,0,0"
grid10_M5_r-0.3_s42/A50.mvh,roi_h0,1,True,48950,448472,717484,19982,3.4861,3.1,7.1,2.5,28.4,0.8,15.9,0.0,33073631,7265696,10348094,17000670,708471,76804,696104,21379,67792,0,769731,1118551,0.19,50.0,1687.7,3416594,1155648,2259569,82,1295,88,2131,93,0,0,0,"6772,2004,2107,6828,18385,38231,86578,210552,415211,727715,826959,908332,166920,0,0,0,0,0,0,0,0,0,0,0","15544,2333,35,5082,8871,2082,4004,8905,9616,88303,132895,179514,328091,0,0,0,0,0,0,0,0,0,0,0"
grid10_M5_r-0.3_s42/A50.mvh,lin,2,True,48950,448472,717484,19982,4.4698,3.0,4.7,7.7,27.5,0.6,15.1,0.0,33073631,7265696,10348094,50891586,708471,76804,696104,21379,67792,0,0,0,0.19,50.0,1687.7,3416594,1155648,2259569,82,1295,88,2131,93,0,0,0,"6772,2004,2107,6828,18385,38231,86578,210552,415211,727715,826959,908332,166920,0,0,0,0,0,0,0,0,0,0,0","15544,2333,35,5082,8871,2082,4004,8905,9616,88303,132895,179514,328091,0,0,0,0,0,0,0,0,0,0,0"
grid10_M5_r-0.3_s42/A50.mvh,lin_r,2,True,48950,448472,717484,19982,3.0673,3.4,3.7,1.3,29.9,0.8,16.5,0.0,33073631,7265696,10348094,6464720,708471,76804,696104,21379,67792,0,0,0,0.19,50.0,1687.7,3416594,1155648,2259569,82,1295,88,2131,93,3614,4650,3235990,"6772,2004,2107,6828,18385,38231,86578,210552,415211,727715,826959,908332,166920,0,0,0,0,0,0,0,0,0,0,0","15544,2333,35,5082,8871,2082,4004,8905,9616,88303,132895,179514,328091,0,0,0,0,0,0,0,0,0,0,0"
grid10_M5_r-0.3_s42/A50.mvh,lin_id,2,True,48950,448472,717484,19982,3.8677,3.3,5.2,1.5,29.5,0.9,16.4,0.0,33073631,7265696,10348094,11395089,708471,76804,696104,21379,67792,65948,0,0,0.19,50.0,1687.7,3416594,1155648,2259569,82,1295,88,2131,93,0,0,0,"6772,2004,2107,6828,18385,38231,86578,210552,415211,727715,826959,908332,166920,0,0,0,0,0,0,0,0,0,0,0","15544,2333,35,5082,8871,2082,4004,8905,9616,88303,132895,179514,328091,0,0,0,0,0,0,0,0,0,0,0"
grid10_M5_r-0.3_s42/A50.mvh,lin_r_id,2,True,48950,448472,717484,19982,4.4353,3.2,5.2,1.1,29.6,0.7,16.2,0.0,33073631,7265696,10348094,8846871,708471,76804,696104,21379,67792,65948,0,0,0.19,50.0,1687.7,3416594,1155648,2259569,82,1295,88,2131,93,3614,4650,176091,"6772,2004,2107,6828,18385,38231,86578,210552,415211,727715,826959,908332,166920,0,0,0,0,0,0,0,0,0,0,0","15544,2333,35,5082,8871,2082,4004,8905,9616,88303,132895,179514,328091,0,0,0,0,0,0,0,0,0,0,0"
grid10_M5_r-0.3_s42/A50.mvh,lexBU_fp_id_r_h0,2,True,48950,448472,717484,19982,4.3252,3.3,3.8,1.4,30.0,0.7,16.5,0.0,33073631,7265696,10348094,7327792,708471,76804,702285,15198,67792,65959,23211,25193,0.16,50.0,1687.7,3416594,1155648,2259569,82,1295,88,2131,93,3614,4650,111994,"6772,2004,2107,6828,18385,38231,86578,210552,415211,727715,826959,908332,166920,0,0,0,0,0,0,0,0,0,0,0","15544,2333,35,5082,8871,2082,4004,8905,9616,88303,132895,179514,328091,0,0,0,0,0,0,0,0,0,0,0"
grid10_M5_r-0.3_s42/A50.mvh,lexBU_fp_id_r_h32,2,True,48950,448472,717484,19982,3.3165,3.4,3.8,1.5,29.6,0.8,16.3,0.0,33073631,7265696,10348094,7327792,708471,76804,702285,15198,67792,65959,23211,25193,0.16,50.0,1687.7,3416594,1155648,2259569,82,1295,88,2131,93,3614,4650,111994,"6772,2004,2107,6828,18385,38231,86578,210552,415211,727715,826959,908332,166920,0,0,0,0,0,0,0,0,0,0,0","15544,2333,35,5082,8871,2082,4004,8905,9616,88303,132895,179514,328091,0,0,0,0,0,0,0,0,0,0,0"
grid10_M5_r-0.3_s42/A50.mvh,lexBU_fp_id_r_h128,2,True,48950,448472,717484,19982,3.4630,3.2,5.1,1.1,29.5,0.8,16.2,0.0,33073631,7265696,10348094,8846871,708471,76804,696104,21379,67792,65948,0,0,0.19,50.0,1687.7,3416594,1155648,2259569,82,1295,88,2131,93,3614,4650,176091,"6772,2004,2107,6828,18385,38231,86578,210552,415211,727715,826959,908332,166920,0,0,0,0,0,0,0,0,0,0,0","15544,2333,35,5082,8871,2082,4004,8905,9616,88303,132895,179514,328091,0,0,0,0,0,0,0,0,0,0,0"
grid10_M5_r-0.3_s42/A50.mvh,lexBU_fp_id_r_h512,2,True,48950,448472,717484,19982,4.5961,3.3,5.1,1.1,29.8,0.8,16.5,0.0,33073631,7265696,10348094,8846871,708471,76804,696104,21379,67792,65948,0,0,0.19,50.0,1687.7,3416594,1155648,2259569,82,1295,88,2131,93,3614,4650,176091,"6772,2004,2107,6828,18385,38231,86578,210552,415211,727715,826959,908332,166920,0,0,0,0,0,0,0,0,0,0,0","15544,2333,35,5082,8871,2082,4004,8905,9616,88303,132895,179514,328091,0,0,0,0,0,0,0,0,0,0,0"
grid10_M5_r-0.3_s42/A50.mvh,lexBU_fp_id_h0,2,True,48950,448472,717484,19982,3.8588,3.3,3.9,1.7,29.5,0.8,16.2,0.0,33073631,7265696,10348094,8979177,708471,76804,702285,15198,67792,65959,23211,25193,0.16,50.0,1687.7,3416594,1155648,2259569,82,1295,88,2131,93,0,0,0,"6772,2004,2107,6828,18385,38231,86578,210552,415211,727715,826959,908332,166920,0,0,0,0,0,0,0,0,0,0,0","15544,2333,35,5082,8871,2082,4004,8905,9616,88303,132895,179514,328091,0,0,0,0,0,0,0,0,0,0,0"
grid10_M5_r-0.3_s42/A50.mvh,lexBU_h0,2,True,48950,448472,717484,19982,3.7036,3.2,4.2,3.0,29.1,0.8,15.9,0.0,33073631,7265696,10348094,15930880,708471,76804,696104,21379,67792,0,769731,222743,0.19,50.0,1687.7,3416594,1155648,2259569,82,1295,88,2131,93,0,0,0,"6772,2004,2107,6828,18385,38231,86578,210552,415211,727715,826959,908332,166920,0,0,0,0,0,0,0,0,0,0,0","15544,2333,35,5082,8871,2082,4004,8905,9616,88303,132895,179514,328091,0,0,0,0,0,0,0,0,0,0,0"
grid10_M5_r-0.3_s42/A50.mvh,lexTD_fp_id_r_h0,2,True,48950,448472,717484,19982,3.4738,3.3,4.0,1.8,29.6,0.8,16.3,0.0,33073631,7265696,10348094,9259715,708471,76804,702285,15198,67792,65959,23211,112770,0.16,50.0,1687.7,3416594,1155648,2259569,82,1295,88,2131,93,3614,4650,79562,"6772,2004,2107,6828,18385,38231,86578,210552,415211,727715,826959,908332,166920,0,0,0,0,0,0,0,0,0,0,0","15544,2333,35,5082,8871,2082,4004,8905,9616,88303,132895,179514,328091,0,0,0,0,0,0,0,0,0,0,0"
grid10_M5_r-0.3_s42/A50.mvh,lexTD_h0,2,True,48950,448472,717484,19982,3.8911,3.1,6.7,1.9,28.6,0.7,15.7,0.0,33073631,7265696,10348094,15364528,708471,76804,696104,21379,67792,0,769731,948769,0.19,50.0,1687.7,3416594,1155648,2259569,82,1295,88,2131,93,0,0,0,"6772,2004,2107,6828,18385,38231,86578,210552,415211,727715,826959,908332,166920,0,0,0,0,0,0,0,0,0,0,0","15544,2333,35,5082,8871,2082,4004,8905,9616,88303,132895,179514,328091,0,0,0,0,0,0,0,0,0,0,0"
grid10_M5_r-0.3_s42/A50.mvh,roi_fp_id_h0,2,True,48950,448472,717484,19982,3.4459,3.4,4.4,2.3,29.3,0.8,16.2,0.0,33073631,7265696,10348094,12032882,708471,76804,702285,15198,67792,65959,23211,218991,0.16,50.0,1687.7,3416594,1155648,2259569,82,1295,88,2131,93,3614,4650,0,"6772,2004,2107,6828,18385,38231,86578,210552,415211,727715,826959,908332,166920,0,0,0,0,0,0,0,0,0,0,0","15544,2333,35,5082,8871,2082,4004,8905,9616,88303,132895,179514,328091,0,0,0,0,0,0,0,0,0,0,0"
grid10_M5_r-0.3_s42/A50.mvh,roi_fp_id_h128,2,True,48950,448472,717484,19982,3.8173,3.1,5.1,1.1,29.2,0.7,16.0,0.0,33073631,7265696,10348094,8846871,708471,76804,696104,21379,67792,65948,0,0,0.19,50.0,1687.7,3416594,1155648,2259569,82,1295,88,2131,93,3614,4650,176091,"6772,2004,2107,6828,18385,38231,86578,210552,415211,727715,826959,908332,166920,0,0,0,0,0,0,0,0,0,0,0","15544,2333,35,5082,8871,2082,4004,8905,9616,88303,132895,179514,328091,0,0,0,0,0,0,0,0,0,0,0"
grid10_M5_r-0.3_s42/A50.mvh,roi_fp_id_h512,2,True,48950,448472,717484,19982,3.4457,3.3,5.1,1.1,29.6,0.8,16.4,0.0,33073631,7265696,10348094,8846871,708471,76804,696104,21379,67792,65948,0,0,0.19,50.0,1687.7,3416594,1155648,2259569,82,1295,88,2131,93,3614,4650,176091,"6772,2004,2107,6828,18385,38231,86578,210552,415211,727715,826959,908332,166920,0,0,0,0,0,0,0,0,0,0,0","15544,2333,35,5082,8871,2082,4004,8905,9616,88303,132895,179514,328091,0,0,0,0,0,0,0,0,0,0,0"
grid10_M5_r-0.3_s42/A50.mvh,roi_h0,2,True,48950,448472,717484,19982,3.8215,3.0,7.2,2.5,28.2,0.7,15.5,0.0,33073631,7265696,10348094,17000670,708471,76804,696104,21379,67792,0,769731,1118551,0.19,50.0,1687.7,3416594,1155648,2259569,82,1295,88,2131,93,0,0,0,"6772,2004,2107,6828,18385,38231,86578,210552,415211,727715,826959,908332,166920,0,0,0,0,0,0,0,0,0,0,0","15544,2333,35,5082,8871,2082,4004,8905,9616,88303,132895,179514,328091,0,0,0,0,0,0,0,0,0,0,0"
grid_10x10_d4_tradeoff_cyc1/g10d4c1_apex.mvh,lin,0,True,11330,47305,83990,17560,0.6670,1.6,39.5,26.8,12.0,4.8,5.2,0.3,2219558,427798,14959755,42615379,84512,36685,25521,58468,37208,0,0,0,37.59,196.2,614.5,299617,122235,166303,1497,9582,52,329,93,0,0,0,"7380,2069,3934,5937,8126,15638,26598,56176,61025,63151,41827,7756,0,0,0,0,0,0,0,0,0,0,0,0","98,95,341,446,889,920,2772,6548,12653,23603,52859,19973,0,0,0,0,0,0,0,0,0,0,0,0"
grid_10x10_d4_tradeoff_cyc1/g10d4c1_apex.mvh,lin_r,0,True,11330,47305,83990,17560,0.6333,1.6,40.0,27.0,12.0,4.9,5.1,0.4,2219558,427798,14959755,42615379,84512,36685,25521,58468,37208,0,0,0,37.59,196.2,614.5,299617,122235,166303,1497,9582,52,329,93,0,133133,0,"7380,2069,3934,5937,8126,15638,26598,56176,61025,63151,41827,7756,0,0,0,0,0,0,0,0,0,0,0,0","98,95,341,446,889,920,2772,6548,12653,23603,52859,19973,0,0,0,0,0,0,0,0,0,0,0,0"
grid_10x10_d4_tradeoff_cyc1/g10d4c1_apex.mvh,lin_id,0,True,11330,47305,83990,17560,0.6628,1.6,39.4,26.4,12.4,5.0,5.2,0.5,2219558,427798,14959755,41195057,84512,36685,25521,58468,37208,17127,0,0,37.59,196.2,614.5,299617,122235,166303,1497,9582,52,329,93,0,0,0,"7380,2069,3934,5937,8126,15638,26598,56176,61025,63151,41827,7756,0,0,0,0,0,0,0,0,0,0,0,0","98,95,341,446,889,920,2772,6548,12653,23603,52859,19973,0,0,0,0,0,0,0,0,0,0,0,0"
grid_10x10_d4_tradeoff_cyc1/g10d4c1_apex.mvh,lin_r_id,0,True,11330,47305,83990,17560,0.6486,1.6,39.8,26.7,12.2,4.9,5.2,0.7,2219558,427798,14959755,41195057,84512,36685,25521,58468,37208,17127,0,0,37.59,196.2,614.5,299617,122235,166303,1497,9582,52,329,93,0,133133,0,"7380,2069,3934,5937,8126,15638,26598,56176,61025,63151,41827,7756,0,0,0,0,0,0,0,0,0,0,0,0","98,95,341,446,889,920,2772,6548,12653,23603,52859,19973,0,0,0,0,0,0,0,0,0,0,0,0"
grid_10x10_d4_tradeoff_cyc1/g10d4c1_apex.mvh,lexBU_fp_id_r_h0,0,True,11330,47305,83990,17560,0.7433,1.5,39.4,29.1,11.4,4.6,4.8,0.7,2219558,427798,14959755,38383687,84512,36685,40495,43494,37208,15619,75163,1543662,36.90,196.2,614.5,299617,122235,166303,1497,9582,52,329,93,0,133133,0,"7380,2069,3934,5937,8126,15638,26598,56176,61025,63151,41827,7756,0,0,0,0,0,0,0,0,0,0,0,0","98,95,341,446,889,920,2772,6548,12653,23603,52859,19973,0,0,0,0,0,0,0,0,0,0,0,0"
grid_10x10_d4_tradeoff_cyc1/g10d4c1_apex.mvh,lexBU_fp_id_r_h32,0,True,11330,47305,83990,17560,0.7413,1.5,39.1,29.8,11.3,4.6,4.8,0.8,2219558,427798,14959755,38377278,84512,36685,28222,55767,37208,17129,41076,1532680,37.24,196.2,614.5,299617,122235,166303,1497,9582,52,329,93,0,133133,0,"7380,2069,3934,5937,8126,15638,26598,56176,61025,63151,41827,7756,0,0,0,0,0,0,0,0,0,0,0,0","98,95,341,446,889,920,2772,6548,12653,23603,52859,19973,0,0,0,0,0,0,0,0,0,0,0,0"
grid_10x10_d4_tradeoff_cyc1/g10d4c1_apex.mvh,lexBU_fp_id_r_h128,0,True,11330,47305,83990,17560,0.7315,1.5,39.3,29.4,11.1,4.5,4.8,1.2,2219558,427798,14959755,38234359,84512,36685,26145,57844,37208,17126,23242,1460990,37.40,196.2,614.5,299617,122235,166303,1497,9582,52,329,93,0,133133,0,"7380,2069,3934,5937,8126,15638,26598,56176,61025,63151,41827,7756,0,0,0,0,0,0,0,0,0,0,0,0","98,95,341,446,889,920,2772,6548,12653,23603,52859,19973,0,0,0,0,0,0,0,0,0,0,0,0"
grid_10x10_d4_tradeoff_cyc1/g10d4c1_apex.mvh,lexBU_fp_id_r_h512,0,True,11330,47305,83990,17560,0.9185,1.5,39.0,27.1,12.6,5.0,5.1,0.6,2219558,427798,14959755,38176162,84512,36685,25634,58355,37208,17127,11546,1211967,37.49,196.2,614.5,299617,122235,166303,1497,9582,52,329,93,0,133133,0,"7380,2069,3934,5937,8126,15638,26598,56176,61025,63151,41827,7756,0,0,0,0,0,0,0,0,0,0,0,0","98,95,341,446,889,920,2772,6548,12653,23603,52859,19973,0,0,0,0,0,0,0,0,0,0,0,0"
grid_10x10_d4_tradeoff_cyc1/g10d4c1_apex.mvh,lexBU_fp_id_h0,0,True,11330,47305,83990,17560,1.0074,1.5,38.5,28.7,11.7,4.5,4.9,0.6,2219558,427798,14959755,38383687,84512,36685,40495,43494,37208,15619,75163,1543662,36.90,196.2,614.5,299617,122235,166303,1497,9582,52,329,93,0,0,0,"7380,2069,3934,5937,8126,15638,26598,56176,61025,63151,41827,7756,0,0,0,0,0,0,0,0,0,0,0,0","98,95,341,446,889,920,2772,6548,12653,23603,52859,19973,0,0,0,0,0,0,0,0,0,0,0,0"
grid_10x10_d4_tradeoff_cyc1/g10d4c1_apex.mvh,lexBU_h0,0,True,11330,47305,83990,17560,1.0112,1.5,38.1,29.0,11.8,4.5,4.9,0.5,2219558,427798,14959755,38317319,84512,36685,25521,58468,37208,0,107537,1568716,37.59,196.2,614.5,299617,122235,166303,1497,9582,52,329,93,0,0,0,"7380,2069,3934,5937,8126,15638,26598,56176,61025,63151,41827,7756,0,0,0,0,0,0,0,0,0,0,0,0","98,95,341,446,889,920,2772,6548,12653,23603,52859,19973,0,0,0,0,0,0,0,0,0,0,0,0"
grid_10x10_d4_tradeoff_cyc1/g10d4c1_apex.mvh,lexTD_fp_id_r_h0,0,True,11330,47305,83990,17560,0.8161,1.4,39.0,30.3,11.0,4.3,4.6,0.9,2219558,427798,14959755,39310765,84512,36685,40495,43494,37208,15619,75163,1805117,36.90,196.2,614.5,299617,122235,166303,1497,9582,52,329,93,0,133133,0,"7380,2069,3934,5937,8126,15638,26598,56176,61025,63151,41827,7756,0,0,0,0,0,0,0,0,0,0,0,0","98,95,341,446,889,920,2772,6548,12653,23603,52859,19973,0,0,0,0,0,0,0,0,0,0,0,0"
grid_10x10_d4_tradeoff_cyc1/g10d4c1_apex.mvh,lexTD_h0,0,True,11330,47305,83990,17560,0.7324,1.5,39.2,30.2,11.0,4.5,4.7,0.5,2219558,427798,14959755,39084286,84512,36685,25521,58468,37208,0,107537,1855497,37.59,196.2,614.5,299617,122235,166303,1497,9582,52,329,93,0,0,0,"7380,2069,3934,5937,8126,15638,26598,56176,61025,63151,41827,7756,0,0,0,0,0,0,0,0,0,0,0,0","98,95,341,446,889,920,2772,6548,12653,23603,52859,19973,0,0,0,0,0,0,0,0,0,0,0,0"
grid_10x10_d4_tradeoff_cyc1/g10d4c1_apex.mvh,roi_fp_id_h0,0,True,11330,47305,83990,17560,0.6767,1.6,33.6,33.8,11.6,4.7,5.0,7.6,2219558,427798,14959755,25737734,84512,36685,40495,43494,37208,15619,75163,2054955,36.90,196.2,614.5,299617,122235,166303,1497,9582,52,329,93,0,133133,0,"7380,2069,3934,5937,8126,15638,26598,56176,61025,63151,41827,7756,0,0,0,0,0,0,0,0,0,0,0,0","98,95,341,446,889,920,2772,6548,12653,23603,52859,19973,0,0,0,0,0,0,0,0,0,0,0,0"
grid_10x10_d4_tradeoff_cyc1/g10d4c1_apex.mvh,roi_fp_id_h128,0,True,11330,47305,83990,17560,0.5845,1.6,32.6,34.0,12.1,4.9,5.2,7.8,2219558,427798,14959755,24653430,84512,36685,26145,57844,37208,17126,23242,1757336,37.40,196.2,614.5,299617,122235,166303,1497,9582,52,329,93,0,133133,0,"7380,2069,3934,5937,8126,15638,26598,56176,61025,63151,41827,7756,0,0,0,0,0,0,0,0,0,0,0,0","98,95,341,446,889,920,2772,6548,12653,23603,52859,19973,0,0,0,0,0,0,0,0,0,0,0,0"
grid_10x10_d4_tradeoff_cyc1/g10d4c1_apex.mvh,roi_fp_id_h512,0,True,11330,47305,83990,17560,0.5769,1.7,33.9,32.1,12.4,5.0,5.2,7.5,2219558,427798,14959755,26209099,84512,36685,25634,58355,37208,17127,11546,1324148,37.49,196.2,614.5,299617,122235,166303,1497,9582,52,329,93,0,133133,0,"7380,2069,3934,5937,8126,15638,26598,56176,61025,63151,41827,7756,0,0,0,0,0,0,0,0,0,0,0,0","98,95,341,446,889,920,2772,6548,12653,23603,52859,19973,0,0,0,0,0,0,0,0,0,0,0,0"
grid_10x10_d4_tradeoff_cyc1/g10d4c1_apex.mvh,roi_h0,0,True,11330,47305,83990,17560,0.6080,1.6,33.4,33.8,11.8,4.8,5.1,7.7,2219558,427798,14959755,25451466,84512,36685,25521,58468,37208,0,107537,2113961,37.59,196.2,614.5,299617,122235,166303,1497,9582,52,329,93,0,0,0,"7380,2069,3934,5937,8126,15638,26598,56176,61025,63151,41827,7756,0,0,0,0,0,0,0,0,0,0,0,0","98,95,341,446,889,920,2772,6548,12653,23603,52859,19973,0,0,0,0,0,0,0,0,0,0,0,0"
grid_10x10_d4_tradeoff_cyc1/g10d4c1_apex.mvh,lin,1,True,11330,47305,83990,17560,0.6247,1.6,39.6,26.9,12.0,4.8,5.1,0.3,2219558,427798,14959755,42615379,84512,36685,25521,58468,37208,0,0,0,37.59,196.2,614.5,299617,122235,166303,1497,9582,52,329,93,0,0,0,"7380,2069,3934,5937,8126,15638,26598,56176,61025,63151,41827,7756,0,0,0,0,0,0,0,0,0,0,0,0","98,95,341,446,889,920,2772,6548,12653,23603,52859,19973,0,0,0,0,0,0,0,0,0,0,0,0"
grid_10x10_d4_tradeoff_cyc1/g10d4c1_apex.mvh,lin_r,1,True,11330,47305,83990,17560,0.6236,1.6,39.7,26.8,12.1,4.9,5.2,0.4,2219558,427798,14959755,42615379,84512,36685,25521,58468,37208,0,0,0,37.59,196.2,614.5,299617,122235,166303,1497,9582,52,329,93,0,133133,0,"7380,2069,3934,5937,8126,15638,26598,56176,61025,63151,41827,7756,0,0,0,0,0,0,0,0,0,0,0,0","98,95,341,446,889,920,2772,6548,12653,23603,52859,19973,0,0,0,0,0,0,0,0,0,0,0,0"
grid_10x10_d4_tradeoff_cyc1/g10d4c1_apex.mvh,lin_id,1,True,11330,47305,83990,17560,0.6293,1.6,39.5,26.7,12.2,4.9,5.2,0.6,2219558,427798,14959755,41195057,84512,36685,25521,58468,37208,17127,0,0,37.59,196.2,614.5,299617,122235,166303,1497,9582,52,329,93,0,0,0,"7380,2069,3934,5937,8126,15638,26598,56176,61025,63151,41827,7756,0,0,0,0,0,0,0,0,0,0,0,0","98,95,341,446,889,920,2772,6548,12653,23603,52859,19973,0,0,0,0,0,0,0,0,0,0,0,0"
grid_10x10_d4_tradeoff_cyc1/g10d4c1_apex.mvh,lin_r_id,1,True,11330,47305,83990,17560,0.6063,1.6,40.0,26.8,12.1,4.9,5.2,0.6,2219558,427798,14959755,41195057,84512,36685,25521,58468,37208,17127,0,0,37.59,196.2,614.5,299617,122235,166303,1497,9582,52,329,93,0,133133,0,"7380,2069,3934,5937,8126,15638,26598,56176,61025,63151,41827,7756,0,0,0,0,0,0,0,0,0,0,0,0","98,95,341,446,889,920,2772,6548,12653,23603,52859,19973,0,0,0,0,0,0,0,0,0,0,0,0"
grid_10x10_d4_tradeoff_cyc1/g10d4c1_apex.mvh,lexBU_fp_id_r_h0,1,True,11330,47305,83990,17560,0.6721,1.5,39.7,29.7,11.2,4.6,4.7,0.8,2219558,427798,14959755,38383687,84512,36685,40495,43494,37208,15619,75163,1543662,36.90,196.2,614.5,299617,122235,166303,1497,9582,52,329,93,0,133133,0,"7380,2069,3934,5937,8126,15638,26598,56176,61025,63151,41827,7756,0,0,0,0,0,0,0,0,0,0,0,0","98,95,341,446,889,920,2772,6548,12653,23603,52859,19973,0,0,0,0,0,0,0,0,0,0,0,0"
grid_10x10_d4_tradeoff_cyc1/g10d4c1_apex.mvh,lexBU_fp_id_r_h32,1,True,11330,47305,83990,17560,0.6961,1.5,39.6,29.5,11.2,4.6,4.7,0.8,2219558,427798,14959755,38377278,84512,36685,28222,55767,37208,17129,41076,1532680,37.24,196.2,614.5,299617,122235,166303,1497,9582,52,329,93,0,133133,0,"7380,2069,3934,5937,8126,15638,26598,56176,61025,63151,41827,7756,0,0,0,0,0,0,0,0,0,0,0,0","98,95,341,446,889,920,2772,6548,12653,23603,52859,19973,0,0,0,0,0,0,0,0,0,0,0,0"
grid_10x10_d4_tradeoff_cyc1/g10d4c1_apex.mvh,lexBU_fp_id_r_h128,1,True,11330,47305,83990,17560,0.7264,1.5,39.2,29.2,11.6,4.7,4.8,0.9,2219558,427798,14959755,38234359,84512,36685,26145,57844,37208,17126,23242,1460990,37.40,196.2,614.5,299617,122235,166303,1497,9582,52,329,93,0,133133,0,"7380,2069,3934,5937,8126,15638,26598,56176,61025,63151,41827,7756,0,0,0,0,0,0,0,0,0,0,0,0","98,95,341,446,889,920,2772,6548,12653,23603,52859,19973,0,0,0,0,0,0,0,0,0,0,0,0"
grid_10x10_d4_tradeoff_cyc1/g10d4c1_apex.mvh,lexBU_fp_id_r_h512,1,True,11330,47305,83990,17560,0.7676,1.5,39.1,28.5,12.0,4.9,5.0,1.0,2219558,427798,14959755,38176162,84512,36685,25634,58355,37208,17127,11546,1211967,37.49,196.2,614.5,299617,122235,166303,1497,9582,52,329,93,0,133133,0,"7380,2069,3934,5937,8126,15638,26598,56176,61025,63151,41827,7756,0,0,0,0,0,0,0,0,0,0,0,0","98,95,341,446,889,920,2772,6548,12653,23603,52859,19973,0,0,0,0,0,0,0,0,0,0,0,0"
grid_10x10_d4_tradeoff_cyc1/g10d4c1_apex.mvh,lexBU_fp_id_h0,1,True,11330,47305,83990,17560,0.7081,1.5,39.8,29.9,11.0,4.5,4.7,0.8,2219558,427798,14959755,38383687,84512,36685,40495,43494,37208,15619,75163,1543662,36.90,196.2,614.5,299617,122235,166303,1497,9582,52,329,93,0,0,0,"7380,2069,3934,5937,8126,15638,26598,56176,61025,63151,41827,7756,0,0,0,0,0,0,0,0,0,0,0,0","98,95,341,446,889,920,2772,6548,12653,23603,52859,19973,0,0,0,0,0,0,0,0,0,0,0,0"
grid_10x10_d4_tradeoff_cyc1/g10d4c1_apex.mvh,lexBU_h0,1,True,11330,47305,83990,17560,0.6988,1.5,39.3,29.3,11.3,4.6,4.8,0.7,2219558,427798,14959755,38317319,84512,36685,25521,58468,37208,0,107537,1568716,37.59,196.2,614.5,299617,122235,166303,1497,9582,52,329,93,0,0,0,"7380,2069,3934,5937,8126,15638,26598,56176,61025,63151,41827,7756,0,0,0,0,0,0,0,0,0,0,0,0","98,95,341,446,889,920,2772,6548,12653,23603,52859,19973,0,0,0,0,0,0,0,0,0,0,0,0"
grid_10x10_d4_tradeoff_cyc1/g10d4c1_apex.mvh,lexTD_fp_id_r_h0,1,True,11330,47305,83990,17560,0.8161,1.4,40.3,28.7,11.7,4.7,4.7,0.7,2219558,427798,14959755,39310765,84512,36685,40495,43494,37208,15619,75163,1805117,36.90,196.2,614.5,299617,122235,166303,1497,9582,52,329,93,0,133133,0,"7380,2069,3934,5937,8126,15638,26598,56176,61025,63151,41827,7756,0,0,0,0,0,0,0,0,0,0,0,0","98,95,341,446,889,920,2772,6548,12653,23603,52859,19973,0,0,0,0,0,0,0,0,0,0,0,0"
grid_10x10_d4_tradeoff_cyc1/g10d4c1_apex.mvh,lexTD_h0,1,True,11330,47305,83990,17560,0.8820,1.4,38.8,29.7,11.5,4.6,4.8,0.5,2219558,427798,14959755,39084286,84512,36685,25521,58468,37208,0,107537,1855497,37.59,196.2,614.5,299617,122235,166303,1497,9582,52,329,93,0,0,0,"7380,2069,3934,5937,8126,15638,26598,56176,61025,63151,41827,7756,0,0,0,0,0,0,0,0,0,0,0,0","98,95,341,446,889,920,2772,6548,12653,23603,52859,19973,0,0,0,0,0,0,0,0,0,0,0,0"
grid_10x10_d4_tradeoff_cyc1/g10d4c1_apex.mvh,roi_fp_id_h0,1,True,11330,47305,83990,17560,0.8278,1.5,32.9,33.2,12.3,4.9,5.1,7.0,2219558,427798,14959755,25737734,84512,36685,40495,43494,37208,15619,75163,2054955,36.90,196.2,614.5,299617,122235,166303,1497,9582,52,329,93,0,133133,0,"7380,2069,3934,5937,8126,15638,26598,56176,61025,63151,41827,7756,0,0,0,0,0,0,0,0,0,0,0,0","98,95,341,446,889,920,2772,6548,12653,23603,52859,19973,0,0,0,0,0,0,0,0,0,0,0,0"
grid_10x10_d4_tradeoff_cyc1/g10d4c1_apex.mvh,roi_fp_id_h128,1,True,11330,47305,83990,17560,0.6381,1.6,33.2,33.8,12.0,4.8,5.2,8.6,2219558,427798,14959755,24653430,84512,36685,26145,57844,37208,17126,23242,1757336,37.40,196.2,614.5,299617,122235,166303,1497,9582,52,329,93,0,133133,0,"7380,2069,3934,5937,8126,15638,26598,56176,61025,63151,41827,7756,0,0,0,0,0,0,0,0,0,0,0,0","98,95,341,446,889,920,2772,6548,12653,23603,52859,19973,0,0,0,0,0,0,0,0,0,0,0,0"
grid_10x10_d4_tradeoff_cyc1/g10d4c1_apex.mvh,roi_fp_id_h512,1,True,11330,47305,83990,17560,0.5849,1.6,33.9,31.9,12.4,5.1,5.3,7.3,2219558,427798,14959755,26209099,84512,36685,25634,58355,37208,17127,11546,1324148,37.49,196.2,614.5,299617,122235,166303,1497,9582,52,329,93,0,133133,0,"7380,2069,3934,5937,8126,15638,26598,56176,61025,63151,41827,7756,0,0,0,0,0,0,0,0,0,0,0,0","98,95,341,446,889,920,2772,6548,12653,23603,52859,19973,0,0,0,0,0,0,0,0,0,0,0,0"
grid_10x10_d4_tradeoff_cyc1/g10d4c1_apex.mvh,roi_h0,1,True,11330,47305,83990,17560,0.6319,1.6,33.2,33.8,12.0,4.9,5.0,7.5,2219558,427798,14959755,25451466,84512,36685,25521,58468,37208,0,107537,2113961,37.59,196.2,614.5,299617,122235,166303,1497,9582,52,329,93,0,0,0,"7380,2069,3934,5937,8126,15638,26598,56176,61025,63151,41827,7756,0,0,0,0,0,0,0,0,0,0,0,0","98,95,341,446,889,920,2772,6548,12653,23603,52859,19973,0,0,0,0,0,0,0,0,0,0,0,0"
grid_10x10_d4_tradeoff_cyc1/g10d4c1_apex.mvh,lin,2,True,11330,47305,83990,17560,0.6462,1.6,39.5,27.2,11.8,4.8,5.1,0.3,2219558,427798,14959755,42615379,84512,36685,25521,58468,37208,0,0,0,37.59,196.2,614.5,299617,122235,166303,1497,9582,52,329,93,0,0,0,"7380,2069,3934,5937,8126,15638,26598,56176,61025,63151,41827,7756,0,0,0,0,0,0,0,0,0,0,0,0","98,95,341,446,889,920,2772,6548,12653,23603,52859,19973,0,0,0,0,0,0,0,0,0,0,0,0"
grid_10x10_d4_tradeoff_cyc1/g10d4c1_apex.mvh,lin_r,2,True,11330,47305,83990,17560,0.6223,1.6,40.1,26.9,12.0,4.9,5.2,0.4,2219558,427798,14959755,42615379,84512,36685,25521,58468,37208,0,0,0,37.59,196.2,614.5,299617,122235,166303,1497,9582,52,329,93,0,133133,0,"7380,2069,3934,5937,8126,15638,26598,56176,61025,63151,41827,7756,0,0,0,0,0,0,0,0,0,0,0,0","98,95,341,446,889,920,2772,6548,12653,23603,52859,19973,0,0,0,0,0,0,0,0,0,0,0,0"
grid_10x10_d4_tradeoff_cyc1/g10d4c1_apex.mvh,lin_id,2,True,11330,47305,83990,17560,0.6158,1.6,39.5,26.6,12.0,4.8,5.2,0.8,2219558,427798,14959755,41195057,84512,36685,25521,58468,37208,17127,0,0,37.59,196.2,614.5,299617,122235,166303,1497,9582,52,329,93,0,0,0,"7380,2069,3934,5937,8126,15638,26598,56176,61025,63151,41827,7756,0,0,0,0,0,0,0,0,0,0,0,0","98,95,341,446,889,920,2772,6548,12653,23603,52859,19973,0,0,0,0,0,0,0,0,0,0,0,0"
grid_10x10_d4_tradeoff_cyc1/g10d4c1_apex.mvh,lin_r_id,2,True,11330,47305,83990,17560,0.6339,1.6,39.8,26.9,11.9,4.8,5.1,0.6,2219558,427798,14959755,41195057,84512,36685,25521,58468,37208,17127,0,0,37.59,196.2,614.5,299617,122235,166303,1497,9582,52,329,93,0,133133,0,"7380,2069,3934,5937,8126,15638,26598,56176,61025,63151,41827,7756,0,0,0,0,0,0,0,0,0,0,0,0","98,95,341,446,889,920,2772,6548,12653,23603,52859,19973,0,0,0,0,0,0,0,0,0,0,0,0"
grid_10x10_d4_tradeoff_cyc1/g10d4c1_apex.mvh,lexBU_fp_id_r_h0,2,True,11330,47305,83990,17560,0.7779,1.5,39.1,29.6,11.3,4.5,4.8,0.7,2219558,427798,14959755,38383687,84512,36685,40495,43494,37208,15619,75163,1543662,36.90,196.2,614.5,299617,122235,166303,1497,9582,52,329,93,0,133133,0,"7380,2069,3934,5937,8126,15638,26598,56176,61025,63151,41827,7756,0,0,0,0,0,0,0,0,0,0,0,0","98,95,341,446,889,920,2772,6548,12653,23603,52859,19973,0,0,0,0,0,0,0,0,0,0,0,0"
grid_10x10_d4_tradeoff_cyc1/g10d4c1_apex.mvh,lexBU_fp_id_r_h32,2,True,11330,47305,83990,17560,0.8579,1.4,39.1,28.9,11.8,4.7,4.8,0.6,2219558,427798,14959755,38377278,84512,36685,28222,55767,37208,17129,41076,1532680,37.24,196.2,614.5,299617,122235,166303,1497,9582,52,329,93,0,133133,0,"7380,2069,3934,5937,8126,15638,26598,56176,61025,63151,41827,7756,0,0,0,0,0,0,0,0,0,0,0,0","98,95,341,446,889,920,2772,6548,12653,23603,52859,19973,0,0,0,0,0,0,0,0,0,0,0,0"
grid_10x10_d4_tradeoff_cyc1/g10d4c1_apex.mvh,lexBU_fp_id_r_h128,2,True,11330,47305,83990,17560,0.7438,1.5,38.7,29.5,11.5,4.6,4.8,0.8,2219558,427798,14959755,38234359,84512,36685,26145,57844,37208,17126,23242,1460990,37.40,196.2,614.5,299617,122235,166303,1497,9582,52,329,93,0,133133,0,"7380,2069,3934,5937,8126,15638,26598,56176,61025,63151,41827,7756,0,0,0,0,0,0,0,0,0,0,0,0","98,95,341,446,889,920,2772,6548,12653,23603,52859,19973,0,0,0,0,0,0,0,0,0,0,0,0"
grid_10x10_d4_tradeoff_cyc1/g10d4c1_apex.mvh,lexBU_fp_id_r_h512,2,True,11330,47305,83990,17560,0.6621,1.5,39.3,29.1,11.4,4.6,4.8,0.9,2219558,427798,14959755,38176162,84512,36685,25634,58355,37208,17127,11546,1211967,37.49,196.2,614.5,299617,122235,166303,1497,9582,52,329,93,0,133133,0,"7380,2069,3934,5937,8126,15638,26598,56176,61025,63151,41827,7756,0,0,0,0,0,0,0,0,0,0,0,0","98,95,341,446,889,920,2772,6548,12653,23603,52859,19973,0,0,0,0,0,0,0,0,0,0,0,0"
grid_10x10_d4_tradeoff_cyc1/g10d4c1_apex.mvh,lexBU_fp_id_h0,2,True,11330,47305,83990,17560,0.7098,1.5,39.0,29.4,11.2,4.5,4.7,0.7,2219558,427798,14959755,38383687,84512,36685,40495,43494,37208,15619,75163,1543662,36.90,196.2,614.5,299617,122235,166303,1497,9582,52,329,93,0,0,0,"7380,2069,3934,5937,8126,15638,26598,56176,61025,63151,41827,7756,0,0,0,0,0,0,0,0,0,0,0,0","98,95,341,446,889,920,2772,6548,12653,23603,52859,19973,0,0,0,0,0,0,0,0,0,0,0,0"
grid_10x10_d4_tradeoff_cyc1/g10d4c1_apex.mvh,lexBU_h0,2,True,11330,47305,83990,17560,0.6712,1.5,39.0,29.8,11.3,4.6,4.8,0.5,2219558,427798,14959755,38317319,84512,36685,25521,58468,37208,0,107537,1568716,37.59,196.2,614.5,299617,122235,166303,1497,9582,52,329,93,0,0,0,"7380,2069,3934,5937,8126,15638,26598,56176,61025,63151,41827,7756,0,0,0,0,0,0,0,0,0,0,0,0","98,95,341,446,889,920,2772,6548,12653,23603,52859,19973,0,0,0,0,0,0,0,0,0,0,0,0"
grid_10x10_d4_tradeoff_cyc1/g10d4c1_apex.mvh,lexTD_fp_id_r_h0,2,True,11330,47305,83990,17560,0.7263,1.4,39.8,29.8,10.9,4.4,4.6,0.8,2219558,427798,14959755,39310765,84512,36685,40495,43494,37208,15619,75163,1805117,36.90,196.2,614.5,299617,122235,166303,1497,9582,52,329,93,0,133133,0,"7380,2069,3934,5937,8126,15638,26598,56176,61025,63151,41827,7756,0,0,0,0,0,0,0,0,0,0,0,0","98,95,341,446,889,920,2772,6548,12653,23603,52859,19973,0,0,0,0,0,0,0,0,0,0,0,0"
grid_10x10_d4_tradeoff_cyc1/g10d4c1_apex.mvh,lexTD_h0,2,True,11330,47305,83990,17560,0.7255,1.5,39.1,30.3,11.2,4.5,4.7,0.5,2219558,427798,14959755,39084286,84512,36685,25521,58468,37208,0,107537,1855497,37.59,196.2,614.5,299617,122235,166303,1497,9582,52,329,93,0,0,0,"7380,2069,3934,5937,8126,15638,26598,56176,61025,63151,41827,7756,0,0,0,0,0,0,0,0,0,0,0,0","98,95,341,446,889,920,2772,6548,12653,23603,52859,19973,0,0,0,0,0,0,0,0,0,0,0,0"
grid_10x10_d4_tradeoff_cyc1/g10d4c1_apex.mvh,roi_fp_id_h0,2,True,11330,47305,83990,17560,0.6445,1.6,34.1,33.6,11.7,4.7,5.0,8.2,2219558,427798,14959755,25737734,84512,36685,40495,43494,37208,15619,75163,2054955,36.90,196.2,614.5,299617,122235,166303,1497,9582,52,329,93,0,133133,0,"7380,2069,3934,5937,8126,15638,26598,56176,61025,63151,41827,7756,0,0,0,0,0,0,0,0,0,0,0,0","98,95,341,446,889,920,2772,6548,12653,23603,52859,19973,0,0,0,0,0,0,0,0,0,0,0,0"
grid_10x10_d4_tradeoff_cyc1/g10d4c1_apex.mvh,roi_fp_id_h128,2,True,11330,47305,83990,17560,0.6348,1.6,31.9,33.5,12.5,5.1,5.4,7.1,2219558,427798,14959755,24653430,84512,36685,26145,57844,37208,17126,23242,1757336,37.40,196.2,614.5,299617,122235,166303,1497,9582,52,329,93,0,133133,0,"7380,2069,3934,5937,8126,15638,26598,56176,61025,63151,41827,7756,0,0,0,0,0,0,0,0,0,0,0,0","98,95,341,446,889,920,2772,6548,12653,23603,52859,19973,0,0,0,0,0,0,0,0,0,0,0,0"
grid_10x10_d4_tradeoff_cyc1/g10d4c1_apex.mvh,roi_fp_id_h512,2,True,11330,47305,83990,17560,0.7573,1.6,32.2,31.4,13.3,5.4,5.5,6.1,2219558,427798,14959755,26209099,84512,36685,25634,58355,37208,17127,11546,1324148,37.49,196.2,614.5,299617,122235,166303,1497,9582,52,329,93,0,133133,0,"7380,2069,3934,5937,8126,15638,26598,56176,61025,63151,41827,7756,0,0,0,0,0,0,0,0,0,0,0,0","98,95,341,446,889,920,2772,6548,12653,23603,52859,19973,0,0,0,0,0,0,0,0,0,0,0,0"
grid_10x10_d4_tradeoff_cyc1/g10d4c1_apex.mvh,roi_h0,2,True,11330,47305,83990,17560,0.8024,1.5,32.6,33.5,12.3,4.9,5.1,6.9,2219558,427798,14959755,25451466,84512,36685,25521,58468,37208,0,107537,2113961,37.59,196.2,614.5,299617,122235,166303,1497,9582,52,329,93,0,0,0,"7380,2069,3934,5937,8126,15638,26598,56176,61025,63151,41827,7756,0,0,0,0,0,0,0,0,0,0,0,0","98,95,341,446,889,920,2772,6548,12653,23603,52859,19973,0,0,0,0,0,0,0,0,0,0,0,0"
grid15_M3_r-0.6_s42/A200.mvh,lin,0,True,2776,170052,338227,9182,0.9881,1.0,4.0,5.4,20.8,0.4,6.6,0.1,3290718,489135,1767016,6842955,333024,19203,326950,11276,14001,0,0,0,0.35,200.0,24.3,1552560,501290,1048445,1039,1786,171,2031,211,0,0,0,"7027,4865,18740,56378,251402,834863,379285,0,0,0,0,0,0,0,0,0,0,0,0,0,0,0,0,0","28758,1593,11948,37065,28004,97726,147133,0,0,0,0,0,0,0,0,0,0,0,0,0,0,0,0,0"
grid15_M3_r-0.6_s42/A200.mvh,lin_r,0,True,2776,170052,338227,9182,1.0350,1.0,2.6,0.9,22.3,0.4,7.0,0.2,3290718,489135,1767016,636580,333024,19203,326950,11276,14001,0,0,0,0.35,200.0,24.3,1552560,501290,1048445,1039,1786,171,2031,211,40193,42200,2816790,"7027,4865,18740,56378,251402,834863,379285,0,0,0,0,0,0,0,0,0,0,0,0,0,0,0,0,0","28758,1593,11948,37065,28004,97726,147133,0,0,0,0,0,0,0,0,0,0,0,0,0,0,0,0,0"
grid15_M3_r-0.6_s42/A200.mvh,lin_id,0,True,2776,170052,338227,9182,0.8010,1.0,2.9,0.9,22.0,0.4,7.0,0.1,3290718,489135,1767016,1520023,333024,19203,326950,11276,14001,13569,0,0,0.35,200.0,24.3,1552560,501290,1048445,1039,1786,171,2031,211,0,0,0,"7027,4865,18740,56378,251402,834863,379285,0,0,0,0,0,0,0,0,0,0,0,0,0,0,0,0,0","28758,1593,11948,37065,28004,97726,147133,0,0,0,0,0,0,0,0,0,0,0,0,0,0,0,0,0"
grid15_M3_r-0.6_s42/A200.mvh,lin_r_id,0,True,2776,170052,338227,9182,0.7873,1.0,2.9,0.5,22.2,0.4,7.0,0.2,3290718,489135,1767016,1054920,333024,19203,326950,11276,14001,13569,0,0,0.35,200.0,24.3,1552560,501290,1048445,1039,1786,171,2031,211,40193,42200,182470,"7027,4865,18740,56378,251402,834863,379285,0,0,0,0,0,0,0,0,0,0,0,0,0,0,0,0,0","28758,1593,11948,37065,28004,97726,147133,0,0,0,0,0,0,0,0,0,0,0,0,0,0,0,0,0"
grid15_M3_r-0.6_s42/A200.mvh,lexBU_fp_id_r_h0,0,True,2776,170052,338227,9182,0.7420,1.1,2.5,0.7,22.2,0.5,7.2,0.3,3290718,489135,1767016,720984,333024,19203,332074,6152,14001,13569,11708,25678,0.32,200.0,24.3,1552560,501290,1048445,1039,1786,171,2031,211,40193,42200,58694,"7027,4865,18740,56378,251402,834863,379285,0,0,0,0,0,0,0,0,0,0,0,0,0,0,0,0,0","28758,1593,11948,37065,28004,97726,147133,0,0,0,0,0,0,0,0,0,0,0,0,0,0,0,0,0"
grid15_M3_r-0.6_s42/A200.mvh,lexBU_fp_id_r_h32,0,True,2776,170052,338227,9182,0.7697,1.1,2.5,0.8,22.5,0.5,7.2,0.3,3290718,489135,1767016,720984,333024,19203,332074,6152,14001,13569,11708,25678,0.32,200.0,24.3,1552560,501290,1048445,1039,1786,171,2031,211,40193,42200,58694,"7027,4865,18740,56378,251402,834863,379285,0,0,0,0,0,0,0,0,0,0,0,0,0,0,0,0,0","28758,1593,11948,37065,28004,97726,147133,0,0,0,0,0,0,0,0,0,0,0,0,0,0,0,0,0"
grid15_M3_r-0.6_s42/A200.mvh,lexBU_fp_id_r_h128,0,True,2776,170052,338227,9182,1.1205,1.0,2.5,0.7,22.2,0.4,6.9,0.2,3290718,489135,1767016,720984,333024,19203,332074,6152,14001,13569,11708,25678,0.32,200.0,24.3,1552560,501290,1048445,1039,1786,171,2031,211,40193,42200,58694,"7027,4865,18740,56378,251402,834863,379285,0,0,0,0,0,0,0,0,0,0,0,0,0,0,0,0,0","28758,1593,11948,37065,28004,97726,147133,0,0,0,0,0,0,0,0,0,0,0,0,0,0,0,0,0"
grid15_M3_r-0.6_s42/A200.mvh,lexBU_fp_id_r_h512,0,True,2776,170052,338227,9182,1.0840,1.0,3.4,0.5,22.2,0.4,7.0,0.2,3290718,489135,1767016,1054920,333024,19203,326950,11276,14001,13569,0,0,0.35,200.0,24.3,1552560,501290,1048445,1039,1786,171,2031,211,40193,42200,182470,"7027,4865,18740,56378,251402,834863,379285,0,0,0,0,0,0,0,0,0,0,0,0,0,0,0,0,0","28758,1593,11948,37065,28004,97726,147133,0,0,0,0,0,0,0,0,0,0,0,0,0,0,0,0,0"
grid15_M3_r-0.6_s42/A200.mvh,lexBU_fp_id_h0,0,True,2776,170052,338227,9182,0.8483,1.0,2.4,0.9,22.2,0.4,7.0,0.1,3290718,489135,1767016,869709,333024,19203,332074,6152,14001,13569,11708,25678,0.32,200.0,24.3,1552560,501290,1048445,1039,1786,171,2031,211,0,0,0,"7027,4865,18740,56378,251402,834863,379285,0,0,0,0,0,0,0,0,0,0,0,0,0,0,0,0,0","28758,1593,11948,37065,28004,97726,147133,0,0,0,0,0,0,0,0,0,0,0,0,0,0,0,0,0"
grid15_M3_r-0.6_s42/A200.mvh,lexBU_h0,0,True,2776,170052,338227,9182,0.7345,1.1,2.8,1.3,22.1,0.4,7.1,0.1,3290718,489135,1767016,1150778,333024,19203,326950,11276,14001,0,323469,91614,0.35,200.0,24.3,1552560,501290,1048445,1039,1786,171,2031,211,0,0,0,"7027,4865,18740,56378,251402,834863,379285,0,0,0,0,0,0,0,0,0,0,0,0,0,0,0,0,0","28758,1593,11948,37065,28004,97726,147133,0,0,0,0,0,0,0,0,0,0,0,0,0,0,0,0,0"
grid15_M3_r-0.6_s42/A200.mvh,lexTD_fp_id_r_h0,0,True,2776,170052,338227,9182,0.6998,1.1,2.8,0.9,22.2,0.4,7.0,0.3,3290718,489135,1767016,936433,333024,19203,332074,6152,14001,13569,11708,89789,0.32,200.0,24.3,1552560,501290,1048445,1039,1786,171,2031,211,40193,42200,41948,"7027,4865,18740,56378,251402,834863,379285,0,0,0,0,0,0,0,0,0,0,0,0,0,0,0,0,0","28758,1593,11948,37065,28004,97726,147133,0,0,0,0,0,0,0,0,0,0,0,0,0,0,0,0,0"
grid15_M3_r-0.6_s42/A200.mvh,lexTD_h0,0,True,2776,170052,338227,9182,0.7098,1.0,3.8,1.3,21.8,0.4,7.1,0.1,3290718,489135,1767016,1587409,333024,19203,326950,11276,14001,0,323469,436853,0.35,200.0,24.3,1552560,501290,1048445,1039,1786,171,2031,211,0,0,0,"7027,4865,18740,56378,251402,834863,379285,0,0,0,0,0,0,0,0,0,0,0,0,0,0,0,0,0","28758,1593,11948,37065,28004,97726,147133,0,0,0,0,0,0,0,0,0,0,0,0,0,0,0,0,0"
grid15_M3_r-0.6_s42/A200.mvh,roi_fp_id_h0,0,True,2776,170052,338227,9182,0.7569,1.1,4.2,1.2,21.9,0.5,7.0,1.2,3290718,489135,1767016,1165423,333024,19203,332074,6152,14001,13569,11708,157868,0.32,200.0,24.3,1552560,501290,1048445,1039,1786,171,2031,211,40193,42200,0,"7027,4865,18740,56378,251402,834863,379285,0,0,0,0,0,0,0,0,0,0,0,0,0,0,0,0,0","28758,1593,11948,37065,28004,97726,147133,0,0,0,0,0,0,0,0,0,0,0,0,0,0,0,0,0"
grid15_M3_r-0.6_s42/A200.mvh,roi_fp_id_h128,0,True,2776,170052,338227,9182,0.7815,1.1,4.3,1.2,22.0,0.4,6.9,1.3,3290718,489135,1767016,1165423,333024,19203,332074,6152,14001,13569,11708,157868,0.32,200.0,24.3,1552560,501290,1048445,1039,1786,171,2031,211,40193,42200,0,"7027,4865,18740,56378,251402,834863,379285,0,0,0,0,0,0,0,0,0,0,0,0,0,0,0,0,0","28758,1593,11948,37065,28004,97726,147133,0,0,0,0,0,0,0,0,0,0,0,0,0,0,0,0,0"
grid15_M3_r-0.6_s42/A200.mvh,roi_fp_id_h512,0,True,2776,170052,338227,9182,0.8012,1.0,2.9,0.5,22.2,0.4,7.1,0.2,3290718,489135,1767016,1054920,333024,19203,326950,11276,14001,13569,0,0,0.35,200.0,24.3,1552560,501290,1048445,1039,1786,171,2031,211,40193,42200,182470,"7027,4865,18740,56378,251402,834863,379285,0,0,0,0,0,0,0,0,0,0,0,0,0,0,0,0,0","28758,1593,11948,37065,28004,97726,147133,0,0,0,0,0,0,0,0,0,0,0,0,0,0,0,0,0"
grid15_M3_r-0.6_s42/A200.mvh,roi_h0,0,True,2776,170052,338227,9182,0.9244,0.9,7.2,1.8,20.9,0.4,6.7,0.9,3290718,489135,1767016,1835101,333024,19203,326950,11276,14001,0,323469,563879,0.35,200.0,24.3,1552560,501290,1048445,1039,1786,171,2031,211,0,0,0,"7027,4865,18740,56378,251402,834863,379285,0,0,0,0,0,0,0,0,0,0,0,0,0,0,0,0,0","28758,1593,11948,37065,28004,97726,147133,0,0,0,0,0,0,0,0,0,0,0,0,0,0,0,0,0"
grid15_M3_r-0.6_s42/A200.mvh,lin,1,True,2776,170052,338227,9182,0.9194,1.0,4.0,5.5,20.8,0.4,6.6,0.1,3290718,489135,1767016,6842955,333024,19203,326950,11276,14001,0,0,0,0.35,200.0,24.3,1552560,501290,1048445,1039,1786,171,2031,211,0,0,0,"7027,4865,18740,56378,251402,834863,379285,0,0,0,0,0,0,0,0,0,0,0,0,0,0,0,0,0","28758,1593,11948,37065,28004,97726,147133,0,0,0,0,0,0,0,0,0,0,0,0,0,0,0,0,0"
grid15_M3_r-0.6_s42/A200.mvh,lin_r,1,True,2776,170052,338227,9182,0.9799,1.0,2.5,0.9,22.1,0.4,7.0,0.1,3290718,489135,1767016,636580,333024,19203,326950,11276,14001,0,0,0,0.35,200.0,24.3,1552560,501290,1048445,1039,1786,171,2031,211,40193,42200,2816790,"7027,4865,18740,56378,251402,834863,379285,0,0,0,0,0,0,0,0,0,0,0,0,0,0,0,0,0","28758,1593,11948,37065,28004,97726,147133,0,0,0,0,0,0,0,0,0,0,0,0,0,0,0,0,0"
grid15_M3_r-0.6_s42/A200.mvh,lin_id,1,True,2776,170052,338227,9182,1.0288,1.0,3.1,0.9,22.0,0.4,7.0,0.1,3290718,489135,1767016,1520023,333024,19203,326950,11276,14001,13569,0,0,0.35,200.0,24.3,1552560,501290,1048445,1039,1786,171,2031,211,0,0,0,"7027,4865,18740,56378,251402,834863,379285,0,0,0,0,0,0,0,0,0,0,0,0,0,0,0,0,0","28758,1593,11948,37065,28004,97726,147133,0,0,0,0,0,0,0,0,0,0,0,0,0,0,0,0,0"
grid15_M3_r-0.6_s42/A200.mvh,lin_r_id,1,True,2776,170052,338227,9182,1.0235,1.0,3.2,0.4,22.2,0.4,7.0,0.3,3290718,489135,1767016,1054920,333024,19203,326950,11276,14001,13569,0,0,0.35,200.0,24.3,1552560,501290,1048445,1039,1786,171,2031,211,40193,42200,182470,"7027,4865,18740,56378,251402,834863,379285,0,0,0,0,0,0,0,0,0,0,0,0,0,0,0,0,0","28758,1593,11948,37065,28004,97726,147133,0,0,0,0,0,0,0,0,0,0,0,0,0,0,0,0,0"
grid15_M3_r-0.6_s42/A200.mvh,lexBU_fp_id_r_h0,1,True,2776,170052,338227,9182,0.9582,1.0,2.6,0.8,22.4,0.4,7.1,0.3,3290718,489135,1767016,720984,333024,19203,332074,6152,14001,13569,11708,25678,0.32,200.0,24.3,1552560,501290,1048445,1039,1786,171,2031,211,40193,42200,58694,"7027,4865,18740,56378,251402,834863,379285,0,0,0,0,0,0,0,0,0,0,0,0,0,0,0,0,0","28758,1593,11948,37065,28004,97726,147133,0,0,0,0,0,0,0,0,0,0,0,0,0,0,0,0,0"
grid15_M3_r-0.6_s42/A200.mvh,lexBU_fp_id_r_h32,1,True,2776,170052,338227,9182,0.9318,1.0,2.5,0.7,22.3,0.4,7.1,0.3,3290718,489135,1767016,720984,333024,19203,332074,6152,14001,13569,11708,25678,0.32,200.0,24.3,1552560,501290,1048445,1039,1786,171,2031,211,40193,42200,58694,"7027,4865,18740,56378,251402,834863,379285,0,0,0,0,0,0,0,0,0,0,0,0,0,0,0,0,0","28758,1593,11948,37065,28004,97726,147133,0,0,0,0,0,0,0,0,0,0,0,0,0,0,0,0,0"
grid15_M3_r-0.6_s42/A200.mvh,lexBU_fp_id_r_h128,1,True,2776,170052,338227,9182,0.8090,1.0,2.4,0.7,22.3,0.4,7.1,0.2,3290718,489135,1767016,720984,333024,19203,332074,6152,14001,13569,11708,25678,0.32,200.0,24.3,1552560,501290,1048445,1039,1786,171,2031,211,40193,42200,58694,"7027,4865,18740,56378,251402,834863,379285,0,0,0,0,0,0,0,0,0,0,0,0,0,0,0,0,0","28758,1593,11948,37065,28004,97726,147133,0,0,0,0,0,0,0,0,0,0,0,0,0,0,0,0,0"
grid15_M3_r-0.6_s42/A200.mvh,lexBU_fp_id_r_h512,1,True,2776,170052,338227,9182,0.7615,1.1,2.8,0.5,22.3,0.5,7.1,0.2,3290718,489135,1767016,1054920,333024,19203,326950,11276,14001,13569,0,0,0.35,200.0,24.3,1552560,501290,1048445,1039,1786,171,2031,211,40193,42200,182470,"7027,4865,18740,56378,251402,834863,379285,0,0,0,0,0,0,0,0,0,0,0,0,0,0,0,0,0","28758,1593,11948,37065,28004,97726,147133,0,0,0,0,0,0,0,0,0,0,0,0,0,0,0,0,0"
grid15_M3_r-0.6_s42/A200.mvh,lexBU_fp_id_h0,1,True,2776,170052,338227,9182,0.7102,1.1,2.3,0.9,22.4,0.4,7.1,0.2,3290718,489135,1767016,869709,333024,19203,332074,6152,14001,13569,11708,25678,0.32,200.0,24.3,1552560,501290,1048445,1039,1786,171,2031,211,0,0,0,"7027,4865,18740,56378,251402,834863,379285,0,0,0,0,0,0,0,0,0,0,0,0,0,0,0,0,0","28758,1593,11948,37065,28004,97726,147133,0,0,0,0,0,0,0,0,0,0,0,0,0,0,0,0,0"
grid15_M3_r-0.6_s42/A200.mvh,lexBU_h0,1,True,2776,170052,338227,9182,0.7125,1.1,2.8,1.3,22.0,0.4,7.0,0.1,3290718,489135,1767016,1150778,333024,19203,326950,11276,14001,0,323469,91614,0.35,200.0,24.3,1552560,501290,1048445,1039,1786,171,2031,211,0,0,0,"7027,4865,18740,56378,251402,834863,379285,0,0,0,0,0,0,0,0,0,0,0,0,0,0,0,0,0","28758,1593,11948,37065,28004,97726,147133,0,0,0,0,0,0,0,0,0,0,0,0,0,0,0,0,0"
grid15_M3_r-0.6_s42/A200.mvh,lexTD_fp_id_r_h0,1,True,2776,170052,338227,9182,0.7927,1.1,2.8,0.9,22.1,0.4,7.0,0.3,3290718,489135,1767016,936433,333024,19203,332074,6152,14001,13569,11708,89789,0.32,200.0,24.3,1552560,501290,1048445,1039,1786,171,2031,211,40193,42200,41948,"7027,4865,18740,56378,251402,834863,379285,0,0,0,0,0,0,0,0,0,0,0,0,0,0,0,0,0","28758,1593,11948,37065,28004,97726,147133,0,0,0,0,0,0,0,0,0,0,0,0,0,0,0,0,0"
grid15_M3_r-0.6_s42/A200.mvh,lexTD_h0,1,True,2776,170052,338227,9182,0.7870,1.0,3.8,1.3,21.9,0.5,6.9,0.1,3290718,489135,1767016,1587409,333024,19203,326950,11276,14001,0,323469,436853,0.35,200.0,24.3,1552560,501290,1048445,1039,1786,171,2031,211,0,0,0,"7027,4865,18740,56378,251402,834863,379285,0,0,0,0,0,0,0,0,0,0,0,0,0,0,0,0,0","28758,1593,11948,37065,28004,97726,147133,0,0,0,0,0,0,0,0,0,0,0,0,0,0,0,0,0"
grid15_M3_r-0.6_s42/A200.mvh,roi_fp_id_h0,1,True,2776,170052,338227,9182,0.7946,1.0,4.4,1.2,21.8,0.4,6.9,1.4,3290718,489135,1767016,1165423,333024,19203,332074,6152,14001,13569,11708,157868,0.32,200.0,24.3,1552560,501290,1048445,1039,1786,171,2031,211,40193,42200,0,"7027,4865,18740,56378,251402,834863,379285,0,0,0,0,0,0,0,0,0,0,0,0,0,0,0,0,0","28758,1593,11948,37065,28004,97726,147133,0,0,0,0,0,0,0,0,0,0,0,0,0,0,0,0,0"
grid15_M3_r-0.6_s42/A200.mvh,roi_fp_id_h128,1,True,2776,170052,338227,9182,0.7738,1.0,4.3,1.2,21.7,0.4,6.9,1.3,3290718,489135,1767016,1165423,333024,19203,332074,6152,14001,13569,11708,157868,0.32,200.0,24.3,1552560,501290,1048445,1039,1786,171,2031,211,40193,42200,0,"7027,4865,18740,56378,251402,834863,379285,0,0,0,0,0,0,0,0,0,0,0,0,0,0,0,0,0","28758,1593,11948,37065,28004,97726,147133,0,0,0,0,0,0,0,0,0,0,0,0,0,0,0,0,0"
grid15_M3_r-0.6_s42/A200.mvh,roi_fp_id_h512,1,True,2776,170052,338227,9182,0.8257,1.0,2.9,0.5,22.3,0.5,7.1,0.2,3290718,489135,1767016,1054920,333024,19203,326950,11276,14001,13569,0,0,0.35,200.0,24.3,1552560,501290,1048445,1039,1786,171,2031,211,40193,42200,182470,"7027,4865,18740,56378,251402,834863,379285,0,0,0,0,0,0,0,0,0,0,0,0,0,0,0,0,0","28758,1593,11948,37065,28004,97726,147133,0,0,0,0,0,0,0,0,0,0,0,0,0,0,0,0,0"
grid15_M3_r-0.6_s42/A200.mvh,roi_h0,1,True,2776,170052,338227,9182,0.8588,0.9,7.2,1.7,21.0,0.4,6.7,1.2,3290718,489135,1767016,1835101,333024,19203,326950,11276,14001,0,323469,563879,0.35,200.0,24.3,1552560,501290,1048445,1039,1786,171,2031,211,0,0,0,"7027,4865,18740,56378,251402,834863,379285,0,0,0,0,0,0,0,0,0,0,0,0,0,0,0,0,0","28758,1593,11948,37065,28004,97726,147133,0,0,0,0,0,0,0,0,0,0,0,0,0,0,0,0,0"
grid15_M3_r-0.6_s42/A200.mvh,lin,2,True,2776,170052,338227,9182,0.7669,1.0,3.9,5.5,20.8,0.4,6.6,0.1,3290718,489135,1767016,6842955,333024,19203,326950,11276,14001,0,0,0,0.35,200.0,24.3,1552560,501290,1048445,1039,1786,171,2031,211,0,0,0,"7027,4865,18740,56378,251402,834863,379285,0,0,0,0,0,0,0,0,0,0,0,0,0,0,0,0,0","28758,1593,11948,37065,28004,97726,147133,0,0,0,0,0,0,0,0,0,0,0,0,0,0,0,0,0"
grid15_M3_r-0.6_s42/A200.mvh,lin_r,2,True,2776,170052,338227,9182,0.6691,1.1,2.5,1.0,22.2,0.5,7.0,0.2,3290718,489135,1767016,636580,333024,19203,326950,11276,14001,0,0,0,0.35,200.0,24.3,1552560,501290,1048445,1039,1786,171,2031,211,40193,42200,2816790,"7027,4865,18740,56378,251402,834863,379285,0,0,0,0,0,0,0,0,0,0,0,0,0,0,0,0,0","28758,1593,11948,37065,28004,97726,147133,0,0,0,0,0,0,0,0,0,0,0,0,0,0,0,0,0"
grid15_M3_r-0.6_s42/A200.mvh,lin_id,2,True,2776,170052,338227,9182,0.6821,1.1,2.8,0.9,22.2,0.5,7.1,0.1,3290718,489135,1767016,1520023,333024,19203,326950,11276,14001,13569,0,0,0.35,200.0,24.3,1552560,501290,1048445,1039,1786,171,2031,211,0,0,0,"7027,4865,18740,56378,251402,834863,379285,0,0,0,0,0,0,0,0,0,0,0,0,0,0,0,0,0","28758,1593,11948,37065,28004,97726,147133,0,0,0,0,0,0,0,0,0,0,0,0,0,0,0,0,0"
grid15_M3_r-0.6_s42/A200.mvh,lin_r_id,2,True,2776,170052,338227,9182,0.7105,1.0,2.8,0.5,22.1,0.4,7.0,0.2,3290718,489135,1767016,1054920,333024,19203,326950,11276,14001,13569,0,0,0.35,200.0,24.3,1552560,501290,1048445,1039,1786,171,2031,211,40193,42200,182470,"7027,4865,18740,56378,251402,834863,379285,0,0,0,0,0,0,0,0,0,0,0,0,0,0,0,0,0","28758,1593,11948,37065,28004,97726,147133,0,0,0,0,0,0,0,0,0,0,0,0,0,0,0,0,0"
grid15_M3_r-0.6_s42/A200.mvh,lexBU_fp_id_r_h0,2,True,2776,170052,338227,9182,0.7747,1.0,2.4,0.7,22.4,0.4,7.1,0.3,3290718,489135,1767016,720984,333024,19203,332074,6152,14001,13569,11708,25678,0.32,200.0,24.3,1552560,501290,1048445,1039,1786,171,2031,211,40193,42200,58694,"7027,4865,18740,56378,251402,834863,379285,0,0,0,0,0,0,0,0,0,0,0,0,0,0,0,0,0","28758,1593,11948,37065,28004,97726,147133,0,0,0,0,0,0,0,0,0,0,0,0,0,0,0,0,0"
grid15_M3_r-0.6_s42/A200.mvh,lexBU_fp_id_r_h32,2,True,2776,170052,338227,9182,0.7508,1.0,2.4,0.7,22.2,0.4,7.0,0.3,3290718,489135,1767016,720984,333024,19203,332074,6152,14001,13569,11708,25678,0.32,200.0,24.3,1552560,501290,1048445,1039,1786,171,2031,211,40193,42200,58694,"7027,4865,18740,56378,251402,834863,379285,0,0,0,0,0,0,0,0,0,0,0,0,0,0,0,0,0","28758,1593,11948,37065,28004,97726,147133,0,0,0,0,0,0,0,0,0,0,0,0,0,0,0,0,0"
grid15_M3_r-0.6_s42/A200.mvh,lexBU_fp_id_r_h128,2,True,2776,170052,338227,9182,0.7566,1.1,2.4,0.8,22.1,0.5,7.1,0.3,3290718,489135,1767016,720984,333024,19203,332074,6152,14001,13569,11708,25678,0.32,200.0,24.3,1552560,501290,1048445,1039,1786,171,2031,211,40193,42200,58694,"7027,4865,18740,56378,251402,834863,379285,0,0,0,0,0,0,0,0,0,0,0,0,0,0,0,0,0","28758,1593,11948,37065,28004,97726,147133,0,0,0,0,0,0,0,0,0,0,0,0,0,0,0,0,0"
grid15_M3_r-0.6_s42/A200.mvh,lexBU_fp_id_r_h512,2,True,2776,170052,338227,9182,0.7298,1.0,2.9,0.5,22.3,0.5,7.1,0.3,3290718,489135,1767016,1054920,333024,19203,326950,11276,14001,13569,0,0,0.35,200.0,24.3,1552560,501290,1048445,1039,1786,171,2031,211,40193,42200,182470,"7027,4865,18740,56378,251402,834863,379285,0,0,0,0,0,0,0,0,0,0,0,0,0,0,0,0,0","28758,1593,11948,37065,28004,97726,147133,0,0,0,0,0,0,0,0,0,0,0,0,0,0,0,0,0"
grid15_M3_r-0.6_s42/A200.mvh,lexBU_fp_id_h0,2,True,2776,170052,338227,9182,0.8646,1.0,2.4,1.0,22.2,0.5,7.0,0.1,3290718,489135,1767016,869709,333024,19203,332074,6152,14001,13569,11708,25678,0.32,200.0,24.3,1552560,501290,1048445,1039,1786,171,2031,211,0,0,0,"7027,4865,18740,56378,251402,834863,379285,0,0,0,0,0,0,0,0,0,0,0,0,0,0,0,0,0","28758,1593,11948,37065,28004,97726,147133,0,0,0,0,0,0,0,0,0,0,0,0,0,0,0,0,0"
grid15_M3_r-0.6_s42/A200.mvh,lexBU_h0,2,True,2776,170052,338227,9182,0.9942,1.0,2.9,1.3,22.1,0.4,7.0,0.1,3290718,489135,1767016,1150778,333024,19203,326950,11276,14001,0,323469,91614,0.35,200.0,24.3,1552560,501290,1048445,1039,1786,171,2031,211,0,0,0,"7027,4865,18740,56378,251402,834863,379285,0,0,0,0,0,0,0,0,0,0,0,0,0,0,0,0,0","28758,1593,11948,37065,28004,97726,147133,0,0,0,0,0,0,0,0,0,0,0,0,0,0,0,0,0"
grid15_M3_r-0.6_s42/A200.mvh,lexTD_fp_id_r_h0,2,True,2776,170052,338227,9182,0.9980,1.0,2.8,0.9,22.3,0.4,7.0,0.3,3290718,489135,1767016,936433,333024,19203,332074,6152,14001,13569,11708,89789,0.32,200.0,24.3,1552560,501290,1048445,1039,1786,171,2031,211,40193,42200,41948,"7027,4865,18740,56378,251402,834863,379285,0,0,0,0,0,0,0,0,0,0,0,0,0,0,0,0,0","28758,1593,11948,37065,28004,97726,147133,0,0,0,0,0,0,0,0,0,0,0,0,0,0,0,0,0"
grid15_M3_r-0.6_s42/A200.mvh,lexTD_h0,2,True,2776,170052,338227,9182,0.9598,1.0,4.1,1.2,21.9,0.4,6.9,0.1,3290718,489135,1767016,1587409,333024,19203,326950,11276,14001,0,323469,436853,0.35,200.0,24.3,1552560,501290,1048445,1039,1786,171,2031,211,0,0,0,"7027,4865,18740,56378,251402,834863,379285,0,0,0,0,0,0,0,0,0,0,0,0,0,0,0,0,0","28758,1593,11948,37065,28004,97726,147133,0,0,0,0,0,0,0,0,0,0,0,0,0,0,0,0,0"
grid15_M3_r-0.6_s42/A200.mvh,roi_fp_id_h0,2,True,2776,170052,338227,9182,0.7086,1.0,4.3,1.2,21.8,0.4,6.9,1.4,3290718,489135,1767016,1165423,333024,19203,332074,6152,14001,13569,11708,157868,0.32,200.0,24.3,1552560,501290,1048445,1039,1786,171,2031,211,40193,42200,0,"7027,4865,18740,56378,251402,834863,379285,0,0,0,0,0,0,0,0,0,0,0,0,0,0,0,0,0","28758,1593,11948,37065,28004,97726,147133,0,0,0,0,0,0,0,0,0,0,0,0,0,0,0,0,0"
grid15_M3_r-0.6_s42/A200.mvh,roi_fp_id_h128,2,True,2776,170052,338227,9182,0.8708,1.0,4.1,1.3,21.6,0.4,6.8,1.1,3290718,489135,1767016,1165423,333024,19203,332074,6152,14001,13569,11708,157868,0.32,200.0,24.3,1552560,501290,1048445,1039,1786,171,2031,211,40193,42200,0,"7027,4865,18740,56378,251402,834863,379285,0,0,0,0,0,0,0,0,0,0,0,0,0,0,0,0,0","28758,1593,11948,37065,28004,97726,147133,0,0,0,0,0,0,0,0,0,0,0,0,0,0,0,0,0"
grid15_M3_r-0.6_s42/A200.mvh,roi_fp_id_h512,2,True,2776,170052,338227,9182,0.7702,1.0,3.0,0.5,22.2,0.5,7.0,0.3,3290718,489135,1767016,1054920,333024,19203,326950,11276,14001,13569,0,0,0.35,200.0,24.3,1552560,501290,1048445,1039,1786,171,2031,211,40193,42200,182470,"7027,4865,18740,56378,251402,834863,379285,0,0,0,0,0,0,0,0,0,0,0,0,0,0,0,0,0","28758,1593,11948,37065,28004,97726,147133,0,0,0,0,0,0,0,0,0,0,0,0,0,0,0,0,0"
grid15_M3_r-0.6_s42/A200.mvh,roi_h0,2,True,2776,170052,338227,9182,0.9623,0.9,7.2,1.8,21.3,0.4,6.6,1.0,3290718,489135,1767016,1835101,333024,19203,326950,11276,14001,0,323469,563879,0.35,200.0,24.3,1552560,501290,1048445,1039,1786,171,2031,211,0,0,0,"7027,4865,18740,56378,251402,834863,379285,0,0,0,0,0,0,0,0,0,0,0,0,0,0,0,0,0","28758,1593,11948,37065,28004,97726,147133,0,0,0,0,0,0,0,0,0,0,0,0,0,0,0,0,0"
grid10_M4_r-0.6_s42/A10.mvh,lin,0,True,12667,185394,291139,6336,0.9106,2.3,3.3,1.5,27.9,0.9,13.2,0.0,8205784,1450538,2859265,2818229,296613,25942,279458,11680,31417,0,0,0,0.14,10.0,305.7,1498123,480363,1015956,160,1644,90,1502,89,0,0,0,"7778,1425,5476,8260,18452,48087,122058,260043,420877,485073,120594,0,0,0,0,0,0,0,0,0,0,0,0,0","19530,1119,3576,4138,6164,13308,18159,43690,42889,98833,71149,0,0,0,0,0,0,0,0,0,0,0,0,0"
grid10_M4_r-0.6_s42/A10.mvh,lin_r,0,True,12667,185394,291139,6336,0.8307,2.3,3.0,0.6,28.2,0.9,13.4,0.0,8205784,1450538,2859265,1156460,296613,25942,279458,11680,31417,0,0,0,0.14,10.0,305.7,1498123,480363,1015956,160,1644,90,1502,89,545,890,240858,"7778,1425,5476,8260,18452,48087,122058,260043,420877,485073,120594,0,0,0,0,0,0,0,0,0,0,0,0,0","19530,1119,3576,4138,6164,13308,18159,43690,42889,98833,71149,0,0,0,0,0,0,0,0,0,0,0,0,0"
grid10_M4_r-0.6_s42/A10.mvh,lin_id,0,True,12667,185394,291139,6336,0.8540,2.2,3.6,0.8,27.8,0.9,13.2,0.0,8205784,1450538,2859265,1779382,296613,25942,279458,11680,31417,31181,0,0,0.14,10.0,305.7,1498123,480363,1015956,160,1644,90,1502,89,0,0,0,"7778,1425,5476,8260,18452,48087,122058,260043,420877,485073,120594,0,0,0,0,0,0,0,0,0,0,0,0,0","19530,1119,3576,4138,6164,13308,18159,43690,42889,98833,71149,0,0,0,0,0,0,0,0,0,0,0,0,0"
grid10_M4_r-0.6_s42/A10.mvh,lin_r_id,0,True,12667,185394,291139,6336,0.9052,2.2,3.7,0.7,27.7,0.9,13.2,0.0,8205784,1450538,2859265,1634008,296613,25942,279458,11680,31417,31181,0,0,0.14,10.0,305.7,1498123,480363,1015956,160,1644,90,1502,89,545,890,22057,"7778,1425,5476,8260,18452,48087,122058,260043,420877,485073,120594,0,0,0,0,0,0,0,0,0,0,0,0,0","19530,1119,3576,4138,6164,13308,18159,43690,42889,98833,71149,0,0,0,0,0,0,0,0,0,0,0,0,0"
grid10_M4_r-0.6_s42/A10.mvh,lexBU_fp_id_r_h0,0,True,12667,185394,291139,6336,0.8892,2.3,3.0,0.9,28.0,0.9,13.3,0.0,8205784,1450538,2859265,1321181,296613,25942,283281,7857,31417,31216,11863,261,0.10,10.0,305.7,1498123,480363,1015956,160,1644,90,1502,89,545,890,20541,"7778,1425,5476,8260,18452,48087,122058,260043,420877,485073,120594,0,0,0,0,0,0,0,0,0,0,0,0,0","19530,1119,3576,4138,6164,13308,18159,43690,42889,98833,71149,0,0,0,0,0,0,0,0,0,0,0,0,0"
grid10_M4_r-0.6_s42/A10.mvh,lexBU_fp_id_r_h32,0,True,12667,185394,291139,6336,0.9011,2.2,3.7,0.7,27.9,0.9,13.2,0.0,8205784,1450538,2859265,1634008,296613,25942,279458,11680,31417,31181,0,0,0.14,10.0,305.7,1498123,480363,1015956,160,1644,90,1502,89,545,890,22057,"7778,1425,5476,8260,18452,48087,122058,260043,420877,485073,120594,0,0,0,0,0,0,0,0,0,0,0,0,0","19530,1119,3576,4138,6164,13308,18159,43690,42889,98833,71149,0,0,0,0,0,0,0,0,0,0,0,0,0"
grid10_M4_r-0.6_s42/A10.mvh,lexBU_fp_id_r_h128,0,True,12667,185394,291139,6336,0.8234,2.2,3.7,0.7,28.0,0.9,13.3,0.0,8205784,1450538,2859265,1634008,296613,25942,279458,11680,31417,31181,0,0,0.14,10.0,305.7,1498123,480363,1015956,160,1644,90,1502,89,545,890,22057,"7778,1425,5476,8260,18452,48087,122058,260043,420877,485073,120594,0,0,0,0,0,0,0,0,0,0,0,0,0","19530,1119,3576,4138,6164,13308,18159,43690,42889,98833,71149,0,0,0,0,0,0,0,0,0,0,0,0,0"
grid10_M4_r-0.6_s42/A10.mvh,lexBU_fp_id_r_h512,0,True,12667,185394,291139,6336,0.8405,2.2,3.7,0.7,27.9,0.9,13.3,0.0,8205784,1450538,2859265,1634008,296613,25942,279458,11680,31417,31181,0,0,0.14,10.0,305.7,1498123,480363,1015956,160,1644,90,1502,89,545,890,22057,"7778,1425,5476,8260,18452,48087,122058,260043,420877,485073,120594,0,0,0,0,0,0,0,0,0,0,0,0,0","19530,1119,3576,4138,6164,13308,18159,43690,42889,98833,71149,0,0,0,0,0,0,0,0,0,0,0,0,0"
grid10_M4_r-0.6_s42/A10.mvh,lexBU_fp_id_h0,0,True,12667,185394,291139,6336,0.8598,2.2,3.0,0.9,27.8,0.9,13.2,0.0,8205784,1450538,2859265,1455956,296613,25942,283281,7857,31417,31216,11863,261,0.10,10.0,305.7,1498123,480363,1015956,160,1644,90,1502,89,0,0,0,"7778,1425,5476,8260,18452,48087,122058,260043,420877,485073,120594,0,0,0,0,0,0,0,0,0,0,0,0,0","19530,1119,3576,4138,6164,13308,18159,43690,42889,98833,71149,0,0,0,0,0,0,0,0,0,0,0,0,0"
grid10_M4_r-0.6_s42/A10.mvh,lexBU_h0,0,True,12667,185394,291139,6336,0.8445,2.3,3.5,1.6,27.8,0.9,13.2,0.0,8205784,1450538,2859265,2613781,296613,25942,279458,11680,31417,0,303007,31480,0.14,10.0,305.7,1498123,480363,1015956,160,1644,90,1502,89,0,0,0,"7778,1425,5476,8260,18452,48087,122058,260043,420877,485073,120594,0,0,0,0,0,0,0,0,0,0,0,0,0","19530,1119,3576,4138,6164,13308,18159,43690,42889,98833,71149,0,0,0,0,0,0,0,0,0,0,0,0,0"
grid10_M4_r-0.6_s42/A10.mvh,lexTD_fp_id_r_h0,0,True,12667,185394,291139,6336,0.8323,2.3,3.2,1.0,28.0,0.9,13.3,0.0,8205784,1450538,2859265,1586981,296613,25942,283281,7857,31417,31216,11863,23987,0.10,10.0,305.7,1498123,480363,1015956,160,1644,90,1502,89,545,890,20536,"7778,1425,5476,8260,18452,48087,122058,260043,420877,485073,120594,0,0,0,0,0,0,0,0,0,0,0,0,0","19530,1119,3576,4138,6164,13308,18159,43690,42889,98833,71149,0,0,0,0,0,0,0,0,0,0,0,0,0"
grid10_M4_r-0.6_s42/A10.mvh,lexTD_h0,0,True,12667,185394,291139,6336,0.9432,2.2,4.4,0.9,27.4,0.9,13.0,0.0,8205784,1450538,2859265,2138844,296613,25942,279458,11680,31417,0,303007,320204,0.14,10.0,305.7,1498123,480363,1015956,160,1644,90,1502,89,0,0,0,"7778,1425,5476,8260,18452,48087,122058,260043,420877,485073,120594,0,0,0,0,0,0,0,0,0,0,0,0,0","19530,1119,3576,4138,6164,13308,18159,43690,42889,98833,71149,0,0,0,0,0,0,0,0,0,0,0,0,0"
grid10_M4_r-0.6_s42/A10.mvh,roi_fp_id_h0,0,True,12667,185394,291139,6336,0.9784,2.2,3.3,1.0,27.9,0.9,13.3,0.0,8205784,1450538,2859265,1662011,296613,25942,283281,7857,31417,31216,11863,35589,0.10,10.0,305.7,1498123,480363,1015956,160,1644,90,1502,89,545,890,0,"7778,1425,5476,8260,18452,48087,122058,260043,420877,485073,120594,0,0,0,0,0,0,0,0,0,0,0,0,0","19530,1119,3576,4138,6164,13308,18159,43690,42889,98833,71149,0,0,0,0,0,0,0,0,0,0,0,0,0"
grid10_M4_r-0.6_s42/A10.mvh,roi_fp_id_h128,0,True,12667,185394,291139,6336,1.2256,2.1,3.8,0.7,27.5,0.9,13.0,0.0,8205784,1450538,2859265,1634008,296613,25942,279458,11680,31417,31181,0,0,0.14,10.0,305.7,1498123,480363,1015956,160,1644,90,1502,89,545,890,22057,"7778,1425,5476,8260,18452,48087,122058,260043,420877,485073,120594,0,0,0,0,0,0,0,0,0,0,0,0,0","19530,1119,3576,4138,6164,13308,18159,43690,42889,98833,71149,0,0,0,0,0,0,0,0,0,0,0,0,0"
grid10_M4_r-0.6_s42/A10.mvh,roi_fp_id_h512,0,True,12667,185394,291139,6336,1.1057,2.2,3.8,0.7,27.8,0.9,13.2,0.0,8205784,1450538,2859265,1634008,296613,25942,279458,11680,31417,31181,0,0,0.14,10.0,305.7,1498123,480363,1015956,160,1644,90,1502,89,545,890,22057,"7778,1425,5476,8260,18452,48087,122058,260043,420877,485073,120594,0,0,0,0,0,0,0,0,0,0,0,0,0","19530,1119,3576,4138,6164,13308,18159,43690,42889,98833,71149,0,0,0,0,0,0,0,0,0,0,0,0,0"
grid10_M4_r-0.6_s42/A10.mvh,roi_h0,0,True,12667,185394,291139,6336,1.2544,2.2,4.8,1.0,27.6,0.8,13.1,0.0,8205784,1450538,2859265,2056217,296613,25942,279458,11680,31417,0,303007,336747,0.14,10.0,305.7,1498123,480363,1015956,160,1644,90,1502,89,0,0,0,"7778,1425,5476,8260,18452,48087,122058,260043,420877,485073,120594,0,0,0,0,0,0,0,0,0,0,0,0,0","19530,1119,3576,4138,6164,13308,18159,43690,42889,98833,71149,0,0,0,0,0,0,0,0,0,0,0,0,0"
grid10_M4_r-0.6_s42/A10.mvh,lin,1,True,12667,185394,291139,6336,1.0785,2.3,3.3,1.5,27.9,0.9,13.4,0.0,8205784,1450538,2859265,2818229,296613,25942,279458,11680,31417,0,0,0,0.14,10.0,305.7,1498123,480363,1015956,160,1644,90,1502,89,0,0,0,"7778,1425,5476,8260,18452,48087,122058,260043,420877,485073,120594,0,0,0,0,0,0,0,0,0,0,0,0,0","19530,1119,3576,4138,6164,13308,18159,43690,42889,98833,71149,0,0,0,0,0,0,0,0,0,0,0,0,0"
grid10_M4_r-0.6_s42/A10.mvh,lin_r,1,True,12667,185394,291139,6336,0.9620,2.3,3.0,0.6,28.3,0.9,13.4,0.0,8205784,1450538,2859265,1156460,296613,25942,279458,11680,31417,0,0,0,0.14,10.0,305.7,1498123,480363,1015956,160,1644,90,1502,89,545,890,240858,"7778,1425,5476,8260,18452,48087,122058,260043,420877,485073,120594,0,0,0,0,0,0,0,0,0,0,0,0,0","19530,1119,3576,4138,6164,13308,18159,43690,42889,98833,71149,0,0,0,0,0,0,0,0,0,0,0,0,0"
grid10_M4_r-0.6_s42/A10.mvh,lin_id,1,True,12667,185394,291139,6336,0.9070,2.2,3.7,0.8,27.6,0.9,13.2,0.0,8205784,1450538,2859265,1779382,296613,25942,279458,11680,31417,31181,0,0,0.14,10.0,305.7,1498123,480363,1015956,160,1644,90,1502,89,0,0,0,"7778,1425,5476,8260,18452,48087,122058,260043,420877,485073,120594,0,0,0,0,0,0,0,0,0,0,0,0,0","19530,1119,3576,4138,6164,13308,18159,43690,42889,98833,71149,0,0,0,0,0,0,0,0,0,0,0,0,0"
grid10_M4_r-0.6_s42/A10.mvh,lin_r_id,1,True,12667,185394,291139,6336,0.8837,2.2,3.7,0.7,27.9,0.9,13.2,0.0,8205784,1450538,2859265,1634008,296613,25942,279458,11680,31417,31181,0,0,0.14,10.0,305.7,1498123,480363,1015956,160,1644,90,1502,89,545,890,22057,"7778,1425,5476,8260,18452,48087,122058,260043,420877,485073,120594,0,0,0,0,0,0,0,0,0,0,0,0,0","19530,1119,3576,4138,6164,13308,18159,43690,42889,98833,71149,0,0,0,0,0,0,0,0,0,0,0,0,0"
grid10_M4_r-0.6_s42/A10.mvh,lexBU_fp_id_r_h0,1,True,12667,185394,291139,6336,0.8664,2.3,3.0,0.9,28.0,0.9,13.3,0.0,8205784,1450538,2859265,1321181,296613,25942,283281,7857,31417,31216,11863,261,0.10,10.0,305.7,1498123,480363,1015956,160,1644,90,1502,89,545,890,20541,"7778,1425,5476,8260,18452,48087,122058,260043,420877,485073,120594,0,0,0,0,0,0,0,0,0,0,0,0,0","19530,1119,3576,4138,6164,13308,18159,43690,42889,98833,71149,0,0,0,0,0,0,0,0,0,0,0,0,0"
grid10_M4_r-0.6_s42/A10.mvh,lexBU_fp_id_r_h32,1,True,12667,185394,291139,6336,0.9054,2.2,3.7,0.7,27.6,0.9,13.1,0.0,8205784,1450538,2859265,1634008,296613,25942,279458,11680,31417,31181,0,0,0.14,10.0,305.7,1498123,480363,1015956,160,1644,90,1502,89,545,890,22057,"7778,1425,5476,8260,18452,48087,122058,260043,420877,485073,120594,0,0,0,0,0,0,0,0,0,0,0,0,0","19530,1119,3576,4138,6164,13308,18159,43690,42889,98833,71149,0,0,0,0,0,0,0,0,0,0,0,0,0"
grid10_M4_r-0.6_s42/A10.mvh,lexBU_fp_id_r_h128,1,True,12667,185394,291139,6336,0.8765,2.2,3.7,0.7,28.0,0.9,13.2,0.0,8205784,1450538,2859265,1634008,296613,25942,279458,11680,31417,31181,0,0,0.14,10.0,305.7,1498123,480363,1015956,160,1644,90,1502,89,545,890,22057,"7778,1425,5476,8260,18452,48087,122058,260043,420877,485073,120594,0,0,0,0,0,0,0,0,0,0,0,0,0","19530,1119,3576,4138,6164,13308,18159,43690,42889,98833,71149,0,0,0,0,0,0,0,0,0,0,0,0,0"
grid10_M4_r-0.6_s42/A10.mvh,lexBU_fp_id_r_h512,1,True,12667,185394,291139,6336,0.8403,2.2,3.7,0.7,27.9,0.9,13.3,0.0,8205784,1450538,2859265,1634008,296613,25942,279458,11680,31417,31181,0,0,0.14,10.0,305.7,1498123,480363,1015956,160,1644,90,1502,89,545,890,22057,"7778,1425,5476,8260,18452,48087,122058,260043,420877,485073,120594,0,0,0,0,0,0,0,0,0,0,0,0,0","19530,1119,3576,4138,6164,13308,18159,43690,42889,98833,71149,0,0,0,0,0,0,0,0,0,0,0,0,0"
grid10_M4_r-0.6_s42/A10.mvh,lexBU_fp_id_h0,1,True,12667,185394,291139,6336,0.8517,2.3,3.0,0.9,28.1,0.9,13.3,0.0,8205784,1450538,2859265,1455956,296613,25942,283281,7857,31417,31216,11863,261,0.10,10.0,305.7,1498123,480363,1015956,160,1644,90,1502,89,0,0,0,"7778,1425,5476,8260,18452,48087,122058,260043,420877,485073,120594,0,0,0,0,0,0,0,0,0,0,0,0,0","19530,1119,3576,4138,6164,13308,18159,43690,42889,98833,71149,0,0,0,0,0,0,0,0,0,0,0,0,0"
grid10_M4_r-0.6_s42/A10.mvh,lexBU_h0,1,True,12667,185394,291139,6336,1.0137,2.2,3.5,1.5,27.6,0.9,13.0,0.0,8205784,1450538,2859265,2613781,296613,25942,279458,11680,31417,0,303007,31480,0.14,10.0,305.7,1498123,480363,1015956,160,1644,90,1502,89,0,0,0,"7778,1425,5476,8260,18452,48087,122058,260043,420877,485073,120594,0,0,0,0,0,0,0,0,0,0,0,0,0","19530,1119,3576,4138,6164,13308,18159,43690,42889,98833,71149,0,0,0,0,0,0,0,0,0,0,0,0,0"
grid10_M4_r-0.6_s42/A10.mvh,lexTD_fp_id_r_h0,1,True,12667,185394,291139,6336,1.1205,2.2,3.2,1.0,27.9,0.9,13.2,0.0,8205784,1450538,2859265,1586981,296613,25942,283281,7857,31417,31216,11863,23987,0.10,10.0,305.7,1498123,480363,1015956,160,1644,90,1502,89,545,890,20536,"7778,1425,5476,8260,18452,48087,122058,260043,420877,485073,120594,0,0,0,0,0,0,0,0,0,0,0,0,0","19530,1119,3576,4138,6164,13308,18159,43690,42889,98833,71149,0,0,0,0,0,0,0,0,0,0,0,0,0"
grid10_M4_r-0.6_s42/A10.mvh,lexTD_h0,1,True,12667,185394,291139,6336,0.9538,2.2,4.5,0.9,27.4,0.9,13.0,0.0,8205784,1450538,2859265,2138844,296613,25942,279458,11680,31417,0,303007,320204,0.14,10.0,305.7,1498123,480363,1015956,160,1644,90,1502,89,0,0,0,"7778,1425,5476,8260,18452,48087,122058,260043,420877,485073,120594,0,0,0,0,0,0,0,0,0,0,0,0,0","19530,1119,3576,4138,6164,13308,18159,43690,42889,98833,71149,0,0,0,0,0,0,0,0,0,0,0,0,0"
grid10_M4_r-0.6_s42/A10.mvh,roi_fp_id_h0,1,True,12667,185394,291139,6336,0.8960,2.2,3.2,1.0,27.8,0.9,13.3,0.0,8205784,1450538,2859265,1662011,296613,25942,283281,7857,31417,31216,11863,35589,0.10,10.0,305.7,1498123,480363,1015956,160,1644,90,1502,89,545,890,0,"7778,1425,5476,8260,18452,48087,122058,260043,420877,485073,120594,0,0,0,0,0,0,0,0,0,0,0,0,0","19530,1119,3576,4138,6164,13308,18159,43690,42889,98833,71149,0,0,0,0,0,0,0,0,0,0,0,0,0"
grid10_M4_r-0.6_s42/A10.mvh,roi_fp_id_h128,1,True,12667,185394,291139,6336,0.8977,2.2,3.7,0.7,27.6,0.9,13.1,0.0,8205784,1450538,2859265,1634008,296613,25942,279458,11680,31417,31181,0,0,0.14,10.0,305.7,1498123,480363,1015956,160,1644,90,1502,89,545,890,22057,"7778,1425,5476,8260,18452,48087,122058,260043,420877,485073,120594,0,0,0,0,0,0,0,0,0,0,0,0,0","19530,1119,3576,4138,6164,13308,18159,43690,42889,98833,71149,0,0,0,0,0,0,0,0,0,0,0,0,0"
grid10_M4_r-0.6_s42/A10.mvh,roi_fp_id_h512,1,True,12667,185394,291139,6336,0.8855,2.2,3.7,0.7,27.7,0.9,13.1,0.0,8205784,1450538,2859265,1634008,296613,25942,279458,11680,31417,31181,0,0,0.14,10.0,305.7,1498123,480363,1015956,160,1644,90,1502,89,545,890,22057,"7778,1425,5476,8260,18452,48087,122058,260043,420877,485073,120594,0,0,0,0,0,0,0,0,0,0,0,0,0","19530,1119,3576,4138,6164,13308,18159,43690,42889,98833,71149,0,0,0,0,0,0,0,0,0,0,0,0,0"
grid10_M4_r-0.6_s42/A10.mvh,roi_h0,1,True,12667,185394,291139,6336,0.9205,2.1,4.5,1.0,27.3,1.0,13.0,0.0,8205784,1450538,2859265,2056217,296613,25942,279458,11680,31417,0,303007,336747,0.14,10.0,305.7,1498123,480363,1015956,160,1644,90,1502,89,0,0,0,"7778,1425,5476,8260,18452,48087,122058,260043,420877,485073,120594,0,0,0,0,0,0,0,0,0,0,0,0,0","19530,1119,3576,4138,6164,13308,18159,43690,42889,98833,71149,0,0,0,0,0,0,0,0,0,0,0,0,0"
grid10_M4_r-0.6_s42/A10.mvh,lin,2,True,12667,185394,291139,6336,1.2109,2.2,3.2,1.4,27.4,0.9,13.0,0.0,8205784,1450538,2859265,2818229,296613,25942,279458,11680,31417,0,0,0,0.14,10.0,305.7,1498123,480363,1015956,160,1644,90,1502,89,0,0,0,"7778,1425,5476,8260,18452,48087,122058,260043,420877,485073,120594,0,0,0,0,0,0,0,0,0,0,0,0,0","19530,1119,3576,4138,6164,13308,18159,43690,42889,98833,71149,0,0,0,0,0,0,0,0,0,0,0,0,0"
grid10_M4_r-0.6_s42/A10.mvh,lin_r,2,True,12667,185394,291139,6336,1.0895,2.3,3.0,0.6,28.1,0.9,13.3,0.0,8205784,1450538,2859265,1156460,296613,25942,279458,11680,31417,0,0,0,0.14,10.0,305.7,1498123,480363,1015956,160,1644,90,1502,89,545,890,240858,"7778,1425,5476,8260,18452,48087,122058,260043,420877,485073,120594,0,0,0,0,0,0,0,0,0,0,0,0,0","19530,1119,3576,4138,6164,13308,18159,43690,42889,98833,71149,0,0,0,0,0,0,0,0,0,0,0,0,0"
grid10_M4_r-0.6_s42/A10.mvh,lin_id,2,True,12667,185394,291139,6336,1.1071,2.2,3.8,0.7,27.7,0.8,13.1,0.0,8205784,1450538,2859265,1779382,296613,25942,279458,11680,31417,31181,0,0,0.14,10.0,305.7,1498123,480363,1015956,160,1644,90,1502,89,0,0,0,"7778,1425,5476,8260,18452,48087,122058,260043,420877,485073,120594,0,0,0,0,0,0,0,0,0,0,0,0,0","19530,1119,3576,4138,6164,13308,18159,43690,42889,98833,71149,0,0,0,0,0,0,0,0,0,0,0,0,0"
grid10_M4_r-0.6_s42/A10.mvh,lin_r_id,2,True,12667,185394,291139,6336,0.9218,2.3,3.7,0.7,28.1,0.9,13.4,0.0,8205784,1450538,2859265,1634008,296613,25942,279458,11680,31417,31181,0,0,0.14,10.0,305.7,1498123,480363,1015956,160,1644,90,1502,89,545,890,22057,"7778,1425,5476,8260,18452,48087,122058,260043,420877,485073,120594,0,0,0,0,0,0,0,0,0,0,0,0,0","19530,1119,3576,4138,6164,13308,18159,43690,42889,98833,71149,0,0,0,0,0,0,0,0,0,0,0,0,0"
grid10_M4_r-0.6_s42/A10.mvh,lexBU_fp_id_r_h0,2,True,12667,185394,291139,6336,0.9191,2.3,3.0,0.9,28.1,0.9,13.4,0.0,8205784,1450538,2859265,1321181,296613,25942,283281,7857,31417,31216,11863,261,0.10,10.0,305.7,1498123,480363,1015956,160,1644,90,1502,89,545,890,20541,"7778,1425,5476,8260,18452,48087,122058,260043,420877,485073,120594,0,0,0,0,0,0,0,0,0,0,0,0,0","19530,1119,3576,4138,6164,13308,18159,43690,42889,98833,71149,0,0,0,0,0,0,0,0,0,0,0,0,0"
grid10_M4_r-0.6_s42/A10.mvh,lexBU_fp_id_r_h32,2,True,12667,185394,291139,6336,0.9360,2.2,3.7,0.7,27.7,0.9,13.1,0.0,8205784,1450538,2859265,1634008,296613,25942,279458,11680,31417,31181,0,0,0.14,10.0,305.7,1498123,480363,1015956,160,1644,90,1502,89,545,890,22057,"7778,1425,5476,8260,18452,48087,122058,260043,420877,485073,120594,0,0,0,0,0,0,0,0,0,0,0,0,0","19530,1119,3576,4138,6164,13308,18159,43690,42889,98833,71149,0,0,0,0,0,0,0,0,0,0,0,0,0"
grid10_M4_r-0.6_s42/A10.mvh,lexBU_fp_id_r_h128,2,True,12667,185394,291139,6336,1.0064,2.2,3.8,0.7,27.9,1.0,13.3,0.0,8205784,1450538,2859265,1634008,296613,25942,279458,11680,31417,31181,0,0,0.14,10.0,305.7,1498123,480363,1015956,160,1644,90,1502,89,545,890,22057,"7778,1425,5476,8260,18452,48087,122058,260043,420877,485073,120594,0,0,0,0,0,0,0,0,0,0,0,0,0","19530,1119,3576,4138,6164,13308,18159,43690,42889,98833,71149,0,0,0,0,0,0,0,0,0,0,0,0,0"
grid10_M4_r-0.6_s42/A10.mvh,lexBU_fp_id_r_h512,2,True,12667,185394,291139,6336,1.0369,2.2,3.8,0.7,27.9,0.8,13.2,0.0,8205784,1450538,2859265,1634008,296613,25942,279458,11680,31417,31181,0,0,0.14,10.0,305.7,1498123,480363,1015956,160,1644,90,1502,89,545,890,22057,"7778,1425,5476,8260,18452,48087,122058,260043,420877,485073,120594,0,0,0,0,0,0,0,0,0,0,0,0,0","19530,1119,3576,4138,6164,13308,18159,43690,42889,98833,71149,0,0,0,0,0,0,0,0,0,0,0,0,0"
grid10_M4_r-0.6_s42/A10.mvh,lexBU_fp_id_h0,2,True,12667,185394,291139,6336,0.9740,2.3,3.0,0.9,27.9,0.9,13.3,0.0,8205784,1450538,2859265,1455956,296613,25942,283281,7857,31417,31216,11863,261,0.10,10.0,305.7,1498123,480363,1015956,160,1644,90,1502,89,0,0,0,"7778,1425,5476,8260,18452,48087,122058,260043,420877,485073,120594,0,0,0,0,0,0,0,0,0,0,0,0,0","19530,1119,3576,4138,6164,13308,18159,43690,42889,98833,71149,0,0,0,0,0,0,0,0,0,0,0,0,0"
grid10_M4_r-0.6_s42/A10.mvh,lexBU_h0,2,True,12667,185394,291139,6336,1.0052,2.3,3.5,1.5,27.7,0.9,13.3,0.0,8205784,1450538,2859265,2613781,296613,25942,279458,11680,31417,0,303007,31480,0.14,10.0,305.7,1498123,480363,1015956,160,1644,90,1502,89,0,0,0,"7778,1425,5476,8260,18452,48087,122058,260043,420877,485073,120594,0,0,0,0,0,0,0,0,0,0,0,0,0","19530,1119,3576,4138,6164,13308,18159,43690,42889,98833,71149,0,0,0,0,0,0,0,0,0,0,0,0,0"
grid10_M4_r-0.6_s42/A10.mvh,lexTD_fp_id_r_h0,2,True,12667,185394,291139,6336,1.3360,2.2,2.9,0.9,27.3,1.1,13.9,0.0,8205784,1450538,2859265,1586981,296613,25942,283281,7857,31417,31216,11863,23987,0.10,10.0,305.7,1498123,480363,1015956,160,1644,90,1502,89,545,890,20536,"7778,1425,5476,8260,18452,48087,122058,260043,420877,485073,120594,0,0,0,0,0,0,0,0,0,0,0,0,0","19530,1119,3576,4138,6164,13308,18159,43690,42889,98833,71149,0,0,0,0,0,0,0,0,0,0,0,0,0"
grid10_M4_r-0.6_s42/A10.mvh,lexTD_h0,2,True,12667,185394,291139,6336,1.5418,1.8,5.0,1.9,24.7,0.7,11.8,0.0,8205784,1450538,2859265,2138844,296613,25942,279458,11680,31417,0,303007,320204,0.14,10.0,305.7,1498123,480363,1015956,160,1644,90,1502,89,0,0,0,"7778,1425,5476,8260,18452,48087,122058,260043,420877,485073,120594,0,0,0,0,0,0,0,0,0,0,0,0,0","19530,1119,3576,4138,6164,13308,18159,43690,42889,98833,71149,0,0,0,0,0,0,0,0,0,0,0,0,0"
grid10_M4_r-0.6_s42/A10.mvh,roi_fp_id_h0,2,True,12667,185394,291139,6336,0.9166,2.3,3.3,1.0,27.9,0.9,13.3,0.0,8205784,1450538,2859265,1662011,296613,25942,283281,7857,31417,31216,11863,35589,0.10,10.0,305.7,1498123,480363,1015956,160,1644,90,1502,89,545,890,0,"7778,1425,5476,8260,18452,48087,122058,260043,420877,485073,120594,0,0,0,0,0,0,0,0,0,0,0,0,0","19530,1119,3576,4138,6164,13308,18159,43690,42889,98833,71149,0,0,0,0,0,0,0,0,0,0,0,0,0"
grid10_M4_r-0.6_s42/A10.mvh,roi_fp_id_h128,2,True,12667,185394,291139,6336,0.8701,2.2,3.7,0.7,27.8,0.9,13.2,0.0,8205784,1450538,2859265,1634008,296613,25942,279458,11680,31417,31181,0,0,0.14,10.0,305.7,1498123,480363,1015956,160,1644,90,1502,89,545,890,22057,"7778,1425,5476,8260,18452,48087,122058,260043,420877,485073,120594,0,0,0,0,0,0,0,0,0,0,0,0,0","19530,1119,3576,4138,6164,13308,18159,43690,42889,98833,71149,0,0,0,0,0,0,0,0,0,0,0,0,0"
grid10_M4_r-0.6_s42/A10.mvh,roi_fp_id_h512,2,True,12667,185394,291139,6336,0.8475,2.2,3.7,0.7,27.8,0.9,13.2,0.0,8205784,1450538,2859265,1634008,296613,25942,279458,11680,31417,31181,0,0,0.14,10.0,305.7,1498123,480363,1015956,160,1644,90,1502,89,545,890,22057,"7778,1425,5476,8260,18452,48087,122058,260043,420877,485073,120594,0,0,0,0,0,0,0,0,0,0,0,0,0","19530,1119,3576,4138,6164,13308,18159,43690,42889,98833,71149,0,0,0,0,0,0,0,0,0,0,0,0,0"
grid10_M4_r-0.6_s42/A10.mvh,roi_h0,2,True,12667,185394,291139,6336,0.8958,2.2,4.5,1.0,27.5,0.9,13.1,0.0,8205784,1450538,2859265,2056217,296613,25942,279458,11680,31417,0,303007,336747,0.14,10.0,305.7,1498123,480363,1015956,160,1644,90,1502,89,0,0,0,"7778,1425,5476,8260,18452,48087,122058,260043,420877,485073,120594,0,0,0,0,0,0,0,0,0,0,0,0,0","19530,1119,3576,4138,6164,13308,18159,43690,42889,98833,71149,0,0,0,0,0,0,0,0,0,0,0,0,0"
grid10_M4_r-0.6_s42/A100.mvh,lin,0,True,12667,187230,297169,8963,1.0618,2.0,5.8,8.3,24.8,1.0,11.7,0.0,8340684,1466113,3750115,19597996,297603,28581,279462,17706,29016,0,0,0,0.59,100.0,305.5,1513340,482739,1028285,222,2094,90,1515,89,0,0,0,"7654,1552,5635,8327,18299,47805,123508,262136,420595,493223,124606,0,0,0,0,0,0,0,0,0,0,0,0,0","19530,1119,3576,4161,6316,13533,18572,44380,43408,99618,71971,0,0,0,0,0,0,0,0,0,0,0,0,0"
grid10_M4_r-0.6_s42/A100.mvh,lin_r,0,True,12667,187230,297169,8963,0.9040,2.3,3.4,1.3,28.0,1.2,13.1,0.1,8340684,1466113,3750115,1707490,297603,28581,279462,17706,29016,0,0,0,0.59,100.0,305.5,1513340,482739,1028285,222,2094,90,1515,89,7808,8900,2799251,"7654,1552,5635,8327,18299,47805,123508,262136,420595,493223,124606,0,0,0,0,0,0,0,0,0,0,0,0,0","19530,1119,3576,4161,6316,13533,18572,44380,43408,99618,71971,0,0,0,0,0,0,0,0,0,0,0,0,0"
grid10_M4_r-0.6_s42/A100.mvh,lin_id,0,True,12667,187230,297169,8963,1.1265,2.2,4.3,1.7,27.2,1.1,12.8,0.0,8340684,1466113,3750115,3841829,297603,28581,279462,17706,29016,27424,0,0,0.59,100.0,305.5,1513340,482739,1028285,222,2094,90,1515,89,0,0,0,"7654,1552,5635,8327,18299,47805,123508,262136,420595,493223,124606,0,0,0,0,0,0,0,0,0,0,0,0,0","19530,1119,3576,4161,6316,13533,18572,44380,43408,99618,71971,0,0,0,0,0,0,0,0,0,0,0,0,0"
grid10_M4_r-0.6_s42/A100.mvh,lin_r_id,0,True,12667,187230,297169,8963,1.1646,2.2,4.0,0.9,27.5,1.1,12.9,0.1,8340684,1466113,3750115,1856272,297603,28581,279462,17706,29016,27424,0,0,0.59,100.0,305.5,1513340,482739,1028285,222,2094,90,1515,89,7808,8900,278398,"7654,1552,5635,8327,18299,47805,123508,262136,420595,493223,124606,0,0,0,0,0,0,0,0,0,0,0,0,0","19530,1119,3576,4161,6316,13533,18572,44380,43408,99618,71971,0,0,0,0,0,0,0,0,0,0,0,0,0"
grid10_M4_r-0.6_s42/A100.mvh,lexBU_fp_id_r_h0,0,True,12667,187230,297169,8963,1.2257,2.3,3.4,1.3,27.6,1.1,13.0,0.1,8340684,1466113,3750115,1822592,297603,28581,283285,13883,29016,27434,19288,30492,0.53,100.0,305.5,1513340,482739,1028285,222,2094,90,1515,89,7808,8900,93585,"7654,1552,5635,8327,18299,47805,123508,262136,420595,493223,124606,0,0,0,0,0,0,0,0,0,0,0,0,0","19530,1119,3576,4161,6316,13533,18572,44380,43408,99618,71971,0,0,0,0,0,0,0,0,0,0,0,0,0"
grid10_M4_r-0.6_s42/A100.mvh,lexBU_fp_id_r_h32,0,True,12667,187230,297169,8963,0.9985,2.2,3.4,1.3,27.8,1.1,13.1,0.1,8340684,1466113,3750115,1822592,297603,28581,283285,13883,29016,27434,19288,30492,0.53,100.0,305.5,1513340,482739,1028285,222,2094,90,1515,89,7808,8900,93585,"7654,1552,5635,8327,18299,47805,123508,262136,420595,493223,124606,0,0,0,0,0,0,0,0,0,0,0,0,0","19530,1119,3576,4161,6316,13533,18572,44380,43408,99618,71971,0,0,0,0,0,0,0,0,0,0,0,0,0"
grid10_M4_r-0.6_s42/A100.mvh,lexBU_fp_id_r_h128,0,True,12667,187230,297169,8963,1.0395,2.2,4.0,0.9,27.5,1.1,13.0,0.1,8340684,1466113,3750115,1856272,297603,28581,279462,17706,29016,27424,0,0,0.59,100.0,305.5,1513340,482739,1028285,222,2094,90,1515,89,7808,8900,278398,"7654,1552,5635,8327,18299,47805,123508,262136,420595,493223,124606,0,0,0,0,0,0,0,0,0,0,0,0,0","19530,1119,3576,4161,6316,13533,18572,44380,43408,99618,71971,0,0,0,0,0,0,0,0,0,0,0,0,0"
grid10_M4_r-0.6_s42/A100.mvh,lexBU_fp_id_r_h512,0,True,12667,187230,297169,8963,0.9016,2.2,4.0,1.0,27.7,1.1,13.1,0.1,8340684,1466113,3750115,1856272,297603,28581,279462,17706,29016,27424,0,0,0.59,100.0,305.5,1513340,482739,1028285,222,2094,90,1515,89,7808,8900,278398,"7654,1552,5635,8327,18299,47805,123508,262136,420595,493223,124606,0,0,0,0,0,0,0,0,0,0,0,0,0","19530,1119,3576,4161,6316,13533,18572,44380,43408,99618,71971,0,0,0,0,0,0,0,0,0,0,0,0,0"
grid10_M4_r-0.6_s42/A100.mvh,lexBU_fp_id_h0,0,True,12667,187230,297169,8963,0.8705,2.3,3.5,1.7,27.6,1.1,13.0,0.0,8340684,1466113,3750115,2496288,297603,28581,283285,13883,29016,27434,19288,30492,0.53,100.0,305.5,1513340,482739,1028285,222,2094,90,1515,89,0,0,0,"7654,1552,5635,8327,18299,47805,123508,262136,420595,493223,124606,0,0,0,0,0,0,0,0,0,0,0,0,0","19530,1119,3576,4161,6316,13533,18572,44380,43408,99618,71971,0,0,0,0,0,0,0,0,0,0,0,0,0"
grid10_M4_r-0.6_s42/A100.mvh,lexBU_h0,0,True,12667,187230,297169,8963,0.9158,2.2,4.0,2.6,27.0,1.1,12.8,0.0,8340684,1466113,3750115,3915349,297603,28581,279462,17706,29016,0,306654,136964,0.59,100.0,305.5,1513340,482739,1028285,222,2094,90,1515,89,0,0,0,"7654,1552,5635,8327,18299,47805,123508,262136,420595,493223,124606,0,0,0,0,0,0,0,0,0,0,0,0,0","19530,1119,3576,4161,6316,13533,18572,44380,43408,99618,71971,0,0,0,0,0,0,0,0,0,0,0,0,0"
grid10_M4_r-0.6_s42/A100.mvh,lexTD_fp_id_r_h0,0,True,12667,187230,297169,8963,0.9416,2.2,4.0,1.7,27.3,1.1,12.9,0.1,8340684,1466113,3750115,2723429,297603,28581,283285,13883,29016,27434,19288,118039,0.53,100.0,305.5,1513340,482739,1028285,222,2094,90,1515,89,7808,8900,59490,"7654,1552,5635,8327,18299,47805,123508,262136,420595,493223,124606,0,0,0,0,0,0,0,0,0,0,0,0,0","19530,1119,3576,4161,6316,13533,18572,44380,43408,99618,71971,0,0,0,0,0,0,0,0,0,0,0,0,0"
grid10_M4_r-0.6_s42/A100.mvh,lexTD_h0,0,True,12667,187230,297169,8963,0.9585,2.2,5.3,1.9,27.1,1.1,12.7,0.0,8340684,1466113,3750115,3742174,297603,28581,279462,17706,29016,0,306654,432696,0.59,100.0,305.5,1513340,482739,1028285,222,2094,90,1515,89,0,0,0,"7654,1552,5635,8327,18299,47805,123508,262136,420595,493223,124606,0,0,0,0,0,0,0,0,0,0,0,0,0","19530,1119,3576,4161,6316,13533,18572,44380,43408,99618,71971,0,0,0,0,0,0,0,0,0,0,0,0,0"
grid10_M4_r-0.6_s42/A100.mvh,roi_fp_id_h0,0,True,12667,187230,297169,8963,0.9564,2.2,4.7,2.1,27.0,1.1,12.7,0.2,8340684,1466113,3750115,3466624,297603,28581,283285,13883,29016,27434,19288,208006,0.53,100.0,305.5,1513340,482739,1028285,222,2094,90,1515,89,7808,8900,0,"7654,1552,5635,8327,18299,47805,123508,262136,420595,493223,124606,0,0,0,0,0,0,0,0,0,0,0,0,0","19530,1119,3576,4161,6316,13533,18572,44380,43408,99618,71971,0,0,0,0,0,0,0,0,0,0,0,0,0"
grid10_M4_r-0.6_s42/A100.mvh,roi_fp_id_h128,0,True,12667,187230,297169,8963,0.9094,2.2,4.0,1.0,27.5,1.1,13.0,0.1,8340684,1466113,3750115,1856272,297603,28581,279462,17706,29016,27424,0,0,0.59,100.0,305.5,1513340,482739,1028285,222,2094,90,1515,89,7808,8900,278398,"7654,1552,5635,8327,18299,47805,123508,262136,420595,493223,124606,0,0,0,0,0,0,0,0,0,0,0,0,0","19530,1119,3576,4161,6316,13533,18572,44380,43408,99618,71971,0,0,0,0,0,0,0,0,0,0,0,0,0"
grid10_M4_r-0.6_s42/A100.mvh,roi_fp_id_h512,0,True,12667,187230,297169,8963,0.8744,2.3,3.9,1.0,27.6,1.1,13.0,0.1,8340684,1466113,3750115,1856272,297603,28581,279462,17706,29016,27424,0,0,0.59,100.0,305.5,1513340,482739,1028285,222,2094,90,1515,89,7808,8900,278398,"7654,1552,5635,8327,18299,47805,123508,262136,420595,493223,124606,0,0,0,0,0,0,0,0,0,0,0,0,0","19530,1119,3576,4161,6316,13533,18572,44380,43408,99618,71971,0,0,0,0,0,0,0,0,0,0,0,0,0"
grid10_M4_r-0.6_s42/A100.mvh,roi_h0,0,True,12667,187230,297169,8963,0.9612,2.1,6.3,2.2,26.5,1.1,12.5,0.2,8340684,1466113,3750115,4122370,297603,28581,279462,17706,29016,0,306654,548226,0.59,100.0,305.5,1513340,482739,1028285,222,2094,90,1515,89,0,0,0,"7654,1552,5635,8327,18299,47805,123508,262136,420595,493223,124606,0,0,0,0,0,0,0,0,0,0,0,0,0","19530,1119,3576,4161,6316,13533,18572,44380,43408,99618,71971,0,0,0,0,0,0,0,0,0,0,0,0,0"
grid10_M4_r-0.6_s42/A100.mvh,lin,1,True,12667,187230,297169,8963,1.0204,2.0,5.8,8.4,24.9,1.0,11.7,0.0,8340684,1466113,3750115,19597996,297603,28581,279462,17706,29016,0,0,0,0.59,100.0,305.5,1513340,482739,1028285,222,2094,90,1515,89,0,0,0,"7654,1552,5635,8327,18299,47805,123508,262136,420595,493223,124606,0,0,0,0,0,0,0,0,0,0,0,0,0","19530,1119,3576,4161,6316,13533,18572,44380,43408,99618,71971,0,0,0,0,0,0,0,0,0,0,0,0,0"
grid10_M4_r-0.6_s42/A100.mvh,lin_r,1,True,12667,187230,297169,8963,1.0294,2.3,3.5,1.3,27.6,1.1,13.0,0.0,8340684,1466113,3750115,1707490,297603,28581,279462,17706,29016,0,0,0,0.59,100.0,305.5,1513340,482739,1028285,222,2094,90,1515,89,7808,8900,2799251,"7654,1552,5635,8327,18299,47805,123508,262136,420595,493223,124606,0,0,0,0,0,0,0,0,0,0,0,0,0","19530,1119,3576,4161,6316,13533,18572,44380,43408,99618,71971,0,0,0,0,0,0,0,0,0,0,0,0,0"
grid10_M4_r-0.6_s42/A100.mvh,lin_id,1,True,12667,187230,297169,8963,1.1870,2.2,4.4,1.7,27.4,1.0,12.9,0.0,8340684,1466113,3750115,3841829,297603,28581,279462,17706,29016,27424,0,0,0.59,100.0,305.5,1513340,482739,1028285,222,2094,90,1515,89,0,0,0,"7654,1552,5635,8327,18299,47805,123508,262136,420595,493223,124606,0,0,0,0,0,0,0,0,0,0,0,0,0","19530,1119,3576,4161,6316,13533,18572,44380,43408,99618,71971,0,0,0,0,0,0,0,0,0,0,0,0,0"
grid10_M4_r-0.6_s42/A100.mvh,lin_r_id,1,True,12667,187230,297169,8963,1.1695,2.3,4.0,0.9,27.9,1.2,13.2,0.1,8340684,1466113,3750115,1856272,297603,28581,279462,17706,29016,27424,0,0,0.59,100.0,305.5,1513340,482739,1028285,222,2094,90,1515,89,7808,8900,278398,"7654,1552,5635,8327,18299,47805,123508,262136,420595,493223,124606,0,0,0,0,0,0,0,0,0,0,0,0,0","19530,1119,3576,4161,6316,13533,18572,44380,43408,99618,71971,0,0,0,0,0,0,0,0,0,0,0,0,0"
grid10_M4_r-0.6_s42/A100.mvh,lexBU_fp_id_r_h0,1,True,12667,187230,297169,8963,1.4294,2.2,3.5,1.3,27.5,1.1,12.8,0.1,8340684,1466113,3750115,1822592,297603,28581,283285,13883,29016,27434,19288,30492,0.53,100.0,305.5,1513340,482739,1028285,222,2094,90,1515,89,7808,8900,93585,"7654,1552,5635,8327,18299,47805,123508,262136,420595,493223,124606,0,0,0,0,0,0,0,0,0,0,0,0,0","19530,1119,3576,4161,6316,13533,18572,44380,43408,99618,71971,0,0,0,0,0,0,0,0,0,0,0,0,0"
grid10_M4_r-0.6_s42/A100.mvh,lexBU_fp_id_r_h32,1,True,12667,187230,297169,8963,1.3743,2.2,3.5,1.3,27.7,1.1,13.0,0.1,8340684,1466113,3750115,1822592,297603,28581,283285,13883,29016,27434,19288,30492,0.53,100.0,305.5,1513340,482739,1028285,222,2094,90,1515,89,7808,8900,93585,"7654,1552,5635,8327,18299,47805,123508,262136,420595,493223,124606,0,0,0,0,0,0,0,0,0,0,0,0,0","19530,1119,3576,4161,6316,13533,18572,44380,43408,99618,71971,0,0,0,0,0,0,0,0,0,0,0,0,0"
grid10_M4_r-0.6_s42/A100.mvh,lexBU_fp_id_r_h128,1,True,12667,187230,297169,8963,1.1227,2.1,4.1,0.9,27.4,1.0,12.9,0.1,8340684,1466113,3750115,1856272,297603,28581,279462,17706,29016,27424,0,0,0.59,100.0,305.5,1513340,482739,1028285,222,2094,90,1515,89,7808,8900,278398,"7654,1552,5635,8327,18299,47805,123508,262136,420595,493223,124606,0,0,0,0,0,0,0,0,0,0,0,0,0","19530,1119,3576,4161,6316,13533,18572,44380,43408,99618,71971,0,0,0,0,0,0,0,0,0,0,0,0,0"
grid10_M4_r-0.6_s42/A100.mvh,lexBU_fp_id_r_h512,1,True,12667,187230,297169,8963,0.9670,2.3,4.0,1.0,27.8,1.1,13.1,0.1,8340684,1466113,3750115,1856272,297603,28581,279462,17706,29016,27424,0,0,0.59,100.0,305.5,1513340,482739,1028285,222,2094,90,1515,89,7808,8900,278398,"7654,1552,5635,8327,18299,47805,123508,262136,420595,493223,124606,0,0,0,0,0,0,0,0,0,0,0,0,0","19530,1119,3576,4161,6316,13533,18572,44380,43408,99618,71971,0,0,0,0,0,0,0,0,0,0,0,0,0"
grid10_M4_r-0.6_s42/A100.mvh,lexBU_fp_id_h0,1,True,12667,187230,297169,8963,1.0068,2.2,3.5,1.6,27.5,1.1,12.9,0.0,8340684,1466113,3750115,2496288,297603,28581,283285,13883,29016,27434,19288,30492,0.53,100.0,305.5,1513340,482739,1028285,222,2094,90,1515,89,0,0,0,"7654,1552,5635,8327,18299,47805,123508,262136,420595,493223,124606,0,0,0,0,0,0,0,0,0,0,0,0,0","19530,1119,3576,4161,6316,13533,18572,44380,43408,99618,71971,0,0,0,0,0,0,0,0,0,0,0,0,0"
grid10_M4_r-0.6_s42/A100.mvh,lexBU_h0,1,True,12667,187230,297169,8963,0.9817,2.2,4.0,2.5,27.2,1.1,12.7,0.0,8340684,1466113,3750115,3915349,297603,28581,279462,17706,29016,0,306654,136964,0.59,100.0,305.5,1513340,482739,1028285,222,2094,90,1515,89,0,0,0,"7654,1552,5635,8327,18299,47805,123508,262136,420595,493223,124606,0,0,0,0,0,0,0,0,0,0,0,0,0","19530,1119,3576,4161,6316,13533,18572,44380,43408,99618,71971,0,0,0,0,0,0,0,0,0,0,0,0,0"
grid10_M4_r-0.6_s42/A100.mvh,lexTD_fp_id_r_h0,1,True,12667,187230,297169,8963,1.0033,2.3,3.9,1.7,27.5,1.2,13.0,0.1,8340684,1466113,3750115,2723429,297603,28581,283285,13883,29016,27434,19288,118039,0.53,100.0,305.5,1513340,482739,1028285,222,2094,90,1515,89,7808,8900,59490,"7654,1552,5635,8327,18299,47805,123508,262136,420595,493223,124606,0,0,0,0,0,0,0,0,0,0,0,0,0","19530,1119,3576,4161,6316,13533,18572,44380,43408,99618,71971,0,0,0,0,0,0,0,0,0,0,0,0,0"
grid10_M4_r-0.6_s42/A100.mvh,lexTD_h0,1,True,12667,187230,297169,8963,0.9997,2.2,5.4,1.9,27.1,1.1,12.8,0.0,8340684,1466113,3750115,3742174,297603,28581,279462,17706,29016,0,306654,432696,0.59,100.0,305.5,1513340,482739,1028285,222,2094,90,1515,89,0,0,0,"7654,1552,5635,8327,18299,47805,123508,262136,420595,493223,124606,0,0,0,0,0,0,0,0,0,0,0,0,0","19530,1119,3576,4161,6316,13533,18572,44380,43408,99618,71971,0,0,0,0,0,0,0,0,0,0,0,0,0"
grid10_M4_r-0.6_s42/A100.mvh,roi_fp_id_h0,1,True,12667,187230,297169,8963,1.0739,2.2,4.7,2.0,27.0,1.0,12.7,0.3,8340684,1466113,3750115,3466624,297603,28581,283285,13883,29016,27434,19288,208006,0.53,100.0,305.5,1513340,482739,1028285,222,2094,90,1515,89,7808,8900,0,"7654,1552,5635,8327,18299,47805,123508,262136,420595,493223,124606,0,0,0,0,0,0,0,0,0,0,0,0,0","19530,1119,3576,4161,6316,13533,18572,44380,43408,99618,71971,0,0,0,0,0,0,0,0,0,0,0,0,0"
grid10_M4_r-0.6_s42/A100.mvh,roi_fp_id_h128,1,True,12667,187230,297169,8963,0.9522,2.2,4.0,1.0,27.6,1.1,12.9,0.1,8340684,1466113,3750115,1856272,297603,28581,279462,17706,29016,27424,0,0,0.59,100.0,305.5,1513340,482739,1028285,222,2094,90,1515,89,7808,8900,278398,"7654,1552,5635,8327,18299,47805,123508,262136,420595,493223,124606,0,0,0,0,0,0,0,0,0,0,0,0,0","19530,1119,3576,4161,6316,13533,18572,44380,43408,99618,71971,0,0,0,0,0,0,0,0,0,0,0,0,0"
grid10_M4_r-0.6_s42/A100.mvh,roi_fp_id_h512,1,True,12667,187230,297169,8963,0.9582,2.3,4.0,1.0,27.6,1.1,13.0,0.1,8340684,1466113,3750115,1856272,297603,28581,279462,17706,29016,27424,0,0,0.59,100.0,305.5,1513340,482739,1028285,222,2094,90,1515,89,7808,8900,278398,"7654,1552,5635,8327,18299,47805,123508,262136,420595,493223,124606,0,0,0,0,0,0,0,0,0,0,0,0,0","19530,1119,3576,4161,6316,13533,18572,44380,43408,99618,71971,0,0,0,0,0,0,0,0,0,0,0,0,0"
grid10_M4_r-0.6_s42/A100.mvh,roi_h0,1,True,12667,187230,297169,8963,0.9039,2.2,6.4,2.3,26.5,1.1,12.5,0.2,8340684,1466113,3750115,4122370,297603,28581,279462,17706,29016,0,306654,548226,0.59,100.0,305.5,1513340,482739,1028285,222,2094,90,1515,89,0,0,0,"7654,1552,5635,8327,18299,47805,123508,262136,420595,493223,124606,0,0,0,0,0,0,0,0,0,0,0,0,0","19530,1119,3576,4161,6316,13533,18572,44380,43408,99618,71971,0,0,0,0,0,0,0,0,0,0,0,0,0"
grid10_M4_r-0.6_s42/A100.mvh,lin,2,True,12667,187230,297169,8963,0.9900,2.0,5.8,8.4,24.8,1.0,11.7,0.0,8340684,1466113,3750115,19597996,297603,28581,279462,17706,29016,0,0,0,0.59,100.0,305.5,1513340,482739,1028285,222,2094,90,1515,89,0,0,0,"7654,1552,5635,8327,18299,47805,123508,262136,420595,493223,124606,0,0,0,0,0,0,0,0,0,0,0,0,0","19530,1119,3576,4161,6316,13533,18572,44380,43408,99618,71971,0,0,0,0,0,0,0,0,0,0,0,0,0"
grid10_M4_r-0.6_s42/A100.mvh,lin_r,2,True,12667,187230,297169,8963,0.8479,2.3,3.5,1.3,27.9,1.1,13.1,0.0,8340684,1466113,3750115,1707490,297603,28581,279462,17706,29016,0,0,0,0.59,100.0,305.5,1513340,482739,1028285,222,2094,90,1515,89,7808,8900,2799251,"7654,1552,5635,8327,18299,47805,123508,262136,420595,493223,124606,0,0,0,0,0,0,0,0,0,0,0,0,0","19530,1119,3576,4161,6316,13533,18572,44380,43408,99618,71971,0,0,0,0,0,0,0,0,0,0,0,0,0"
grid10_M4_r-0.6_s42/A100.mvh,lin_id,2,True,12667,187230,297169,8963,0.8827,2.2,4.3,1.8,27.4,1.2,13.0,0.0,8340684,1466113,3750115,3841829,297603,28581,279462,17706,29016,27424,0,0,0.59,100.0,305.5,1513340,482739,1028285,222,2094,90,1515,89,0,0,0,"7654,1552,5635,8327,18299,47805,123508,262136,420595,493223,124606,0,0,0,0,0,0,0,0,0,0,0,0,0","19530,1119,3576,4161,6316,13533,18572,44380,43408,99618,71971,0,0,0,0,0,0,0,0,0,0,0,0,0"
grid10_M4_r-0.6_s42/A100.mvh,lin_r_id,2,True,12667,187230,297169,8963,0.9098,2.2,3.9,1.0,27.6,1.1,13.0,0.1,8340684,1466113,3750115,1856272,297603,28581,279462,17706,29016,27424,0,0,0.59,100.0,305.5,1513340,482739,1028285,222,2094,90,1515,89,7808,8900,278398,"7654,1552,5635,8327,18299,47805,123508,262136,420595,493223,124606,0,0,0,0,0,0,0,0,0,0,0,0,0","19530,1119,3576,4161,6316,13533,18572,44380,43408,99618,71971,0,0,0,0,0,0,0,0,0,0,0,0,0"
grid10_M4_r-0.6_s42/A100.mvh,lexBU_fp_id_r_h0,2,True,12667,187230,297169,8963,0.9030,2.3,3.3,1.4,27.7,1.1,13.1,0.1,8340684,1466113,3750115,1822592,297603,28581,283285,13883,29016,27434,19288,30492,0.53,100.0,305.5,1513340,482739,1028285,222,2094,90,1515,89,7808,8900,93585,"7654,1552,5635,8327,18299,47805,123508,262136,420595,493223,124606,0,0,0,0,0,0,0,0,0,0,0,0,0","19530,1119,3576,4161,6316,13533,18572,44380,43408,99618,71971,0,0,0,0,0,0,0,0,0,0,0,0,0"
grid10_M4_r-0.6_s42/A100.mvh,lexBU_fp_id_r_h32,2,True,12667,187230,297169,8963,1.0533,2.3,3.4,1.4,27.9,1.1,13.1,0.1,8340684,1466113,3750115,1822592,297603,28581,283285,13883,29016,27434,19288,30492,0.53,100.0,305.5,1513340,482739,1028285,222,2094,90,1515,89,7808,8900,93585,"7654,1552,5635,8327,18299,47805,123508,262136,420595,493223,124606,0,0,0,0,0,0,0,0,0,0,0,0,0","19530,1119,3576,4161,6316,13533,18572,44380,43408,99618,71971,0,0,0,0,0,0,0,0,0,0,0,0,0"
grid10_M4_r-0.6_s42/A100.mvh,lexBU_fp_id_r_h128,2,True,12667,187230,297169,8963,1.1460,2.2,4.0,0.9,27.6,1.1,13.0,0.1,8340684,1466113,3750115,1856272,297603,28581,279462,17706,29016,27424,0,0,0.59,100.0,305.5,1513340,482739,1028285,222,2094,90,1515,89,7808,8900,278398,"7654,1552,5635,8327,18299,47805,123508,262136,420595,493223,124606,0,0,0,0,0,0,0,0,0,0,0,0,0","19530,1119,3576,4161,6316,13533,18572,44380,43408,99618,71971,0,0,0,0,0,0,0,0,0,0,0,0,0"
grid10_M4_r-0.6_s42/A100.mvh,lexBU_fp_id_r_h512,2,True,12667,187230,297169,8963,1.1580,2.2,4.1,0.9,27.6,1.1,12.9,0.1,8340684,1466113,3750115,1856272,297603,28581,279462,17706,29016,27424,0,0,0.59,100.0,305.5,1513340,482739,1028285,222,2094,90,1515,89,7808,8900,278398,"7654,1552,5635,8327,18299,47805,123508,262136,420595,493223,124606,0,0,0,0,0,0,0,0,0,0,0,0,0","19530,1119,3576,4161,6316,13533,18572,44380,43408,99618,71971,0,0,0,0,0,0,0,0,0,0,0,0,0"
grid10_M4_r-0.6_s42/A100.mvh,lexBU_fp_id_h0,2,True,12667,187230,297169,8963,1.1513,2.2,3.5,1.6,27.4,1.1,12.9,0.0,8340684,1466113,3750115,2496288,297603,28581,283285,13883,29016,27434,19288,30492,0.53,100.0,305.5,1513340,482739,1028285,222,2094,90,1515,89,0,0,0,"7654,1552,5635,8327,18299,47805,123508,262136,420595,493223,124606,0,0,0,0,0,0,0,0,0,0,0,0,0","19530,1119,3576,4161,6316,13533,18572,44380,43408,99618,71971,0,0,0,0,0,0,0,0,0,0,0,0,0"
grid10_M4_r-0.6_s42/A100.mvh,lexBU_h0,2,True,12667,187230,297169,8963,0.9361,2.3,4.0,2.5,27.3,1.1,12.9,0.0,8340684,1466113,3750115,3915349,297603,28581,279462,17706,29016,0,306654,136964,0.59,100.0,305.5,1513340,482739,1028285,222,2094,90,1515,89,0,0,0,"7654,1552,5635,8327,18299,47805,123508,262136,420595,493223,124606,0,0,0,0,0,0,0,0,0,0,0,0,0","19530,1119,3576,4161,6316,13533,18572,44380,43408,99618,71971,0,0,0,0,0,0,0,0,0,0,0,0,0"
grid10_M4_r-0.6_s42/A100.mvh,lexTD_fp_id_r_h0,2,True,12667,187230,297169,8963,0.8800,2.3,3.9,1.8,27.5,1.1,12.9,0.1,8340684,1466113,3750115,2723429,297603,28581,283285,13883,29016,27434,19288,118039,0.53,100.0,305.5,1513340,482739,1028285,222,2094,90,1515,89,7808,8900,59490,"7654,1552,5635,8327,18299,47805,123508,262136,420595,493223,124606,0,0,0,0,0,0,0,0,0,0,0,0,0","19530,1119,3576,4161,6316,13533,18572,44380,43408,99618,71971,0,0,0,0,0,0,0,0,0,0,0,0,0"
grid10_M4_r-0.6_s42/A100.mvh,lexTD_h0,2,True,12667,187230,297169,8963,0.9344,2.2,5.3,1.9,27.0,1.1,12.6,0.0,8340684,1466113,3750115,3742174,297603,28581,279462,17706,29016,0,306654,432696,0.59,100.0,305.5,1513340,482739,1028285,222,2094,90,1515,89,0,0,0,"7654,1552,5635,8327,18299,47805,123508,262136,420595,493223,124606,0,0,0,0,0,0,0,0,0,0,0,0,0","19530,1119,3576,4161,6316,13533,18572,44380,43408,99618,71971,0,0,0,0,0,0,0,0,0,0,0,0,0"
grid10_M4_r-0.6_s42/A100.mvh,roi_fp_id_h0,2,True,12667,187230,297169,8963,0.8638,2.3,4.6,2.1,27.2,1.1,12.9,0.2,8340684,1466113,3750115,3466624,297603,28581,283285,13883,29016,27434,19288,208006,0.53,100.0,305.5,1513340,482739,1028285,222,2094,90,1515,89,7808,8900,0,"7654,1552,5635,8327,18299,47805,123508,262136,420595,493223,124606,0,0,0,0,0,0,0,0,0,0,0,0,0","19530,1119,3576,4161,6316,13533,18572,44380,43408,99618,71971,0,0,0,0,0,0,0,0,0,0,0,0,0"
grid10_M4_r-0.6_s42/A100.mvh,roi_fp_id_h128,2,True,12667,187230,297169,8963,0.9440,2.3,3.9,1.0,27.5,1.1,12.9,0.1,8340684,1466113,3750115,1856272,297603,28581,279462,17706,29016,27424,0,0,0.59,100.0,305.5,1513340,482739,1028285,222,2094,90,1515,89,7808,8900,278398,"7654,1552,5635,8327,18299,47805,123508,262136,420595,493223,124606,0,0,0,0,0,0,0,0,0,0,0,0,0","19530,1119,3576,4161,6316,13533,18572,44380,43408,99618,71971,0,0,0,0,0,0,0,0,0,0,0,0,0"
grid10_M4_r-0.6_s42/A100.mvh,roi_fp_id_h512,2,True,12667,187230,297169,8963,0.9708,2.3,4.0,0.9,27.7,1.1,13.1,0.1,8340684,1466113,3750115,1856272,297603,28581,279462,17706,29016,27424,0,0,0.59,100.0,305.5,1513340,482739,1028285,222,2094,90,1515,89,7808,8900,278398,"7654,1552,5635,8327,18299,47805,123508,262136,420595,493223,124606,0,0,0,0,0,0,0,0,0,0,0,0,0","19530,1119,3576,4161,6316,13533,18572,44380,43408,99618,71971,0,0,0,0,0,0,0,0,0,0,0,0,0"
grid10_M4_r-0.6_s42/A100.mvh,roi_h0,2,True,12667,187230,297169,8963,0.9781,2.1,6.3,2.2,26.6,1.0,12.4,0.2,8340684,1466113,3750115,4122370,297603,28581,279462,17706,29016,0,306654,548226,0.59,100.0,305.5,1513340,482739,1028285,222,2094,90,1515,89,0,0,0,"7654,1552,5635,8327,18299,47805,123508,262136,420595,493223,124606,0,0,0,0,0,0,0,0,0,0,0,0,0","19530,1119,3576,4161,6316,13533,18572,44380,43408,99618,71971,0,0,0,0,0,0,0,0,0,0,0,0,0"
