instance,cfg,rep,identical,sols,exp,gen,reins,wall,p_global,p_ch_gen,p_ch_re,p_local,p_full,p_update,p_build,cmpchk,cmpupd,cmpfull,cmpch,ch_gen,ch_re,ch_first,ch_later,ch_none,ch_ideal,ch_tree,ch_nodes,avg_skip,avg_H,avg_T,loc,loc_notr,loc_tdisc,loc_bad,loc_good,kd_builds,kd_rebuilds,htrees,domT,h_redund,h_total,ch_rskip,loc_hist,T_hist
grid10_M4_r-0.6_s42/A50.mvh,none,0,True,12667,187070,296772,8754,2.7486,4.3,42.6,4.8,22.7,7.7,6.1,0.0,260571656,51400499,97601723,1436000227,1243670,28440,879929,146458,245723,0,0,0,0.92,50.0,371.7,1285965,474004,755330,55548,1083,0,0,0,14134143,0,0,0,"7530,1524,4628,7327,17021,45183,117235,244406,392920,368652,79539,0,0,0,0,0,0,0,0,0,0,0,0,0","41628,2566,8479,10188,15431,34550,50894,135478,152386,428689,391821,0,0,0,0,0,0,0,0,0,0,0,0,0"
grid10_M4_r-0.6_s42/A50.mvh,FULL,0,True,12667,187070,296772,8754,0.9063,2.4,3.3,1.0,29.9,1.1,12.3,0.0,34995013,8449901,3703477,4467793,297332,28440,279462,17309,29001,0,0,0,0.50,50.0,305.7,1512002,482399,1027393,207,2003,31,732,89,435367,3652,4450,1356043,"7620,1704,5492,8100,18264,47604,123368,261810,420361,493341,124338,0,0,0,0,0,0,0,0,0,0,0,0,0","19530,1119,3576,4147,6243,13488,18477,44307,43385,99569,71931,0,0,0,0,0,0,0,0,0,0,0,0,0"
grid10_M4_r-0.6_s42/A50.mvh,no_local_first,0,True,12667,187070,296772,8754,1.0839,1.8,21.4,0.8,22.4,0.7,10.1,0.0,32029275,7980789,2678943,25540739,1243670,28440,879929,146458,245723,0,0,0,0.92,50.0,371.7,1285965,474004,810784,94,1083,31,760,97,2969217,3993,4850,11164926,"7530,1524,4628,7327,17021,45183,117235,244406,392920,368652,79539,0,0,0,0,0,0,0,0,0,0,0,0,0","41628,2566,8479,10188,15431,34550,50894,135478,152386,428689,391821,0,0,0,0,0,0,0,0,0,0,0,0,0"
grid10_M4_r-0.6_s42/A50.mvh,no_witness,0,True,12667,187070,296772,8754,1.1723,1.8,2.5,0.8,45.0,22.6,9.6,0.0,35010094,8469868,134105066,4467793,297332,28440,279462,17309,29001,0,0,0,0.50,50.0,305.7,1512002,482399,946315,81285,2003,31,731,89,435367,3652,4450,1356043,"7620,1704,5492,8100,18264,47604,123368,261810,420361,493341,124338,0,0,0,0,0,0,0,0,0,0,0,0,0","19530,1119,3576,4147,6243,13488,18477,44307,43385,99569,71931,0,0,0,0,0,0,0,0,0,0,0,0,0"
grid10_M4_r-0.6_s42/A50.mvh,no_redund,0,True,12667,187070,296772,8754,0.8986,2.4,4.6,4.6,28.6,1.0,11.7,0.0,36872499,8471703,3703477,20999435,297332,28440,279462,17309,29001,0,0,0,0.50,50.0,305.7,1512002,482399,1027393,207,2003,31,730,89,1791410,0,0,0,"7620,1704,5492,8100,18264,47604,123368,261810,420361,493341,124338,0,0,0,0,0,0,0,0,0,0,0,0,0","19530,1119,3576,4147,6243,13488,18477,44307,43385,99569,71931,0,0,0,0,0,0,0,0,0,0,0,0,0"
grid10_M4_r-0.6_s42/A50.mvh,no_kd,0,True,12667,187070,296772,8754,1.5046,8.5,8.4,1.2,36.9,0.7,11.7,0.0,271402904,51400499,3703477,103347003,297332,28440,279462,17309,29001,0,0,0,0.50,50.0,305.7,1512002,482399,1027393,207,2003,0,0,89,435367,3652,4450,1356043,"7620,1704,5492,8100,18264,47604,123368,261810,420361,493341,124338,0,0,0,0,0,0,0,0,0,0,0,0,0","19530,1119,3576,4147,6243,13488,18477,44307,43385,99569,71931,0,0,0,0,0,0,0,0,0,0,0,0,0"
grid10_M4_r-0.6_s42/A50.mvh,no_flatH_redund,0,True,12667,187070,296772,8754,1.2345,2.3,4.6,4.8,28.1,1.0,11.8,0.0,36872499,8471703,3703477,20999435,297332,28440,279462,17309,29001,0,0,0,0.50,50.0,305.7,1512002,482399,1027393,207,2003,31,730,0,1791410,0,0,0,"7620,1704,5492,8100,18264,47604,123368,261810,420361,493341,124338,0,0,0,0,0,0,0,0,0,0,0,0,0","19530,1119,3576,4147,6243,13488,18477,44307,43385,99569,71931,0,0,0,0,0,0,0,0,0,0,0,0,0"
grid10_M4_r-0.6_s42/A50.mvh,fixedX16,0,True,12667,187070,296772,8754,1.2893,2.3,3.3,1.0,28.0,1.1,13.1,0.0,8331406,1464439,3703477,1593082,297332,28440,279462,17309,29001,0,0,0,0.50,50.0,305.7,1512002,482399,1027393,207,2003,90,1513,89,435367,3652,4450,1356043,"7620,1704,5492,8100,18264,47604,123368,261810,420361,493341,124338,0,0,0,0,0,0,0,0,0,0,0,0,0","19530,1119,3576,4147,6243,13488,18477,44307,43385,99569,71931,0,0,0,0,0,0,0,0,0,0,0,0,0"
grid10_M4_r-0.6_s42/A50.mvh,plus_roi1024_kdT,0,True,12667,187070,296772,8754,1.0533,2.4,3.4,1.0,30.3,1.1,12.3,0.0,34995013,8449901,3703477,4467793,297332,28440,279462,17309,29001,0,0,0,0.50,50.0,305.7,1512002,482399,1027393,207,2003,31,732,89,435367,3652,4450,1356043,"7620,1704,5492,8100,18264,47604,123368,261810,420361,493341,124338,0,0,0,0,0,0,0,0,0,0,0,0,0","19530,1119,3576,4147,6243,13488,18477,44307,43385,99569,71931,0,0,0,0,0,0,0,0,0,0,0,0,0"
grid10_M4_r-0.6_s42/A50.mvh,plus_gcl_prune,0,True,12667,187070,296772,8754,1.7983,1.5,2.2,0.6,19.7,0.5,41.4,0.0,34995013,8449901,3451877,4467793,297332,28440,279462,17309,29001,0,0,0,0.50,50.0,305.7,1512002,482399,1027393,207,2003,31,732,89,435367,3652,4450,1356043,"7620,1704,5492,8100,18264,47604,123368,261810,420361,493341,124338,0,0,0,0,0,0,0,0,0,0,0,0,0","19530,1119,3576,4147,6243,13488,18477,44307,43385,99569,71931,0,0,0,0,0,0,0,0,0,0,0,0,0"
grid10_M4_r-0.6_s42/A50.mvh,plus_lastwit,0,True,12667,187070,296772,8754,0.9379,2.4,3.3,1.0,30.1,1.1,12.4,0.0,35205751,8451656,3703477,4145920,297332,28440,279462,17309,29001,0,0,0,0.50,50.0,305.7,1512002,482399,1027393,207,2003,31,732,89,435367,3652,4450,1356043,"7620,1704,5492,8100,18264,47604,123368,261810,420361,493341,124338,0,0,0,0,0,0,0,0,0,0,0,0,0","19530,1119,3576,4147,6243,13488,18477,44307,43385,99569,71931,0,0,0,0,0,0,0,0,0,0,0,0,0"
grid10_M4_r-0.6_s42/A50.mvh,none,1,True,12667,187070,296772,8754,2.9141,4.3,42.9,4.9,22.7,7.6,6.2,0.0,260571656,51400499,97601723,1436000227,1243670,28440,879929,146458,245723,0,0,0,0.92,50.0,371.7,1285965,474004,755330,55548,1083,0,0,0,14134143,0,0,0,"7530,1524,4628,7327,17021,45183,117235,244406,392920,368652,79539,0,0,0,0,0,0,0,0,0,0,0,0,0","41628,2566,8479,10188,15431,34550,50894,135478,152386,428689,391821,0,0,0,0,0,0,0,0,0,0,0,0,0"
grid10_M4_r-0.6_s42/A50.mvh,FULL,1,True,12667,187070,296772,8754,0.9164,2.4,3.3,1.0,30.1,1.1,12.4,0.0,34995013,8449901,3703477,4467793,297332,28440,279462,17309,29001,0,0,0,0.50,50.0,305.7,1512002,482399,1027393,207,2003,31,732,89,435367,3652,4450,1356043,"7620,1704,5492,8100,18264,47604,123368,261810,420361,493341,124338,0,0,0,0,0,0,0,0,0,0,0,0,0","19530,1119,3576,4147,6243,13488,18477,44307,43385,99569,71931,0,0,0,0,0,0,0,0,0,0,0,0,0"
grid10_M4_r-0.6_s42/A50.mvh,no_local_first,1,True,12667,187070,296772,8754,1.3602,1.9,21.9,0.8,22.3,0.7,10.3,0.0,32029275,7980789,2678943,25540739,1243670,28440,879929,146458,245723,0,0,0,0.92,50.0,371.7,1285965,474004,810784,94,1083,31,760,97,2969217,3993,4850,11164926,"7530,1524,4628,7327,17021,45183,117235,244406,392920,368652,79539,0,0,0,0,0,0,0,0,0,0,0,0,0","41628,2566,8479,10188,15431,34550,50894,135478,152386,428689,391821,0,0,0,0,0,0,0,0,0,0,0,0,0"
grid10_M4_r-0.6_s42/A50.mvh,no_witness,1,True,12667,187070,296772,8754,1.8469,1.8,2.8,0.8,43.1,20.4,9.5,0.0,35010094,8469868,134105066,4467793,297332,28440,279462,17309,29001,0,0,0,0.50,50.0,305.7,1512002,482399,946315,81285,2003,31,731,89,435367,3652,4450,1356043,"7620,1704,5492,8100,18264,47604,123368,261810,420361,493341,124338,0,0,0,0,0,0,0,0,0,0,0,0,0","19530,1119,3576,4147,6243,13488,18477,44307,43385,99569,71931,0,0,0,0,0,0,0,0,0,0,0,0,0"
grid10_M4_r-0.6_s42/A50.mvh,no_redund,1,True,12667,187070,296772,8754,1.1336,2.3,4.7,4.5,28.6,0.9,11.7,0.0,36872499,8471703,3703477,20999435,297332,28440,279462,17309,29001,0,0,0,0.50,50.0,305.7,1512002,482399,1027393,207,2003,31,730,89,1791410,0,0,0,"7620,1704,5492,8100,18264,47604,123368,261810,420361,493341,124338,0,0,0,0,0,0,0,0,0,0,0,0,0","19530,1119,3576,4147,6243,13488,18477,44307,43385,99569,71931,0,0,0,0,0,0,0,0,0,0,0,0,0"
grid10_M4_r-0.6_s42/A50.mvh,no_kd,1,True,12667,187070,296772,8754,1.4446,8.4,8.5,1.2,37.3,0.7,11.7,0.0,271402904,51400499,3703477,103347003,297332,28440,279462,17309,29001,0,0,0,0.50,50.0,305.7,1512002,482399,1027393,207,2003,0,0,89,435367,3652,4450,1356043,"7620,1704,5492,8100,18264,47604,123368,261810,420361,493341,124338,0,0,0,0,0,0,0,0,0,0,0,0,0","19530,1119,3576,4147,6243,13488,18477,44307,43385,99569,71931,0,0,0,0,0,0,0,0,0,0,0,0,0"
grid10_M4_r-0.6_s42/A50.mvh,no_flatH_redund,1,True,12667,187070,296772,8754,1.1407,2.3,4.7,4.6,28.3,1.0,11.6,0.0,36872499,8471703,3703477,20999435,297332,28440,279462,17309,29001,0,0,0,0.50,50.0,305.7,1512002,482399,1027393,207,2003,31,730,0,1791410,0,0,0,"7620,1704,5492,8100,18264,47604,123368,261810,420361,493341,124338,0,0,0,0,0,0,0,0,0,0,0,0,0","19530,1119,3576,4147,6243,13488,18477,44307,43385,99569,71931,0,0,0,0,0,0,0,0,0,0,0,0,0"
grid10_M4_r-0.6_s42/A50.mvh,fixedX16,1,True,12667,187070,296772,8754,0.9714,2.3,3.3,1.1,28.0,1.2,13.1,0.0,8331406,1464439,3703477,1593082,297332,28440,279462,17309,29001,0,0,0,0.50,50.0,305.7,1512002,482399,1027393,207,2003,90,1513,89,435367,3652,4450,1356043,"7620,1704,5492,8100,18264,47604,123368,261810,420361,493341,124338,0,0,0,0,0,0,0,0,0,0,0,0,0","19530,1119,3576,4147,6243,13488,18477,44307,43385,99569,71931,0,0,0,0,0,0,0,0,0,0,0,0,0"
grid10_M4_r-0.6_s42/A50.mvh,plus_roi1024_kdT,1,True,12667,187070,296772,8754,1.5940,2.2,3.5,0.9,28.6,1.0,11.8,0.0,34995013,8449901,3703477,4467793,297332,28440,279462,17309,29001,0,0,0,0.50,50.0,305.7,1512002,482399,1027393,207,2003,31,732,89,435367,3652,4450,1356043,"7620,1704,5492,8100,18264,47604,123368,261810,420361,493341,124338,0,0,0,0,0,0,0,0,0,0,0,0,0","19530,1119,3576,4147,6243,13488,18477,44307,43385,99569,71931,0,0,0,0,0,0,0,0,0,0,0,0,0"
grid10_M4_r-0.6_s42/A50.mvh,plus_gcl_prune,1,True,12667,187070,296772,8754,2.0406,1.4,2.2,0.6,19.2,0.5,42.7,0.0,34995013,8449901,3451877,4467793,297332,28440,279462,17309,29001,0,0,0,0.50,50.0,305.7,1512002,482399,1027393,207,2003,31,732,89,435367,3652,4450,1356043,"7620,1704,5492,8100,18264,47604,123368,261810,420361,493341,124338,0,0,0,0,0,0,0,0,0,0,0,0,0","19530,1119,3576,4147,6243,13488,18477,44307,43385,99569,71931,0,0,0,0,0,0,0,0,0,0,0,0,0"
grid10_M4_r-0.6_s42/A50.mvh,plus_lastwit,1,True,12667,187070,296772,8754,0.9946,2.4,3.4,1.0,30.2,1.1,12.2,0.0,35205751,8451656,3703477,4145920,297332,28440,279462,17309,29001,0,0,0,0.50,50.0,305.7,1512002,482399,1027393,207,2003,31,732,89,435367,3652,4450,1356043,"7620,1704,5492,8100,18264,47604,123368,261810,420361,493341,124338,0,0,0,0,0,0,0,0,0,0,0,0,0","19530,1119,3576,4147,6243,13488,18477,44307,43385,99569,71931,0,0,0,0,0,0,0,0,0,0,0,0,0"
grid10_M4_r-0.6_s42/A50.mvh,none,2,True,12667,187070,296772,8754,3.0766,4.4,43.7,5.0,22.4,7.5,6.2,0.0,260571656,51400499,97601723,1436000227,1243670,28440,879929,146458,245723,0,0,0,0.92,50.0,371.7,1285965,474004,755330,55548,1083,0,0,0,14134143,0,0,0,"7530,1524,4628,7327,17021,45183,117235,244406,392920,368652,79539,0,0,0,0,0,0,0,0,0,0,0,0,0","41628,2566,8479,10188,15431,34550,50894,135478,152386,428689,391821,0,0,0,0,0,0,0,0,0,0,0,0,0"
grid10_M4_r-0.6_s42/A50.mvh,FULL,2,True,12667,187070,296772,8754,1.0142,2.4,3.4,1.0,30.1,1.1,12.3,0.0,34995013,8449901,3703477,4467793,297332,28440,279462,17309,29001,0,0,0,0.50,50.0,305.7,1512002,482399,1027393,207,2003,31,732,89,435367,3652,4450,1356043,"7620,1704,5492,8100,18264,47604,123368,261810,420361,493341,124338,0,0,0,0,0,0,0,0,0,0,0,0,0","19530,1119,3576,4147,6243,13488,18477,44307,43385,99569,71931,0,0,0,0,0,0,0,0,0,0,0,0,0"
grid10_M4_r-0.6_s42/A50.mvh,no_local_first,2,True,12667,187070,296772,8754,1.1933,1.8,21.7,0.8,22.4,0.7,10.3,0.0,32029275,7980789,2678943,25540739,1243670,28440,879929,146458,245723,0,0,0,0.92,50.0,371.7,1285965,474004,810784,94,1083,31,760,97,2969217,3993,4850,11164926,"7530,1524,4628,7327,17021,45183,117235,244406,392920,368652,79539,0,0,0,0,0,0,0,0,0,0,0,0,0","41628,2566,8479,10188,15431,34550,50894,135478,152386,428689,391821,0,0,0,0,0,0,0,0,0,0,0,0,0"
grid10_M4_r-0.6_s42/A50.mvh,no_witness,2,True,12667,187070,296772,8754,1.4079,1.8,2.6,0.8,44.6,22.2,9.6,0.0,35010094,8469868,134105066,4467793,297332,28440,279462,17309,29001,0,0,0,0.50,50.0,305.7,1512002,482399,946315,81285,2003,31,731,89,435367,3652,4450,1356043,"7620,1704,5492,8100,18264,47604,123368,261810,420361,493341,124338,0,0,0,0,0,0,0,0,0,0,0,0,0","19530,1119,3576,4147,6243,13488,18477,44307,43385,99569,71931,0,0,0,0,0,0,0,0,0,0,0,0,0"
grid10_M4_r-0.6_s42/A50.mvh,no_redund,2,True,12667,187070,296772,8754,1.2823,2.3,4.7,4.5,28.4,1.0,11.7,0.0,36872499,8471703,3703477,20999435,297332,28440,279462,17309,29001,0,0,0,0.50,50.0,305.7,1512002,482399,1027393,207,2003,31,730,89,1791410,0,0,0,"7620,1704,5492,8100,18264,47604,123368,261810,420361,493341,124338,0,0,0,0,0,0,0,0,0,0,0,0,0","19530,1119,3576,4147,6243,13488,18477,44307,43385,99569,71931,0,0,0,0,0,0,0,0,0,0,0,0,0"
grid10_M4_r-0.6_s42/A50.mvh,no_kd,2,True,12667,187070,296772,8754,1.7865,8.7,8.6,1.2,37.2,0.7,11.9,0.0,271402904,51400499,3703477,103347003,297332,28440,279462,17309,29001,0,0,0,0.50,50.0,305.7,1512002,482399,1027393,207,2003,0,0,89,435367,3652,4450,1356043,"7620,1704,5492,8100,18264,47604,123368,261810,420361,493341,124338,0,0,0,0,0,0,0,0,0,0,0,0,0","19530,1119,3576,4147,6243,13488,18477,44307,43385,99569,71931,0,0,0,0,0,0,0,0,0,0,0,0,0"
grid10_M4_r-0.6_s42/A50.mvh,no_flatH_redund,2,True,12667,187070,296772,8754,1.2751,2.3,4.7,4.7,28.3,1.0,11.8,0.0,36872499,8471703,3703477,20999435,297332,28440,279462,17309,29001,0,0,0,0.50,50.0,305.7,1512002,482399,1027393,207,2003,31,730,0,1791410,0,0,0,"7620,1704,5492,8100,18264,47604,123368,261810,420361,493341,124338,0,0,0,0,0,0,0,0,0,0,0,0,0","19530,1119,3576,4147,6243,13488,18477,44307,43385,99569,71931,0,0,0,0,0,0,0,0,0,0,0,0,0"
grid10_M4_r-0.6_s42/A50.mvh,fixedX16,2,True,12667,187070,296772,8754,1.1131,2.3,3.4,1.0,28.2,1.1,13.2,0.0,8331406,1464439,3703477,1593082,297332,28440,279462,17309,29001,0,0,0,0.50,50.0,305.7,1512002,482399,1027393,207,2003,90,1513,89,435367,3652,4450,1356043,"7620,1704,5492,8100,18264,47604,123368,261810,420361,493341,124338,0,0,0,0,0,0,0,0,0,0,0,0,0","19530,1119,3576,4147,6243,13488,18477,44307,43385,99569,71931,0,0,0,0,0,0,0,0,0,0,0,0,0"
grid10_M4_r-0.6_s42/A50.mvh,plus_roi1024_kdT,2,True,12667,187070,296772,8754,1.1917,2.4,3.5,1.0,30.0,1.0,12.4,0.0,34995013,8449901,3703477,4467793,297332,28440,279462,17309,29001,0,0,0,0.50,50.0,305.7,1512002,482399,1027393,207,2003,31,732,89,435367,3652,4450,1356043,"7620,1704,5492,8100,18264,47604,123368,261810,420361,493341,124338,0,0,0,0,0,0,0,0,0,0,0,0,0","19530,1119,3576,4147,6243,13488,18477,44307,43385,99569,71931,0,0,0,0,0,0,0,0,0,0,0,0,0"
grid10_M4_r-0.6_s42/A50.mvh,plus_gcl_prune,2,True,12667,187070,296772,8754,2.1032,1.4,2.1,0.6,19.2,0.4,42.9,0.0,34995013,8449901,3451877,4467793,297332,28440,279462,17309,29001,0,0,0,0.50,50.0,305.7,1512002,482399,1027393,207,2003,31,732,89,435367,3652,4450,1356043,"7620,1704,5492,8100,18264,47604,123368,261810,420361,493341,124338,0,0,0,0,0,0,0,0,0,0,0,0,0","19530,1119,3576,4147,6243,13488,18477,44307,43385,99569,71931,0,0,0,0,0,0,0,0,0,0,0,0,0"
grid10_M4_r-0.6_s42/A50.mvh,plus_lastwit,2,True,12667,187070,296772,8754,1.2209,2.3,3.4,0.9,29.5,1.0,12.1,0.0,35205751,8451656,3703477,4145920,297332,28440,279462,17309,29001,0,0,0,0.50,50.0,305.7,1512002,482399,1027393,207,2003,31,732,89,435367,3652,4450,1356043,"7620,1704,5492,8100,18264,47604,123368,261810,420361,493341,124338,0,0,0,0,0,0,0,0,0,0,0,0,0","19530,1119,3576,4147,6243,13488,18477,44307,43385,99569,71931,0,0,0,0,0,0,0,0,0,0,0,0,0"
grid12_M4_r0.0_s42/A50.mvh,none,0,True,13709,214670,334599,9543,4.1938,4.7,46.9,4.4,21.3,6.6,6.4,0.0,396172846,74556305,129466887,2123378427,1442658,30608,1041532,190874,240860,0,0,0,1.41,50.0,527.0,1526854,539031,934326,52803,694,0,0,0,14955484,0,0,0,"1490,1415,3456,9074,23004,57998,115644,266090,350282,400896,297505,0,0,0,0,0,0,0,0,0,0,0,0,0","2816,1154,1460,2374,5030,4021,38649,56579,167603,280766,912814,0,0,0,0,0,0,0,0,0,0,0,0,0"
grid12_M4_r0.0_s42/A50.mvh,FULL,0,True,13709,214670,334599,9543,1.0953,2.5,3.2,1.1,30.7,0.5,13.1,0.0,38969205,9753731,2348682,2686083,331275,30608,320893,13705,27285,0,0,0,0.43,50.0,470.9,1746649,544941,1200553,151,1004,49,758,135,418301,5548,6750,1372358,"1490,1415,3468,9093,23064,58697,117874,278130,369957,455022,428439,0,0,0,0,0,0,0,0,0,0,0,0,0","1373,522,625,1024,2136,1579,14549,19377,53303,77134,190261,0,0,0,0,0,0,0,0,0,0,0,0,0"
grid12_M4_r0.0_s42/A50.mvh,no_local_first,0,True,13709,214670,334599,9543,1.3189,1.9,21.3,0.9,23.3,0.4,10.9,0.0,36680202,9537500,2096147,19831474,1442658,30608,1041532,190874,240860,0,0,0,1.41,50.0,527.0,1526854,539031,987028,101,694,49,774,143,2819118,5859,7150,12136366,"1490,1415,3456,9074,23004,57998,115644,266090,350282,400896,297505,0,0,0,0,0,0,0,0,0,0,0,0,0","2816,1154,1460,2374,5030,4021,38649,56579,167603,280766,912814,0,0,0,0,0,0,0,0,0,0,0,0,0"
grid12_M4_r0.0_s42/A50.mvh,no_witness,0,True,13709,214670,334599,9543,1.3255,2.0,2.5,0.9,44.8,20.9,10.5,0.0,38972504,9760025,152513666,2686083,331275,30608,320893,13705,27285,0,0,0,0.43,50.0,470.9,1746649,544941,1133324,67380,1004,49,758,135,418301,5548,6750,1372358,"1490,1415,3468,9093,23064,58697,117874,278130,369957,455022,428439,0,0,0,0,0,0,0,0,0,0,0,0,0","1373,522,625,1024,2136,1579,14549,19377,53303,77134,190261,0,0,0,0,0,0,0,0,0,0,0,0,0"
grid12_M4_r0.0_s42/A50.mvh,no_redund,0,True,13709,214670,334599,9543,1.0693,2.3,4.1,5.5,29.0,0.5,12.4,0.0,39002299,9755376,2348682,14087355,331275,30608,320893,13705,27285,0,0,0,0.43,50.0,470.9,1746649,544941,1200553,151,1004,49,758,135,1790659,0,0,0,"1490,1415,3468,9093,23064,58697,117874,278130,369957,455022,428439,0,0,0,0,0,0,0,0,0,0,0,0,0","1373,522,625,1024,2136,1579,14549,19377,53303,77134,190261,0,0,0,0,0,0,0,0,0,0,0,0,0"
grid12_M4_r0.0_s42/A50.mvh,no_kd,0,True,13709,214670,334599,9543,1.9579,9.4,10.0,1.3,37.8,0.3,12.5,0.0,411144709,74556305,2348682,170958084,331275,30608,320893,13705,27285,0,0,0,0.43,50.0,470.9,1746649,544941,1200553,151,1004,0,0,135,418301,5548,6750,1372358,"1490,1415,3468,9093,23064,58697,117874,278130,369957,455022,428439,0,0,0,0,0,0,0,0,0,0,0,0,0","1373,522,625,1024,2136,1579,14549,19377,53303,77134,190261,0,0,0,0,0,0,0,0,0,0,0,0,0"
grid12_M4_r0.0_s42/A50.mvh,no_flatH_redund,0,True,13709,214670,334599,9543,1.1009,2.3,4.1,5.5,29.1,0.5,12.4,0.0,39002299,9755376,2348682,14087355,331275,30608,320893,13705,27285,0,0,0,0.43,50.0,470.9,1746649,544941,1200553,151,1004,49,758,0,1790659,0,0,0,"1490,1415,3468,9093,23064,58697,117874,278130,369957,455022,428439,0,0,0,0,0,0,0,0,0,0,0,0,0","1373,522,625,1024,2136,1579,14549,19377,53303,77134,190261,0,0,0,0,0,0,0,0,0,0,0,0,0"
grid12_M4_r0.0_s42/A50.mvh,fixedX16,0,True,13709,214670,334599,9543,1.0029,2.5,3.2,1.1,28.9,0.6,14.0,0.0,10433865,1848404,2348682,1622749,331275,30608,320893,13705,27285,0,0,0,0.43,50.0,470.9,1746649,544941,1200553,151,1004,131,1593,135,418301,5548,6750,1372358,"1490,1415,3468,9093,23064,58697,117874,278130,369957,455022,428439,0,0,0,0,0,0,0,0,0,0,0,0,0","1373,522,625,1024,2136,1579,14549,19377,53303,77134,190261,0,0,0,0,0,0,0,0,0,0,0,0,0"
grid12_M4_r0.0_s42/A50.mvh,plus_roi1024_kdT,0,True,13709,214670,334599,9543,1.1248,2.5,3.1,1.1,30.7,0.5,13.3,0.0,38969205,9753731,2348682,2686083,331275,30608,320893,13705,27285,0,0,0,0.43,50.0,470.9,1746649,544941,1200553,151,1004,49,758,135,418301,5548,6750,1372358,"1490,1415,3468,9093,23064,58697,117874,278130,369957,455022,428439,0,0,0,0,0,0,0,0,0,0,0,0,0","1373,522,625,1024,2136,1579,14549,19377,53303,77134,190261,0,0,0,0,0,0,0,0,0,0,0,0,0"
grid12_M4_r0.0_s42/A50.mvh,plus_gcl_prune,0,True,13709,214670,334599,9543,2.3984,1.4,1.9,0.6,18.8,0.2,47.4,0.0,38969205,9753731,2231240,2686083,331275,30608,320893,13705,27285,0,0,0,0.43,50.0,470.9,1746649,544941,1200553,151,1004,49,758,135,418301,5548,6750,1372358,"1490,1415,3468,9093,23064,58697,117874,278130,369957,455022,428439,0,0,0,0,0,0,0,0,0,0,0,0,0","1373,522,625,1024,2136,1579,14549,19377,53303,77134,190261,0,0,0,0,0,0,0,0,0,0,0,0,0"
grid12_M4_r0.0_s42/A50.mvh,plus_lastwit,0,True,13709,214670,334599,9543,1.4580,2.4,3.3,1.1,30.2,0.5,12.8,0.0,38977558,9753731,2348682,2682524,331275,30608,320893,13705,27285,0,0,0,0.43,50.0,470.9,1746649,544941,1200553,151,1004,49,758,135,418301,5548,6750,1372358,"1490,1415,3468,9093,23064,58697,117874,278130,369957,455022,428439,0,0,0,0,0,0,0,0,0,0,0,0,0","1373,522,625,1024,2136,1579,14549,19377,53303,77134,190261,0,0,0,0,0,0,0,0,0,0,0,0,0"
grid12_M4_r0.0_s42/A50.mvh,none,1,True,13709,214670,334599,9543,4.2508,4.7,46.8,4.4,21.1,6.4,6.4,0.0,396172846,74556305,129466887,2123378427,1442658,30608,1041532,190874,240860,0,0,0,1.41,50.0,527.0,1526854,539031,934326,52803,694,0,0,0,14955484,0,0,0,"1490,1415,3456,9074,23004,57998,115644,266090,350282,400896,297505,0,0,0,0,0,0,0,0,0,0,0,0,0","2816,1154,1460,2374,5030,4021,38649,56579,167603,280766,912814,0,0,0,0,0,0,0,0,0,0,0,0,0"
grid12_M4_r0.0_s42/A50.mvh,FULL,1,True,13709,214670,334599,9543,1.0630,2.5,3.2,1.1,30.7,0.6,13.1,0.0,38969205,9753731,2348682,2686083,331275,30608,320893,13705,27285,0,0,0,0.43,50.0,470.9,1746649,544941,1200553,151,1004,49,758,135,418301,5548,6750,1372358,"1490,1415,3468,9093,23064,58697,117874,278130,369957,455022,428439,0,0,0,0,0,0,0,0,0,0,0,0,0","1373,522,625,1024,2136,1579,14549,19377,53303,77134,190261,0,0,0,0,0,0,0,0,0,0,0,0,0"
grid12_M4_r0.0_s42/A50.mvh,no_local_first,1,True,13709,214670,334599,9543,1.3052,1.9,21.1,0.9,23.3,0.4,10.9,0.0,36680202,9537500,2096147,19831474,1442658,30608,1041532,190874,240860,0,0,0,1.41,50.0,527.0,1526854,539031,987028,101,694,49,774,143,2819118,5859,7150,12136366,"1490,1415,3456,9074,23004,57998,115644,266090,350282,400896,297505,0,0,0,0,0,0,0,0,0,0,0,0,0","2816,1154,1460,2374,5030,4021,38649,56579,167603,280766,912814,0,0,0,0,0,0,0,0,0,0,0,0,0"
grid12_M4_r0.0_s42/A50.mvh,no_witness,1,True,13709,214670,334599,9543,1.4475,2.0,2.5,0.8,44.2,20.2,10.5,0.0,38972504,9760025,152513666,2686083,331275,30608,320893,13705,27285,0,0,0,0.43,50.0,470.9,1746649,544941,1133324,67380,1004,49,758,135,418301,5548,6750,1372358,"1490,1415,3468,9093,23064,58697,117874,278130,369957,455022,428439,0,0,0,0,0,0,0,0,0,0,0,0,0","1373,522,625,1024,2136,1579,14549,19377,53303,77134,190261,0,0,0,0,0,0,0,0,0,0,0,0,0"
grid12_M4_r0.0_s42/A50.mvh,no_redund,1,True,13709,214670,334599,9543,1.0798,2.3,4.1,5.4,29.0,0.5,12.5,0.0,39002299,9755376,2348682,14087355,331275,30608,320893,13705,27285,0,0,0,0.43,50.0,470.9,1746649,544941,1200553,151,1004,49,758,135,1790659,0,0,0,"1490,1415,3468,9093,23064,58697,117874,278130,369957,455022,428439,0,0,0,0,0,0,0,0,0,0,0,0,0","1373,522,625,1024,2136,1579,14549,19377,53303,77134,190261,0,0,0,0,0,0,0,0,0,0,0,0,0"
grid12_M4_r0.0_s42/A50.mvh,no_kd,1,True,13709,214670,334599,9543,2.1480,9.5,10.0,1.3,37.9,0.3,12.7,0.0,411144709,74556305,2348682,170958084,331275,30608,320893,13705,27285,0,0,0,0.43,50.0,470.9,1746649,544941,1200553,151,1004,0,0,135,418301,5548,6750,1372358,"1490,1415,3468,9093,23064,58697,117874,278130,369957,455022,428439,0,0,0,0,0,0,0,0,0,0,0,0,0","1373,522,625,1024,2136,1579,14549,19377,53303,77134,190261,0,0,0,0,0,0,0,0,0,0,0,0,0"
grid12_M4_r0.0_s42/A50.mvh,no_flatH_redund,1,True,13709,214670,334599,9543,1.1504,2.3,4.1,5.5,29.2,0.5,12.5,0.0,39002299,9755376,2348682,14087355,331275,30608,320893,13705,27285,0,0,0,0.43,50.0,470.9,1746649,544941,1200553,151,1004,49,758,0,1790659,0,0,0,"1490,1415,3468,9093,23064,58697,117874,278130,369957,455022,428439,0,0,0,0,0,0,0,0,0,0,0,0,0","1373,522,625,1024,2136,1579,14549,19377,53303,77134,190261,0,0,0,0,0,0,0,0,0,0,0,0,0"
grid12_M4_r0.0_s42/A50.mvh,fixedX16,1,True,13709,214670,334599,9543,1.0420,2.5,3.2,1.1,28.9,0.6,13.9,0.0,10433865,1848404,2348682,1622749,331275,30608,320893,13705,27285,0,0,0,0.43,50.0,470.9,1746649,544941,1200553,151,1004,131,1593,135,418301,5548,6750,1372358,"1490,1415,3468,9093,23064,58697,117874,278130,369957,455022,428439,0,0,0,0,0,0,0,0,0,0,0,0,0","1373,522,625,1024,2136,1579,14549,19377,53303,77134,190261,0,0,0,0,0,0,0,0,0,0,0,0,0"
grid12_M4_r0.0_s42/A50.mvh,plus_roi1024_kdT,1,True,13709,214670,334599,9543,1.0830,2.5,3.1,1.1,30.7,0.6,13.3,0.0,38969205,9753731,2348682,2686083,331275,30608,320893,13705,27285,0,0,0,0.43,50.0,470.9,1746649,544941,1200553,151,1004,49,758,135,418301,5548,6750,1372358,"1490,1415,3468,9093,23064,58697,117874,278130,369957,455022,428439,0,0,0,0,0,0,0,0,0,0,0,0,0","1373,522,625,1024,2136,1579,14549,19377,53303,77134,190261,0,0,0,0,0,0,0,0,0,0,0,0,0"
grid12_M4_r0.0_s42/A50.mvh,plus_gcl_prune,1,True,13709,214670,334599,9543,2.0388,1.4,2.0,0.6,19.3,0.2,45.0,0.0,38969205,9753731,2231240,2686083,331275,30608,320893,13705,27285,0,0,0,0.43,50.0,470.9,1746649,544941,1200553,151,1004,49,758,135,418301,5548,6750,1372358,"1490,1415,3468,9093,23064,58697,117874,278130,369957,455022,428439,0,0,0,0,0,0,0,0,0,0,0,0,0","1373,522,625,1024,2136,1579,14549,19377,53303,77134,190261,0,0,0,0,0,0,0,0,0,0,0,0,0"
grid12_M4_r0.0_s42/A50.mvh,plus_lastwit,1,True,13709,214670,334599,9543,1.4955,2.4,3.3,1.0,30.5,0.5,12.9,0.0,38977558,9753731,2348682,2682524,331275,30608,320893,13705,27285,0,0,0,0.43,50.0,470.9,1746649,544941,1200553,151,1004,49,758,135,418301,5548,6750,1372358,"1490,1415,3468,9093,23064,58697,117874,278130,369957,455022,428439,0,0,0,0,0,0,0,0,0,0,0,0,0","1373,522,625,1024,2136,1579,14549,19377,53303,77134,190261,0,0,0,0,0,0,0,0,0,0,0,0,0"
grid12_M4_r0.0_s42/A50.mvh,none,2,True,13709,214670,334599,9543,4.9111,4.7,46.6,4.3,21.0,6.3,6.4,0.0,396172846,74556305,129466887,2123378427,1442658,30608,1041532,190874,240860,0,0,0,1.41,50.0,527.0,1526854,539031,934326,52803,694,0,0,0,14955484,0,0,0,"1490,1415,3456,9074,23004,57998,115644,266090,350282,400896,297505,0,0,0,0,0,0,0,0,0,0,0,0,0","2816,1154,1460,2374,5030,4021,38649,56579,167603,280766,912814,0,0,0,0,0,0,0,0,0,0,0,0,0"
grid12_M4_r0.0_s42/A50.mvh,FULL,2,True,13709,214670,334599,9543,1.3124,2.4,3.3,1.1,30.6,0.5,13.0,0.0,38969205,9753731,2348682,2686083,331275,30608,320893,13705,27285,0,0,0,0.43,50.0,470.9,1746649,544941,1200553,151,1004,49,758,135,418301,5548,6750,1372358,"1490,1415,3468,9093,23064,58697,117874,278130,369957,455022,428439,0,0,0,0,0,0,0,0,0,0,0,0,0","1373,522,625,1024,2136,1579,14549,19377,53303,77134,190261,0,0,0,0,0,0,0,0,0,0,0,0,0"
grid12_M4_r0.0_s42/A50.mvh,no_local_first,2,True,13709,214670,334599,9543,1.3051,1.9,21.1,0.9,23.5,0.4,11.0,0.0,36680202,9537500,2096147,19831474,1442658,30608,1041532,190874,240860,0,0,0,1.41,50.0,527.0,1526854,539031,987028,101,694,49,774,143,2819118,5859,7150,12136366,"1490,1415,3456,9074,23004,57998,115644,266090,350282,400896,297505,0,0,0,0,0,0,0,0,0,0,0,0,0","2816,1154,1460,2374,5030,4021,38649,56579,167603,280766,912814,0,0,0,0,0,0,0,0,0,0,0,0,0"
grid12_M4_r0.0_s42/A50.mvh,no_witness,2,True,13709,214670,334599,9543,1.3985,1.9,2.5,0.9,44.5,20.8,10.4,0.0,38972504,9760025,152513666,2686083,331275,30608,320893,13705,27285,0,0,0,0.43,50.0,470.9,1746649,544941,1133324,67380,1004,49,758,135,418301,5548,6750,1372358,"1490,1415,3468,9093,23064,58697,117874,278130,369957,455022,428439,0,0,0,0,0,0,0,0,0,0,0,0,0","1373,522,625,1024,2136,1579,14549,19377,53303,77134,190261,0,0,0,0,0,0,0,0,0,0,0,0,0"
grid12_M4_r0.0_s42/A50.mvh,no_redund,2,True,13709,214670,334599,9543,1.1085,2.3,4.1,5.4,28.9,0.5,12.4,0.0,39002299,9755376,2348682,14087355,331275,30608,320893,13705,27285,0,0,0,0.43,50.0,470.9,1746649,544941,1200553,151,1004,49,758,135,1790659,0,0,0,"1490,1415,3468,9093,23064,58697,117874,278130,369957,455022,428439,0,0,0,0,0,0,0,0,0,0,0,0,0","1373,522,625,1024,2136,1579,14549,19377,53303,77134,190261,0,0,0,0,0,0,0,0,0,0,0,0,0"
grid12_M4_r0.0_s42/A50.mvh,no_kd,2,True,13709,214670,334599,9543,2.0134,9.3,9.9,1.3,37.9,0.3,12.4,0.0,411144709,74556305,2348682,170958084,331275,30608,320893,13705,27285,0,0,0,0.43,50.0,470.9,1746649,544941,1200553,151,1004,0,0,135,418301,5548,6750,1372358,"1490,1415,3468,9093,23064,58697,117874,278130,369957,455022,428439,0,0,0,0,0,0,0,0,0,0,0,0,0","1373,522,625,1024,2136,1579,14549,19377,53303,77134,190261,0,0,0,0,0,0,0,0,0,0,0,0,0"
grid12_M4_r0.0_s42/A50.mvh,no_flatH_redund,2,True,13709,214670,334599,9543,1.0802,2.4,4.1,5.7,29.2,0.5,12.4,0.0,39002299,9755376,2348682,14087355,331275,30608,320893,13705,27285,0,0,0,0.43,50.0,470.9,1746649,544941,1200553,151,1004,49,758,0,1790659,0,0,0,"1490,1415,3468,9093,23064,58697,117874,278130,369957,455022,428439,0,0,0,0,0,0,0,0,0,0,0,0,0","1373,522,625,1024,2136,1579,14549,19377,53303,77134,190261,0,0,0,0,0,0,0,0,0,0,0,0,0"
grid12_M4_r0.0_s42/A50.mvh,fixedX16,2,True,13709,214670,334599,9543,1.0311,2.5,3.2,1.1,29.0,0.6,14.0,0.0,10433865,1848404,2348682,1622749,331275,30608,320893,13705,27285,0,0,0,0.43,50.0,470.9,1746649,544941,1200553,151,1004,131,1593,135,418301,5548,6750,1372358,"1490,1415,3468,9093,23064,58697,117874,278130,369957,455022,428439,0,0,0,0,0,0,0,0,0,0,0,0,0","1373,522,625,1024,2136,1579,14549,19377,53303,77134,190261,0,0,0,0,0,0,0,0,0,0,0,0,0"
grid12_M4_r0.0_s42/A50.mvh,plus_roi1024_kdT,2,True,13709,214670,334599,9543,1.0258,2.5,3.1,1.1,30.9,0.6,13.3,0.0,38969205,9753731,2348682,2686083,331275,30608,320893,13705,27285,0,0,0,0.43,50.0,470.9,1746649,544941,1200553,151,1004,49,758,135,418301,5548,6750,1372358,"1490,1415,3468,9093,23064,58697,117874,278130,369957,455022,428439,0,0,0,0,0,0,0,0,0,0,0,0,0","1373,522,625,1024,2136,1579,14549,19377,53303,77134,190261,0,0,0,0,0,0,0,0,0,0,0,0,0"
grid12_M4_r0.0_s42/A50.mvh,plus_gcl_prune,2,True,13709,214670,334599,9543,1.8950,1.5,2.1,0.7,19.9,0.2,43.0,0.0,38969205,9753731,2231240,2686083,331275,30608,320893,13705,27285,0,0,0,0.43,50.0,470.9,1746649,544941,1200553,151,1004,49,758,135,418301,5548,6750,1372358,"1490,1415,3468,9093,23064,58697,117874,278130,369957,455022,428439,0,0,0,0,0,0,0,0,0,0,0,0,0","1373,522,625,1024,2136,1579,14549,19377,53303,77134,190261,0,0,0,0,0,0,0,0,0,0,0,0,0"
grid12_M4_r0.0_s42/A50.mvh,plus_lastwit,2,True,13709,214670,334599,9543,1.3939,2.5,3.2,1.1,30.7,0.5,13.2,0.0,38977558,9753731,2348682,2682524,331275,30608,320893,13705,27285,0,0,0,0.43,50.0,470.9,1746649,544941,1200553,151,1004,49,758,135,418301,5548,6750,1372358,"1490,1415,3468,9093,23064,58697,117874,278130,369957,455022,428439,0,0,0,0,0,0,0,0,0,0,0,0,0","1373,522,625,1024,2136,1579,14549,19377,53303,77134,190261,0,0,0,0,0,0,0,0,0,0,0,0,0"
grid10_M5_r-0.3_s42/A50.mvh,none,0,True,48950,448472,717484,19982,26.4032,5.9,56.8,7.5,15.6,4.6,6.0,0.0,2527753289,445828466,465669646,16335123029,2775914,76804,2039861,215382,597475,0,0,0,0.68,50.0,1931.5,2875941,1144954,1633407,96561,1019,0,0,0,33544185,0,0,0,"6755,1996,2092,6766,17974,37200,84038,206611,402410,672282,710118,615397,112302,0,0,0,0,0,0,0,0,0,0,0","31530,5159,77,11325,19983,4677,9134,20404,23539,230874,393447,621713,1480856,0,0,0,0,0,0,0,0,0,0,0"
grid10_M5_r-0.3_s42/A50.mvh,FULL,0,True,48950,448472,717484,19982,3.3476,3.4,3.8,1.3,30.3,0.8,16.2,0.0,54882016,12824500,10348094,7060423,708471,76804,696104,21379,67792,0,0,0,0.19,50.0,1687.7,3416594,1155648,2259569,82,1295,44,1560,93,912555,3614,4650,3235990,"6772,2004,2107,6828,18385,38231,86578,210552,415211,727715,826959,908332,166920,0,0,0,0,0,0,0,0,0,0,0","15544,2333,35,5082,8871,2082,4004,8905,9616,88303,132895,179514,328091,0,0,0,0,0,0,0,0,0,0,0"
grid10_M5_r-0.3_s42/A50.mvh,no_local_first,0,True,48950,448472,717484,19982,4.5120,2.6,24.3,1.0,22.3,0.5,13.0,0.0,50185059,12649505,9777636,63692960,2775914,76804,2039861,215382,597475,0,0,0,0.68,50.0,1931.5,2875941,1144954,1729889,79,1019,45,1573,98,5954513,3790,4900,27589672,"6755,1996,2092,6766,17974,37200,84038,206611,402410,672282,710118,615397,112302,0,0,0,0,0,0,0,0,0,0,0","31530,5159,77,11325,19983,4677,9134,20404,23539,230874,393447,621713,1480856,0,0,0,0,0,0,0,0,0,0,0"
grid10_M5_r-0.3_s42/A50.mvh,no_witness,0,True,48950,448472,717484,19982,4.5474,2.5,2.6,0.9,47.5,25.5,12.0,0.0,54864476,12830237,550584987,7060423,708471,76804,696104,21379,67792,0,0,0,0.19,50.0,1687.7,3416594,1155648,2140009,119642,1295,44,1559,93,912555,3614,4650,3235990,"6772,2004,2107,6828,18385,38231,86578,210552,415211,727715,826959,908332,166920,0,0,0,0,0,0,0,0,0,0,0","15544,2333,35,5082,8871,2082,4004,8905,9616,88303,132895,179514,328091,0,0,0,0,0,0,0,0,0,0,0"
grid10_M5_r-0.3_s42/A50.mvh,no_redund,0,True,48950,448472,717484,19982,4.5130,3.0,4.8,7.7,27.9,0.6,14.6,0.0,55020787,12828315,10348094,52285540,708471,76804,696104,21379,67792,0,0,0,0.19,50.0,1687.7,3416594,1155648,2259569,82,1295,44,1560,93,4148545,0,0,0,"6772,2004,2107,6828,18385,38231,86578,210552,415211,727715,826959,908332,166920,0,0,0,0,0,0,0,0,0,0,0","15544,2333,35,5082,8871,2082,4004,8905,9616,88303,132895,179514,328091,0,0,0,0,0,0,0,0,0,0,0"
grid10_M5_r-0.3_s42/A50.mvh,no_kd,0,True,48950,448472,717484,19982,10.1603,14.8,13.7,1.6,38.1,0.3,14.8,0.0,2620302970,445828466,10348094,1310753718,708471,76804,696104,21379,67792,0,0,0,0.19,50.0,1687.7,3416594,1155648,2259569,82,1295,0,0,93,912555,3614,4650,3235990,"6772,2004,2107,6828,18385,38231,86578,210552,415211,727715,826959,908332,166920,0,0,0,0,0,0,0,0,0,0,0","15544,2333,35,5082,8871,2082,4004,8905,9616,88303,132895,179514,328091,0,0,0,0,0,0,0,0,0,0,0"
grid10_M5_r-0.3_s42/A50.mvh,no_flatH_redund,0,True,48950,448472,717484,19982,5.1399,3.1,4.7,7.5,28.0,0.7,15.6,0.0,55020787,12828315,10348094,52285540,708471,76804,696104,21379,67792,0,0,0,0.19,50.0,1687.7,3416594,1155648,2259569,82,1295,44,1560,0,4148545,0,0,0,"6772,2004,2107,6828,18385,38231,86578,210552,415211,727715,826959,908332,166920,0,0,0,0,0,0,0,0,0,0,0","15544,2333,35,5082,8871,2082,4004,8905,9616,88303,132895,179514,328091,0,0,0,0,0,0,0,0,0,0,0"
grid10_M5_r-0.3_s42/A50.mvh,fixedX16,0,True,48950,448472,717484,19982,3.7493,3.3,3.8,1.2,29.7,0.7,16.2,0.0,33073631,7265696,10348094,6464720,708471,76804,696104,21379,67792,0,0,0,0.19,50.0,1687.7,3416594,1155648,2259569,82,1295,88,2131,93,912555,3614,4650,3235990,"6772,2004,2107,6828,18385,38231,86578,210552,415211,727715,826959,908332,166920,0,0,0,0,0,0,0,0,0,0,0","15544,2333,35,5082,8871,2082,4004,8905,9616,88303,132895,179514,328091,0,0,0,0,0,0,0,0,0,0,0"
grid10_M5_r-0.3_s42/A50.mvh,plus_roi1024_kdT,0,True,48950,448472,717484,19982,3.1396,3.4,3.7,1.3,30.3,0.8,16.1,0.0,54891984,12821331,10348094,7055341,708471,76804,696104,21379,67792,0,0,0,0.19,50.0,1687.7,3416594,1155648,2259569,82,1295,44,1560,93,912555,3614,4650,3235990,"6772,2004,2107,6828,18385,38231,86578,210552,415211,727715,826959,908332,166920,0,0,0,0,0,0,0,0,0,0,0","15544,2333,35,5082,8871,2082,4004,8905,9616,88303,132895,179514,328091,0,0,0,0,0,0,0,0,0,0,0"
grid10_M5_r-0.3_s42/A50.mvh,plus_gcl_prune,0,True,48950,448472,717484,19982,11.0390,1.2,1.4,0.4,12.5,0.2,65.4,0.0,54882016,12824500,10226062,7060423,708471,76804,696104,21379,67792,0,0,0,0.19,50.0,1687.7,3416594,1155648,2259569,82,1295,44,1560,93,912555,3614,4650,3235990,"6772,2004,2107,6828,18385,38231,86578,210552,415211,727715,826959,908332,166920,0,0,0,0,0,0,0,0,0,0,0","15544,2333,35,5082,8871,2082,4004,8905,9616,88303,132895,179514,328091,0,0,0,0,0,0,0,0,0,0,0"
grid10_M5_r-0.3_s42/A50.mvh,plus_lastwit,0,True,48950,448472,717484,19982,4.6020,3.4,3.7,1.2,30.5,0.7,16.3,0.0,54904552,12824728,10348094,7066431,708471,76804,696104,21379,67792,0,0,0,0.19,50.0,1687.7,3416594,1155648,2259569,82,1295,44,1560,93,912555,3614,4650,3235990,"6772,2004,2107,6828,18385,38231,86578,210552,415211,727715,826959,908332,166920,0,0,0,0,0,0,0,0,0,0,0","15544,2333,35,5082,8871,2082,4004,8905,9616,88303,132895,179514,328091,0,0,0,0,0,0,0,0,0,0,0"
grid10_M5_r-0.3_s42/A50.mvh,none,1,True,48950,448472,717484,19982,25.7142,6.0,57.1,7.4,15.5,4.7,6.0,0.0,2527753289,445828466,465669646,16335123029,2775914,76804,2039861,215382,597475,0,0,0,0.68,50.0,1931.5,2875941,1144954,1633407,96561,1019,0,0,0,33544185,0,0,0,"6755,1996,2092,6766,17974,37200,84038,206611,402410,672282,710118,615397,112302,0,0,0,0,0,0,0,0,0,0,0","31530,5159,77,11325,19983,4677,9134,20404,23539,230874,393447,621713,1480856,0,0,0,0,0,0,0,0,0,0,0"
grid10_M5_r-0.3_s42/A50.mvh,FULL,1,True,48950,448472,717484,19982,3.4456,3.4,3.7,1.3,30.3,0.7,16.1,0.0,54882016,12824500,10348094,7060423,708471,76804,696104,21379,67792,0,0,0,0.19,50.0,1687.7,3416594,1155648,2259569,82,1295,44,1560,93,912555,3614,4650,3235990,"6772,2004,2107,6828,18385,38231,86578,210552,415211,727715,826959,908332,166920,0,0,0,0,0,0,0,0,0,0,0","15544,2333,35,5082,8871,2082,4004,8905,9616,88303,132895,179514,328091,0,0,0,0,0,0,0,0,0,0,0"
grid10_M5_r-0.3_s42/A50.mvh,no_local_first,1,True,48950,448472,717484,19982,3.9800,2.6,24.6,1.0,22.0,0.6,13.0,0.0,50185059,12649505,9777636,63692960,2775914,76804,2039861,215382,597475,0,0,0,0.68,50.0,1931.5,2875941,1144954,1729889,79,1019,45,1573,98,5954513,3790,4900,27589672,"6755,1996,2092,6766,17974,37200,84038,206611,402410,672282,710118,615397,112302,0,0,0,0,0,0,0,0,0,0,0","31530,5159,77,11325,19983,4677,9134,20404,23539,230874,393447,621713,1480856,0,0,0,0,0,0,0,0,0,0,0"
grid10_M5_r-0.3_s42/A50.mvh,no_witness,1,True,48950,448472,717484,19982,5.0747,2.5,2.6,0.9,48.7,26.7,11.9,0.0,54864476,12830237,550584987,7060423,708471,76804,696104,21379,67792,0,0,0,0.19,50.0,1687.7,3416594,1155648,2140009,119642,1295,44,1559,93,912555,3614,4650,3235990,"6772,2004,2107,6828,18385,38231,86578,210552,415211,727715,826959,908332,166920,0,0,0,0,0,0,0,0,0,0,0","15544,2333,35,5082,8871,2082,4004,8905,9616,88303,132895,179514,328091,0,0,0,0,0,0,0,0,0,0,0"
grid10_M5_r-0.3_s42/A50.mvh,no_redund,1,True,48950,448472,717484,19982,3.9688,3.1,4.7,7.6,28.0,0.7,14.9,0.0,55020787,12828315,10348094,52285540,708471,76804,696104,21379,67792,0,0,0,0.19,50.0,1687.7,3416594,1155648,2259569,82,1295,44,1560,93,4148545,0,0,0,"6772,2004,2107,6828,18385,38231,86578,210552,415211,727715,826959,908332,166920,0,0,0,0,0,0,0,0,0,0,0","15544,2333,35,5082,8871,2082,4004,8905,9616,88303,132895,179514,328091,0,0,0,0,0,0,0,0,0,0,0"
grid10_M5_r-0.3_s42/A50.mvh,no_kd,1,True,48950,448472,717484,19982,9.7029,14.8,13.8,1.6,38.1,0.3,14.8,0.0,2620302970,445828466,10348094,1310753718,708471,76804,696104,21379,67792,0,0,0,0.19,50.0,1687.7,3416594,1155648,2259569,82,1295,0,0,93,912555,3614,4650,3235990,"6772,2004,2107,6828,18385,38231,86578,210552,415211,727715,826959,908332,166920,0,0,0,0,0,0,0,0,0,0,0","15544,2333,35,5082,8871,2082,4004,8905,9616,88303,132895,179514,328091,0,0,0,0,0,0,0,0,0,0,0"
grid10_M5_r-0.3_s42/A50.mvh,no_flatH_redund,1,True,48950,448472,717484,19982,3.9957,3.2,4.8,7.8,28.0,0.8,15.1,0.0,55020787,12828315,10348094,52285540,708471,76804,696104,21379,67792,0,0,0,0.19,50.0,1687.7,3416594,1155648,2259569,82,1295,44,1560,0,4148545,0,0,0,"6772,2004,2107,6828,18385,38231,86578,210552,415211,727715,826959,908332,166920,0,0,0,0,0,0,0,0,0,0,0","15544,2333,35,5082,8871,2082,4004,8905,9616,88303,132895,179514,328091,0,0,0,0,0,0,0,0,0,0,0"
grid10_M5_r-0.3_s42/A50.mvh,fixedX16,1,True,48950,448472,717484,19982,3.7604,3.3,3.8,1.3,29.7,0.7,16.2,0.0,33073631,7265696,10348094,6464720,708471,76804,696104,21379,67792,0,0,0,0.19,50.0,1687.7,3416594,1155648,2259569,82,1295,88,2131,93,912555,3614,4650,3235990,"6772,2004,2107,6828,18385,38231,86578,210552,415211,727715,826959,908332,166920,0,0,0,0,0,0,0,0,0,0,0","15544,2333,35,5082,8871,2082,4004,8905,9616,88303,132895,179514,328091,0,0,0,0,0,0,0,0,0,0,0"
grid10_M5_r-0.3_s42/A50.mvh,plus_roi1024_kdT,1,True,48950,448472,717484,19982,3.2488,3.4,3.7,1.2,30.2,0.7,16.0,0.0,54891984,12821331,10348094,7055341,708471,76804,696104,21379,67792,0,0,0,0.19,50.0,1687.7,3416594,1155648,2259569,82,1295,44,1560,93,912555,3614,4650,3235990,"6772,2004,2107,6828,18385,38231,86578,210552,415211,727715,826959,908332,166920,0,0,0,0,0,0,0,0,0,0,0","15544,2333,35,5082,8871,2082,4004,8905,9616,88303,132895,179514,328091,0,0,0,0,0,0,0,0,0,0,0"
grid10_M5_r-0.3_s42/A50.mvh,plus_gcl_prune,1,True,48950,448472,717484,19982,10.9666,1.2,1.4,0.4,12.2,0.2,66.3,0.0,54882016,12824500,10226062,7060423,708471,76804,696104,21379,67792,0,0,0,0.19,50.0,1687.7,3416594,1155648,2259569,82,1295,44,1560,93,912555,3614,4650,3235990,"6772,2004,2107,6828,18385,38231,86578,210552,415211,727715,826959,908332,166920,0,0,0,0,0,0,0,0,0,0,0","15544,2333,35,5082,8871,2082,4004,8905,9616,88303,132895,179514,328091,0,0,0,0,0,0,0,0,0,0,0"
grid10_M5_r-0.3_s42/A50.mvh,plus_lastwit,1,True,48950,448472,717484,19982,3.8183,3.4,3.8,1.2,30.3,0.7,16.1,0.0,54904552,12824728,10348094,7066431,708471,76804,696104,21379,67792,0,0,0,0.19,50.0,1687.7,3416594,1155648,2259569,82,1295,44,1560,93,912555,3614,4650,3235990,"6772,2004,2107,6828,18385,38231,86578,210552,415211,727715,826959,908332,166920,0,0,0,0,0,0,0,0,0,0,0","15544,2333,35,5082,8871,2082,4004,8905,9616,88303,132895,179514,328091,0,0,0,0,0,0,0,0,0,0,0"
grid10_M5_r-0.3_s42/A50.mvh,none,2,True,48950,448472,717484,19982,25.8363,5.9,57.1,7.5,15.5,4.7,6.0,0.0,2527753289,445828466,465669646,16335123029,2775914,76804,2039861,215382,597475,0,0,0,0.68,50.0,1931.5,2875941,1144954,1633407,96561,1019,0,0,0,33544185,0,0,0,"6755,1996,2092,6766,17974,37200,84038,206611,402410,672282,710118,615397,112302,0,0,0,0,0,0,0,0,0,0,0","31530,5159,77,11325,19983,4677,9134,20404,23539,230874,393447,621713,1480856,0,0,0,0,0,0,0,0,0,0,0"
grid10_M5_r-0.3_s42/A50.mvh,FULL,2,True,48950,448472,717484,19982,3.4596,3.4,3.7,1.2,30.4,0.8,16.1,0.0,54882016,12824500,10348094,7060423,708471,76804,696104,21379,67792,0,0,0,0.19,50.0,1687.7,3416594,1155648,2259569,82,1295,44,1560,93,912555,3614,4650,3235990,"6772,2004,2107,6828,18385,38231,86578,210552,415211,727715,826959,908332,166920,0,0,0,0,0,0,0,0,0,0,0","15544,2333,35,5082,8871,2082,4004,8905,9616,88303,132895,179514,328091,0,0,0,0,0,0,0,0,0,0,0"
grid10_M5_r-0.3_s42/A50.mvh,no_local_first,2,True,48950,448472,717484,19982,4.4002,2.6,24.1,1.0,22.2,0.6,13.0,0.0,50185059,12649505,9777636,63692960,2775914,76804,2039861,215382,597475,0,0,0,0.68,50.0,1931.5,2875941,1144954,1729889,79,1019,45,1573,98,5954513,3790,4900,27589672,"6755,1996,2092,6766,17974,37200,84038,206611,402410,672282,710118,615397,112302,0,0,0,0,0,0,0,0,0,0,0","31530,5159,77,11325,19983,4677,9134,20404,23539,230874,393447,621713,1480856,0,0,0,0,0,0,0,0,0,0,0"
grid10_M5_r-0.3_s42/A50.mvh,no_witness,2,True,48950,448472,717484,19982,5.3204,2.5,2.6,0.9,48.8,26.9,11.9,0.0,54864476,12830237,550584987,7060423,708471,76804,696104,21379,67792,0,0,0,0.19,50.0,1687.7,3416594,1155648,2140009,119642,1295,44,1559,93,912555,3614,4650,3235990,"6772,2004,2107,6828,18385,38231,86578,210552,415211,727715,826959,908332,166920,0,0,0,0,0,0,0,0,0,0,0","15544,2333,35,5082,8871,2082,4004,8905,9616,88303,132895,179514,328091,0,0,0,0,0,0,0,0,0,0,0"
grid10_M5_r-0.3_s42/A50.mvh,no_redund,2,True,48950,448472,717484,19982,3.6569,3.1,4.8,7.7,28.0,0.8,14.9,0.0,55020787,12828315,10348094,52285540,708471,76804,696104,21379,67792,0,0,0,0.19,50.0,1687.7,3416594,1155648,2259569,82,1295,44,1560,93,4148545,0,0,0,"6772,2004,2107,6828,18385,38231,86578,210552,415211,727715,826959,908332,166920,0,0,0,0,0,0,0,0,0,0,0","15544,2333,35,5082,8871,2082,4004,8905,9616,88303,132895,179514,328091,0,0,0,0,0,0,0,0,0,0,0"
grid10_M5_r-0.3_s42/A50.mvh,no_kd,2,True,48950,448472,717484,19982,10.3153,14.7,13.8,1.6,38.0,0.3,14.8,0.0,2620302970,445828466,10348094,1310753718,708471,76804,696104,21379,67792,0,0,0,0.19,50.0,1687.7,3416594,1155648,2259569,82,1295,0,0,93,912555,3614,4650,3235990,"6772,2004,2107,6828,18385,38231,86578,210552,415211,727715,826959,908332,166920,0,0,0,0,0,0,0,0,0,0,0","15544,2333,35,5082,8871,2082,4004,8905,9616,88303,132895,179514,328091,0,0,0,0,0,0,0,0,0,0,0"
grid10_M5_r-0.3_s42/A50.mvh,no_flatH_redund,2,True,48950,448472,717484,19982,4.0211,3.2,4.8,7.6,28.3,0.8,15.1,0.0,55020787,12828315,10348094,52285540,708471,76804,696104,21379,67792,0,0,0,0.19,50.0,1687.7,3416594,1155648,2259569,82,1295,44,1560,0,4148545,0,0,0,"6772,2004,2107,6828,18385,38231,86578,210552,415211,727715,826959,908332,166920,0,0,0,0,0,0,0,0,0,0,0","15544,2333,35,5082,8871,2082,4004,8905,9616,88303,132895,179514,328091,0,0,0,0,0,0,0,0,0,0,0"
grid10_M5_r-0.3_s42/A50.mvh,fixedX16,2,True,48950,448472,717484,19982,3.8941,3.4,3.8,1.3,29.7,0.7,16.2,0.0,33073631,7265696,10348094,6464720,708471,76804,696104,21379,67792,0,0,0,0.19,50.0,1687.7,3416594,1155648,2259569,82,1295,88,2131,93,912555,3614,4650,3235990,"6772,2004,2107,6828,18385,38231,86578,210552,415211,727715,826959,908332,166920,0,0,0,0,0,0,0,0,0,0,0","15544,2333,35,5082,8871,2082,4004,8905,9616,88303,132895,179514,328091,0,0,0,0,0,0,0,0,0,0,0"
grid10_M5_r-0.3_s42/A50.mvh,plus_roi1024_kdT,2,True,48950,448472,717484,19982,3.2969,3.4,3.7,1.3,30.3,0.8,16.1,0.0,54891984,12821331,10348094,7055341,708471,76804,696104,21379,67792,0,0,0,0.19,50.0,1687.7,3416594,1155648,2259569,82,1295,44,1560,93,912555,3614,4650,3235990,"6772,2004,2107,6828,18385,38231,86578,210552,415211,727715,826959,908332,166920,0,0,0,0,0,0,0,0,0,0,0","15544,2333,35,5082,8871,2082,4004,8905,9616,88303,132895,179514,328091,0,0,0,0,0,0,0,0,0,0,0"
grid10_M5_r-0.3_s42/A50.mvh,plus_gcl_prune,2,True,48950,448472,717484,19982,13.5537,1.2,1.3,0.4,11.6,0.2,68.4,0.0,54882016,12824500,10226062,7060423,708471,76804,696104,21379,67792,0,0,0,0.19,50.0,1687.7,3416594,1155648,2259569,82,1295,44,1560,93,912555,3614,4650,3235990,"6772,2004,2107,6828,18385,38231,86578,210552,415211,727715,826959,908332,166920,0,0,0,0,0,0,0,0,0,0,0","15544,2333,35,5082,8871,2082,4004,8905,9616,88303,132895,179514,328091,0,0,0,0,0,0,0,0,0,0,0"
grid10_M5_r-0.3_s42/A50.mvh,plus_lastwit,2,True,48950,448472,717484,19982,3.4538,3.4,3.8,1.2,30.2,0.8,16.0,0.0,54904552,12824728,10348094,7066431,708471,76804,696104,21379,67792,0,0,0,0.19,50.0,1687.7,3416594,1155648,2259569,82,1295,44,1560,93,912555,3614,4650,3235990,"6772,2004,2107,6828,18385,38231,86578,210552,415211,727715,826959,908332,166920,0,0,0,0,0,0,0,0,0,0,0","15544,2333,35,5082,8871,2082,4004,8905,9616,88303,132895,179514,328091,0,0,0,0,0,0,0,0,0,0,0"
grid_10x10_d4_tradeoff_cyc1/g10d4c1_apex.mvh,none,0,True,11330,47305,83990,17560,1.4381,3.8,61.1,16.1,6.7,1.8,4.7,0.0,79327174,18567538,10493229,551241691,252312,36685,25569,69256,194172,0,0,0,53.50,175.4,684.4,124570,105776,9344,1492,7958,0,0,0,31043684,0,0,0,"4006,1141,2112,3304,3952,6506,11042,18740,21011,22518,24955,5283,0,0,0,0,0,0,0,0,0,0,0,0","132,132,508,611,1320,1350,4463,11726,24488,48891,131384,63992,0,0,0,0,0,0,0,0,0,0,0,0"
grid_10x10_d4_tradeoff_cyc1/g10d4c1_apex.mvh,FULL,0,True,11330,47305,83990,17560,0.7930,1.8,39.2,25.3,13.5,5.0,5.2,0.4,11453123,2575774,14959755,56080772,84512,36685,25521,58468,37208,0,0,0,37.59,196.2,614.5,299617,122235,166303,1497,9582,10,138,93,8440670,0,133133,0,"7380,2069,3934,5937,8126,15638,26598,56176,61025,63151,41827,7756,0,0,0,0,0,0,0,0,0,0,0,0","98,95,341,446,889,920,2772,6548,12653,23603,52859,19973,0,0,0,0,0,0,0,0,0,0,0,0"
grid_10x10_d4_tradeoff_cyc1/g10d4c1_apex.mvh,no_local_first,0,True,11330,47305,83990,17560,1.2281,1.5,69.1,13.3,4.9,1.8,2.9,0.2,16227302,2981981,9971984,199031479,252312,36685,25569,69256,194172,0,0,0,53.50,175.4,684.4,124570,105776,10707,129,7958,17,164,94,31043684,0,144463,0,"4006,1141,2112,3304,3952,6506,11042,18740,21011,22518,24955,5283,0,0,0,0,0,0,0,0,0,0,0,0","132,132,508,611,1320,1350,4463,11726,24488,48891,131384,63992,0,0,0,0,0,0,0,0,0,0,0,0"
grid_10x10_d4_tradeoff_cyc1/g10d4c1_apex.mvh,no_witness,0,True,11330,47305,83990,17560,0.7152,1.7,35.3,23.6,21.4,14.7,4.7,0.3,11454590,2684733,60240108,56080772,84512,36685,25521,58468,37208,0,0,0,37.59,196.2,614.5,299617,122235,137800,30000,9582,9,134,93,8440670,0,133133,0,"7380,2069,3934,5937,8126,15638,26598,56176,61025,63151,41827,7756,0,0,0,0,0,0,0,0,0,0,0,0","98,95,341,446,889,920,2772,6548,12653,23603,52859,19973,0,0,0,0,0,0,0,0,0,0,0,0"
grid_10x10_d4_tradeoff_cyc1/g10d4c1_apex.mvh,no_redund,0,True,11330,47305,83990,17560,0.6511,1.8,39.8,26.7,12.7,4.6,4.9,0.3,11453123,2575774,14959755,56080772,84512,36685,25521,58468,37208,0,0,0,37.59,196.2,614.5,299617,122235,166303,1497,9582,10,138,93,8440670,0,0,0,"7380,2069,3934,5937,8126,15638,26598,56176,61025,63151,41827,7756,0,0,0,0,0,0,0,0,0,0,0,0","98,95,341,446,889,920,2772,6548,12653,23603,52859,19973,0,0,0,0,0,0,0,0,0,0,0,0"
grid_10x10_d4_tradeoff_cyc1/g10d4c1_apex.mvh,no_kd,0,True,11330,47305,83990,17560,0.8306,5.8,32.9,23.8,18.8,3.6,7.4,0.3,87066059,18567538,14959755,306370544,84512,36685,25521,58468,37208,0,0,0,37.59,196.2,614.5,299617,122235,166303,1497,9582,0,0,93,8440670,0,133133,0,"7380,2069,3934,5937,8126,15638,26598,56176,61025,63151,41827,7756,0,0,0,0,0,0,0,0,0,0,0,0","98,95,341,446,889,920,2772,6548,12653,23603,52859,19973,0,0,0,0,0,0,0,0,0,0,0,0"
grid_10x10_d4_tradeoff_cyc1/g10d4c1_apex.mvh,no_flatH_redund,0,True,11330,47305,83990,17560,0.6372,1.8,40.0,27.0,12.7,4.7,5.0,0.0,11453123,2575774,14959755,56080772,84512,36685,25521,58468,37208,0,0,0,37.59,196.2,614.5,299617,122235,166303,1497,9582,10,138,0,8440670,0,0,0,"7380,2069,3934,5937,8126,15638,26598,56176,61025,63151,41827,7756,0,0,0,0,0,0,0,0,0,0,0,0","98,95,341,446,889,920,2772,6548,12653,23603,52859,19973,0,0,0,0,0,0,0,0,0,0,0,0"
grid_10x10_d4_tradeoff_cyc1/g10d4c1_apex.mvh,fixedX16,0,True,11330,47305,83990,17560,0.6328,1.6,39.8,27.1,11.9,4.7,5.0,0.4,2219558,427798,14959755,42615379,84512,36685,25521,58468,37208,0,0,0,37.59,196.2,614.5,299617,122235,166303,1497,9582,52,329,93,8440670,0,133133,0,"7380,2069,3934,5937,8126,15638,26598,56176,61025,63151,41827,7756,0,0,0,0,0,0,0,0,0,0,0,0","98,95,341,446,889,920,2772,6548,12653,23603,52859,19973,0,0,0,0,0,0,0,0,0,0,0,0"
grid_10x10_d4_tradeoff_cyc1/g10d4c1_apex.mvh,plus_roi1024_kdT,0,True,11330,47305,83990,17560,0.5893,1.7,35.4,29.9,13.3,5.0,5.2,6.8,8678122,2213067,14959755,42272770,84512,36685,25605,58384,37208,0,5828,867958,37.54,196.2,614.5,299617,122235,166303,1497,9582,10,147,93,5129981,0,133133,0,"7380,2069,3934,5937,8126,15638,26598,56176,61025,63151,41827,7756,0,0,0,0,0,0,0,0,0,0,0,0","98,95,341,446,889,920,2772,6548,12653,23603,52859,19973,0,0,0,0,0,0,0,0,0,0,0,0"
grid_10x10_d4_tradeoff_cyc1/g10d4c1_apex.mvh,plus_gcl_prune,0,True,11330,47305,83990,17560,0.7734,1.6,33.4,21.6,11.2,3.8,19.4,0.3,11453123,2575774,14959755,56080772,84512,36685,25521,58468,37208,0,0,0,37.59,196.2,614.5,299617,122235,166303,1497,9582,10,138,93,8440670,0,133133,0,"7380,2069,3934,5937,8126,15638,26598,56176,61025,63151,41827,7756,0,0,0,0,0,0,0,0,0,0,0,0","98,95,341,446,889,920,2772,6548,12653,23603,52859,19973,0,0,0,0,0,0,0,0,0,0,0,0"
grid_10x10_d4_tradeoff_cyc1/g10d4c1_apex.mvh,plus_lastwit,0,True,11330,47305,83990,17560,0.5941,2.2,39.5,25.4,13.4,4.8,5.2,0.4,14107064,2940368,14959755,62670554,84512,36685,25521,58468,37208,0,0,0,37.59,196.2,614.5,299617,122235,166303,1497,9582,10,133,93,8440670,0,133133,0,"7380,2069,3934,5937,8126,15638,26598,56176,61025,63151,41827,7756,0,0,0,0,0,0,0,0,0,0,0,0","98,95,341,446,889,920,2772,6548,12653,23603,52859,19973,0,0,0,0,0,0,0,0,0,0,0,0"
grid_10x10_d4_tradeoff_cyc1/g10d4c1_apex.mvh,none,1,True,11330,47305,83990,17560,1.3318,3.8,61.3,16.0,6.7,1.7,4.7,0.0,79327174,18567538,10493229,551241691,252312,36685,25569,69256,194172,0,0,0,53.50,175.4,684.4,124570,105776,9344,1492,7958,0,0,0,31043684,0,0,0,"4006,1141,2112,3304,3952,6506,11042,18740,21011,22518,24955,5283,0,0,0,0,0,0,0,0,0,0,0,0","132,132,508,611,1320,1350,4463,11726,24488,48891,131384,63992,0,0,0,0,0,0,0,0,0,0,0,0"
grid_10x10_d4_tradeoff_cyc1/g10d4c1_apex.mvh,FULL,1,True,11330,47305,83990,17560,0.7949,2.0,38.9,25.5,13.3,4.8,5.1,0.5,11453123,2575774,14959755,56080772,84512,36685,25521,58468,37208,0,0,0,37.59,196.2,614.5,299617,122235,166303,1497,9582,10,138,93,8440670,0,133133,0,"7380,2069,3934,5937,8126,15638,26598,56176,61025,63151,41827,7756,0,0,0,0,0,0,0,0,0,0,0,0","98,95,341,446,889,920,2772,6548,12653,23603,52859,19973,0,0,0,0,0,0,0,0,0,0,0,0"
grid_10x10_d4_tradeoff_cyc1/g10d4c1_apex.mvh,no_local_first,1,True,11330,47305,83990,17560,1.6249,1.4,69.4,12.5,5.0,1.9,3.0,0.2,16227302,2981981,9971984,199031479,252312,36685,25569,69256,194172,0,0,0,53.50,175.4,684.4,124570,105776,10707,129,7958,17,164,94,31043684,0,144463,0,"4006,1141,2112,3304,3952,6506,11042,18740,21011,22518,24955,5283,0,0,0,0,0,0,0,0,0,0,0,0","132,132,508,611,1320,1350,4463,11726,24488,48891,131384,63992,0,0,0,0,0,0,0,0,0,0,0,0"
grid_10x10_d4_tradeoff_cyc1/g10d4c1_apex.mvh,no_witness,1,True,11330,47305,83990,17560,0.8780,1.7,34.8,23.1,22.1,15.2,4.8,0.4,11454590,2684733,60240108,56080772,84512,36685,25521,58468,37208,0,0,0,37.59,196.2,614.5,299617,122235,137800,30000,9582,9,134,93,8440670,0,133133,0,"7380,2069,3934,5937,8126,15638,26598,56176,61025,63151,41827,7756,0,0,0,0,0,0,0,0,0,0,0,0","98,95,341,446,889,920,2772,6548,12653,23603,52859,19973,0,0,0,0,0,0,0,0,0,0,0,0"
grid_10x10_d4_tradeoff_cyc1/g10d4c1_apex.mvh,no_redund,1,True,11330,47305,83990,17560,0.6849,1.9,39.0,26.3,13.0,4.7,5.1,0.3,11453123,2575774,14959755,56080772,84512,36685,25521,58468,37208,0,0,0,37.59,196.2,614.5,299617,122235,166303,1497,9582,10,138,93,8440670,0,0,0,"7380,2069,3934,5937,8126,15638,26598,56176,61025,63151,41827,7756,0,0,0,0,0,0,0,0,0,0,0,0","98,95,341,446,889,920,2772,6548,12653,23603,52859,19973,0,0,0,0,0,0,0,0,0,0,0,0"
grid_10x10_d4_tradeoff_cyc1/g10d4c1_apex.mvh,no_kd,1,True,11330,47305,83990,17560,0.8274,5.8,32.7,24.1,18.7,3.6,7.4,0.3,87066059,18567538,14959755,306370544,84512,36685,25521,58468,37208,0,0,0,37.59,196.2,614.5,299617,122235,166303,1497,9582,0,0,93,8440670,0,133133,0,"7380,2069,3934,5937,8126,15638,26598,56176,61025,63151,41827,7756,0,0,0,0,0,0,0,0,0,0,0,0","98,95,341,446,889,920,2772,6548,12653,23603,52859,19973,0,0,0,0,0,0,0,0,0,0,0,0"
grid_10x10_d4_tradeoff_cyc1/g10d4c1_apex.mvh,no_flatH_redund,1,True,11330,47305,83990,17560,0.6290,1.8,39.9,27.1,12.7,4.6,4.9,0.0,11453123,2575774,14959755,56080772,84512,36685,25521,58468,37208,0,0,0,37.59,196.2,614.5,299617,122235,166303,1497,9582,10,138,0,8440670,0,0,0,"7380,2069,3934,5937,8126,15638,26598,56176,61025,63151,41827,7756,0,0,0,0,0,0,0,0,0,0,0,0","98,95,341,446,889,920,2772,6548,12653,23603,52859,19973,0,0,0,0,0,0,0,0,0,0,0,0"
grid_10x10_d4_tradeoff_cyc1/g10d4c1_apex.mvh,fixedX16,1,True,11330,47305,83990,17560,0.6461,1.6,39.9,27.2,11.9,4.7,5.0,0.3,2219558,427798,14959755,42615379,84512,36685,25521,58468,37208,0,0,0,37.59,196.2,614.5,299617,122235,166303,1497,9582,52,329,93,8440670,0,133133,0,"7380,2069,3934,5937,8126,15638,26598,56176,61025,63151,41827,7756,0,0,0,0,0,0,0,0,0,0,0,0","98,95,341,446,889,920,2772,6548,12653,23603,52859,19973,0,0,0,0,0,0,0,0,0,0,0,0"
grid_10x10_d4_tradeoff_cyc1/g10d4c1_apex.mvh,plus_roi1024_kdT,1,True,11330,47305,83990,17560,0.6291,1.7,34.5,30.0,13.4,5.0,5.2,6.3,8678122,2213067,14959755,42272770,84512,36685,25605,58384,37208,0,5828,867958,37.54,196.2,614.5,299617,122235,166303,1497,9582,10,147,93,5129981,0,133133,0,"7380,2069,3934,5937,8126,15638,26598,56176,61025,63151,41827,7756,0,0,0,0,0,0,0,0,0,0,0,0","98,95,341,446,889,920,2772,6548,12653,23603,52859,19973,0,0,0,0,0,0,0,0,0,0,0,0"
grid_10x10_d4_tradeoff_cyc1/g10d4c1_apex.mvh,plus_gcl_prune,1,True,11330,47305,83990,17560,0.7259,1.7,33.2,22.3,11.0,3.8,19.0,0.3,11453123,2575774,14959755,56080772,84512,36685,25521,58468,37208,0,0,0,37.59,196.2,614.5,299617,122235,166303,1497,9582,10,138,93,8440670,0,133133,0,"7380,2069,3934,5937,8126,15638,26598,56176,61025,63151,41827,7756,0,0,0,0,0,0,0,0,0,0,0,0","98,95,341,446,889,920,2772,6548,12653,23603,52859,19973,0,0,0,0,0,0,0,0,0,0,0,0"
grid_10x10_d4_tradeoff_cyc1/g10d4c1_apex.mvh,plus_lastwit,1,True,11330,47305,83990,17560,0.5891,2.2,39.4,25.5,13.4,4.8,5.2,0.4,14107064,2940368,14959755,62670554,84512,36685,25521,58468,37208,0,0,0,37.59,196.2,614.5,299617,122235,166303,1497,9582,10,133,93,8440670,0,133133,0,"7380,2069,3934,5937,8126,15638,26598,56176,61025,63151,41827,7756,0,0,0,0,0,0,0,0,0,0,0,0","98,95,341,446,889,920,2772,6548,12653,23603,52859,19973,0,0,0,0,0,0,0,0,0,0,0,0"
grid_10x10_d4_tradeoff_cyc1/g10d4c1_apex.mvh,none,2,True,11330,47305,83990,17560,1.2777,3.8,60.9,16.2,6.7,1.7,4.7,0.0,79327174,18567538,10493229,551241691,252312,36685,25569,69256,194172,0,0,0,53.50,175.4,684.4,124570,105776,9344,1492,7958,0,0,0,31043684,0,0,0,"4006,1141,2112,3304,3952,6506,11042,18740,21011,22518,24955,5283,0,0,0,0,0,0,0,0,0,0,0,0","132,132,508,611,1320,1350,4463,11726,24488,48891,131384,63992,0,0,0,0,0,0,0,0,0,0,0,0"
grid_10x10_d4_tradeoff_cyc1/g10d4c1_apex.mvh,FULL,2,True,11330,47305,83990,17560,0.6423,1.9,39.4,26.2,12.9,4.7,5.1,0.4,11453123,2575774,14959755,56080772,84512,36685,25521,58468,37208,0,0,0,37.59,196.2,614.5,299617,122235,166303,1497,9582,10,138,93,8440670,0,133133,0,"7380,2069,3934,5937,8126,15638,26598,56176,61025,63151,41827,7756,0,0,0,0,0,0,0,0,0,0,0,0","98,95,341,446,889,920,2772,6548,12653,23603,52859,19973,0,0,0,0,0,0,0,0,0,0,0,0"
grid_10x10_d4_tradeoff_cyc1/g10d4c1_apex.mvh,no_local_first,2,True,11330,47305,83990,17560,1.2032,1.5,68.9,13.2,4.9,1.9,3.0,0.2,16227302,2981981,9971984,199031479,252312,36685,25569,69256,194172,0,0,0,53.50,175.4,684.4,124570,105776,10707,129,7958,17,164,94,31043684,0,144463,0,"4006,1141,2112,3304,3952,6506,11042,18740,21011,22518,24955,5283,0,0,0,0,0,0,0,0,0,0,0,0","132,132,508,611,1320,1350,4463,11726,24488,48891,131384,63992,0,0,0,0,0,0,0,0,0,0,0,0"
grid_10x10_d4_tradeoff_cyc1/g10d4c1_apex.mvh,no_witness,2,True,11330,47305,83990,17560,0.7402,1.7,35.2,23.5,21.4,14.7,4.7,0.4,11454590,2684733,60240108,56080772,84512,36685,25521,58468,37208,0,0,0,37.59,196.2,614.5,299617,122235,137800,30000,9582,9,134,93,8440670,0,133133,0,"7380,2069,3934,5937,8126,15638,26598,56176,61025,63151,41827,7756,0,0,0,0,0,0,0,0,0,0,0,0","98,95,341,446,889,920,2772,6548,12653,23603,52859,19973,0,0,0,0,0,0,0,0,0,0,0,0"
grid_10x10_d4_tradeoff_cyc1/g10d4c1_apex.mvh,no_redund,2,True,11330,47305,83990,17560,0.6182,1.9,39.3,26.2,12.9,4.6,5.0,0.3,11453123,2575774,14959755,56080772,84512,36685,25521,58468,37208,0,0,0,37.59,196.2,614.5,299617,122235,166303,1497,9582,10,138,93,8440670,0,0,0,"7380,2069,3934,5937,8126,15638,26598,56176,61025,63151,41827,7756,0,0,0,0,0,0,0,0,0,0,0,0","98,95,341,446,889,920,2772,6548,12653,23603,52859,19973,0,0,0,0,0,0,0,0,0,0,0,0"
grid_10x10_d4_tradeoff_cyc1/g10d4c1_apex.mvh,no_kd,2,True,11330,47305,83990,17560,0.8823,5.8,33.3,23.4,18.8,3.6,7.5,0.3,87066059,18567538,14959755,306370544,84512,36685,25521,58468,37208,0,0,0,37.59,196.2,614.5,299617,122235,166303,1497,9582,0,0,93,8440670,0,133133,0,"7380,2069,3934,5937,8126,15638,26598,56176,61025,63151,41827,7756,0,0,0,0,0,0,0,0,0,0,0,0","98,95,341,446,889,920,2772,6548,12653,23603,52859,19973,0,0,0,0,0,0,0,0,0,0,0,0"
grid_10x10_d4_tradeoff_cyc1/g10d4c1_apex.mvh,no_flatH_redund,2,True,11330,47305,83990,17560,0.7868,1.8,39.7,26.3,13.2,4.9,5.0,0.0,11453123,2575774,14959755,56080772,84512,36685,25521,58468,37208,0,0,0,37.59,196.2,614.5,299617,122235,166303,1497,9582,10,138,0,8440670,0,0,0,"7380,2069,3934,5937,8126,15638,26598,56176,61025,63151,41827,7756,0,0,0,0,0,0,0,0,0,0,0,0","98,95,341,446,889,920,2772,6548,12653,23603,52859,19973,0,0,0,0,0,0,0,0,0,0,0,0"
grid_10x10_d4_tradeoff_cyc1/g10d4c1_apex.mvh,fixedX16,2,True,11330,47305,83990,17560,0.6764,1.6,40.0,26.5,12.2,4.8,5.2,0.4,2219558,427798,14959755,42615379,84512,36685,25521,58468,37208,0,0,0,37.59,196.2,614.5,299617,122235,166303,1497,9582,52,329,93,8440670,0,133133,0,"7380,2069,3934,5937,8126,15638,26598,56176,61025,63151,41827,7756,0,0,0,0,0,0,0,0,0,0,0,0","98,95,341,446,889,920,2772,6548,12653,23603,52859,19973,0,0,0,0,0,0,0,0,0,0,0,0"
grid_10x10_d4_tradeoff_cyc1/g10d4c1_apex.mvh,plus_roi1024_kdT,2,True,11330,47305,83990,17560,0.8221,1.6,34.1,30.1,13.1,4.8,5.1,7.1,8678122,2213067,14959755,42272770,84512,36685,25605,58384,37208,0,5828,867958,37.54,196.2,614.5,299617,122235,166303,1497,9582,10,147,93,5129981,0,133133,0,"7380,2069,3934,5937,8126,15638,26598,56176,61025,63151,41827,7756,0,0,0,0,0,0,0,0,0,0,0,0","98,95,341,446,889,920,2772,6548,12653,23603,52859,19973,0,0,0,0,0,0,0,0,0,0,0,0"
grid_10x10_d4_tradeoff_cyc1/g10d4c1_apex.mvh,plus_gcl_prune,2,True,11330,47305,83990,17560,0.9414,1.6,32.9,21.4,11.3,3.9,19.6,0.4,11453123,2575774,14959755,56080772,84512,36685,25521,58468,37208,0,0,0,37.59,196.2,614.5,299617,122235,166303,1497,9582,10,138,93,8440670,0,133133,0,"7380,2069,3934,5937,8126,15638,26598,56176,61025,63151,41827,7756,0,0,0,0,0,0,0,0,0,0,0,0","98,95,341,446,889,920,2772,6548,12653,23603,52859,19973,0,0,0,0,0,0,0,0,0,0,0,0"
grid_10x10_d4_tradeoff_cyc1/g10d4c1_apex.mvh,plus_lastwit,2,True,11330,47305,83990,17560,0.7631,2.2,38.3,25.4,13.6,4.9,5.2,0.3,14107064,2940368,14959755,62670554,84512,36685,25521,58468,37208,0,0,0,37.59,196.2,614.5,299617,122235,166303,1497,9582,10,133,93,8440670,0,133133,0,"7380,2069,3934,5937,8126,15638,26598,56176,61025,63151,41827,7756,0,0,0,0,0,0,0,0,0,0,0,0","98,95,341,446,889,920,2772,6548,12653,23603,52859,19973,0,0,0,0,0,0,0,0,0,0,0,0"
grid15_M3_r-0.6_s42/A200.mvh,none,0,True,2776,170052,338227,9182,1.0569,1.0,29.5,3.0,14.8,2.4,2.8,0.0,26979304,4275869,12729930,221965181,1233536,19203,1083086,74786,94867,0,0,0,0.80,200.0,27.5,1467714,497416,950800,17818,1680,0,0,0,20944405,0,0,0,"7004,4776,18395,55010,248076,807979,326474,0,0,0,0,0,0,0,0,0,0,0,0,0,0,0,0,0","67994,4103,31443,103534,84239,322632,638794,0,0,0,0,0,0,0,0,0,0,0,0,0,0,0,0,0"
grid15_M3_r-0.6_s42/A200.mvh,FULL,0,True,2776,170052,338227,9182,0.6409,1.5,3.5,1.0,19.9,0.5,4.1,0.2,27566060,4275869,1767016,8759560,333024,19203,326950,11276,14001,0,0,0,0.35,200.0,24.3,1552560,501290,1048445,1039,1786,0,0,211,370208,40193,42200,2816790,"7027,4865,18740,56378,251402,834863,379285,0,0,0,0,0,0,0,0,0,0,0,0,0,0,0,0,0","28758,1593,11948,37065,28004,97726,147133,0,0,0,0,0,0,0,0,0,0,0,0,0,0,0,0,0"
grid15_M3_r-0.6_s42/A200.mvh,no_local_first,0,True,2776,170052,338227,9182,0.7421,1.3,13.9,0.8,17.1,0.4,3.5,0.2,27025027,4275869,1737075,36594931,1233536,19203,1083086,74786,94867,0,0,0,0.80,200.0,27.5,1467714,497416,967624,994,1680,0,0,221,1638092,42075,44200,19306313,"7004,4776,18395,55010,248076,807979,326474,0,0,0,0,0,0,0,0,0,0,0,0,0,0,0,0,0","67994,4103,31443,103534,84239,322632,638794,0,0,0,0,0,0,0,0,0,0,0,0,0,0,0,0,0"
grid15_M3_r-0.6_s42/A200.mvh,no_witness,0,True,2776,170052,338227,9182,0.6292,1.5,3.4,1.0,22.2,3.8,4.1,0.2,27518366,4275869,13713889,8759560,333024,19203,326950,11276,14001,0,0,0,0.35,200.0,24.3,1552560,501290,1029899,19585,1786,0,0,211,370208,40193,42200,2816790,"7027,4865,18740,56378,251402,834863,379285,0,0,0,0,0,0,0,0,0,0,0,0,0,0,0,0,0","28758,1593,11948,37065,28004,97726,147133,0,0,0,0,0,0,0,0,0,0,0,0,0,0,0,0,0"
grid15_M3_r-0.6_s42/A200.mvh,no_redund,0,True,2776,170052,338227,9182,0.6528,1.4,4.2,3.9,19.2,0.5,4.0,0.1,27566060,4275869,1767016,40009523,333024,19203,326950,11276,14001,0,0,0,0.35,200.0,24.3,1552560,501290,1048445,1039,1786,0,0,211,3186998,0,0,0,"7027,4865,18740,56378,251402,834863,379285,0,0,0,0,0,0,0,0,0,0,0,0,0,0,0,0,0","28758,1593,11948,37065,28004,97726,147133,0,0,0,0,0,0,0,0,0,0,0,0,0,0,0,0,0"
grid15_M3_r-0.6_s42/A200.mvh,no_kd,0,True,2776,170052,338227,9182,0.6423,1.5,3.5,1.0,20.0,0.5,4.0,0.2,27566060,4275869,1767016,8759560,333024,19203,326950,11276,14001,0,0,0,0.35,200.0,24.3,1552560,501290,1048445,1039,1786,0,0,211,370208,40193,42200,2816790,"7027,4865,18740,56378,251402,834863,379285,0,0,0,0,0,0,0,0,0,0,0,0,0,0,0,0,0","28758,1593,11948,37065,28004,97726,147133,0,0,0,0,0,0,0,0,0,0,0,0,0,0,0,0,0"
grid15_M3_r-0.6_s42/A200.mvh,no_flatH_redund,0,True,2776,170052,338227,9182,0.6509,1.5,4.3,4.6,19.4,0.5,4.0,0.0,27566060,4275869,1767016,40009523,333024,19203,326950,11276,14001,0,0,0,0.35,200.0,24.3,1552560,501290,1048445,1039,1786,0,0,0,3186998,0,0,0,"7027,4865,18740,56378,251402,834863,379285,0,0,0,0,0,0,0,0,0,0,0,0,0,0,0,0,0","28758,1593,11948,37065,28004,97726,147133,0,0,0,0,0,0,0,0,0,0,0,0,0,0,0,0,0"
grid15_M3_r-0.6_s42/A200.mvh,fixedX16,0,True,2776,170052,338227,9182,0.7274,1.1,2.5,0.9,22.2,0.5,7.1,0.2,3290718,489135,1767016,636580,333024,19203,326950,11276,14001,0,0,0,0.35,200.0,24.3,1552560,501290,1048445,1039,1786,171,2031,211,370208,40193,42200,2816790,"7027,4865,18740,56378,251402,834863,379285,0,0,0,0,0,0,0,0,0,0,0,0,0,0,0,0,0","28758,1593,11948,37065,28004,97726,147133,0,0,0,0,0,0,0,0,0,0,0,0,0,0,0,0,0"
grid15_M3_r-0.6_s42/A200.mvh,plus_roi1024_kdT,0,True,2776,170052,338227,9182,0.6394,1.5,3.4,1.0,19.9,0.5,4.1,0.2,27566060,4275869,1767016,8759560,333024,19203,326950,11276,14001,0,0,0,0.35,200.0,24.3,1552560,501290,1048445,1039,1786,0,0,211,370208,40193,42200,2816790,"7027,4865,18740,56378,251402,834863,379285,0,0,0,0,0,0,0,0,0,0,0,0,0,0,0,0,0","28758,1593,11948,37065,28004,97726,147133,0,0,0,0,0,0,0,0,0,0,0,0,0,0,0,0,0"
grid15_M3_r-0.6_s42/A200.mvh,plus_gcl_prune,0,True,2776,170052,338227,9182,0.9881,1.2,3.1,0.8,16.7,0.3,17.1,0.2,27566060,4275869,1423905,8759560,333024,19203,326950,11276,14001,0,0,0,0.35,200.0,24.3,1552560,501290,1048445,1039,1786,0,0,211,370208,40193,42200,2816790,"7027,4865,18740,56378,251402,834863,379285,0,0,0,0,0,0,0,0,0,0,0,0,0,0,0,0,0","28758,1593,11948,37065,28004,97726,147133,0,0,0,0,0,0,0,0,0,0,0,0,0,0,0,0,0"
grid15_M3_r-0.6_s42/A200.mvh,plus_lastwit,0,True,2776,170052,338227,9182,0.8264,1.5,3.7,0.9,19.7,0.5,4.0,0.2,27720710,4275869,1767016,8643842,333024,19203,326950,11276,14001,0,0,0,0.35,200.0,24.3,1552560,501290,1048445,1039,1786,0,0,211,370208,40193,42200,2816790,"7027,4865,18740,56378,251402,834863,379285,0,0,0,0,0,0,0,0,0,0,0,0,0,0,0,0,0","28758,1593,11948,37065,28004,97726,147133,0,0,0,0,0,0,0,0,0,0,0,0,0,0,0,0,0"
grid15_M3_r-0.6_s42/A200.mvh,none,1,True,2776,170052,338227,9182,1.0539,1.0,28.4,2.9,14.9,2.3,2.8,0.0,26979304,4275869,12729930,221965181,1233536,19203,1083086,74786,94867,0,0,0,0.80,200.0,27.5,1467714,497416,950800,17818,1680,0,0,0,20944405,0,0,0,"7004,4776,18395,55010,248076,807979,326474,0,0,0,0,0,0,0,0,0,0,0,0,0,0,0,0,0","67994,4103,31443,103534,84239,322632,638794,0,0,0,0,0,0,0,0,0,0,0,0,0,0,0,0,0"
grid15_M3_r-0.6_s42/A200.mvh,FULL,1,True,2776,170052,338227,9182,0.6134,1.5,3.4,1.0,20.0,0.5,4.1,0.2,27566060,4275869,1767016,8759560,333024,19203,326950,11276,14001,0,0,0,0.35,200.0,24.3,1552560,501290,1048445,1039,1786,0,0,211,370208,40193,42200,2816790,"7027,4865,18740,56378,251402,834863,379285,0,0,0,0,0,0,0,0,0,0,0,0,0,0,0,0,0","28758,1593,11948,37065,28004,97726,147133,0,0,0,0,0,0,0,0,0,0,0,0,0,0,0,0,0"
grid15_M3_r-0.6_s42/A200.mvh,no_local_first,1,True,2776,170052,338227,9182,0.7526,1.3,14.2,0.8,17.0,0.4,3.6,0.2,27025027,4275869,1737075,36594931,1233536,19203,1083086,74786,94867,0,0,0,0.80,200.0,27.5,1467714,497416,967624,994,1680,0,0,221,1638092,42075,44200,19306313,"7004,4776,18395,55010,248076,807979,326474,0,0,0,0,0,0,0,0,0,0,0,0,0,0,0,0,0","67994,4103,31443,103534,84239,322632,638794,0,0,0,0,0,0,0,0,0,0,0,0,0,0,0,0,0"
grid15_M3_r-0.6_s42/A200.mvh,no_witness,1,True,2776,170052,338227,9182,0.6814,1.5,3.4,1.0,22.1,3.8,4.0,0.2,27518366,4275869,13713889,8759560,333024,19203,326950,11276,14001,0,0,0,0.35,200.0,24.3,1552560,501290,1029899,19585,1786,0,0,211,370208,40193,42200,2816790,"7027,4865,18740,56378,251402,834863,379285,0,0,0,0,0,0,0,0,0,0,0,0,0,0,0,0,0","28758,1593,11948,37065,28004,97726,147133,0,0,0,0,0,0,0,0,0,0,0,0,0,0,0,0,0"
grid15_M3_r-0.6_s42/A200.mvh,no_redund,1,True,2776,170052,338227,9182,0.6635,1.4,4.2,3.8,19.1,0.5,3.9,0.1,27566060,4275869,1767016,40009523,333024,19203,326950,11276,14001,0,0,0,0.35,200.0,24.3,1552560,501290,1048445,1039,1786,0,0,211,3186998,0,0,0,"7027,4865,18740,56378,251402,834863,379285,0,0,0,0,0,0,0,0,0,0,0,0,0,0,0,0,0","28758,1593,11948,37065,28004,97726,147133,0,0,0,0,0,0,0,0,0,0,0,0,0,0,0,0,0"
grid15_M3_r-0.6_s42/A200.mvh,no_kd,1,True,2776,170052,338227,9182,0.6278,1.5,3.5,1.0,20.1,0.5,4.1,0.2,27566060,4275869,1767016,8759560,333024,19203,326950,11276,14001,0,0,0,0.35,200.0,24.3,1552560,501290,1048445,1039,1786,0,0,211,370208,40193,42200,2816790,"7027,4865,18740,56378,251402,834863,379285,0,0,0,0,0,0,0,0,0,0,0,0,0,0,0,0,0","28758,1593,11948,37065,28004,97726,147133,0,0,0,0,0,0,0,0,0,0,0,0,0,0,0,0,0"
grid15_M3_r-0.6_s42/A200.mvh,no_flatH_redund,1,True,2776,170052,338227,9182,0.6342,1.4,4.4,4.5,19.5,0.5,4.0,0.0,27566060,4275869,1767016,40009523,333024,19203,326950,11276,14001,0,0,0,0.35,200.0,24.3,1552560,501290,1048445,1039,1786,0,0,0,3186998,0,0,0,"7027,4865,18740,56378,251402,834863,379285,0,0,0,0,0,0,0,0,0,0,0,0,0,0,0,0,0","28758,1593,11948,37065,28004,97726,147133,0,0,0,0,0,0,0,0,0,0,0,0,0,0,0,0,0"
grid15_M3_r-0.6_s42/A200.mvh,fixedX16,1,True,2776,170052,338227,9182,0.6930,1.0,2.5,1.0,22.3,0.4,6.9,0.2,3290718,489135,1767016,636580,333024,19203,326950,11276,14001,0,0,0,0.35,200.0,24.3,1552560,501290,1048445,1039,1786,171,2031,211,370208,40193,42200,2816790,"7027,4865,18740,56378,251402,834863,379285,0,0,0,0,0,0,0,0,0,0,0,0,0,0,0,0,0","28758,1593,11948,37065,28004,97726,147133,0,0,0,0,0,0,0,0,0,0,0,0,0,0,0,0,0"
grid15_M3_r-0.6_s42/A200.mvh,plus_roi1024_kdT,1,True,2776,170052,338227,9182,0.6670,1.6,3.5,1.0,19.9,0.5,4.0,0.2,27566060,4275869,1767016,8759560,333024,19203,326950,11276,14001,0,0,0,0.35,200.0,24.3,1552560,501290,1048445,1039,1786,0,0,211,370208,40193,42200,2816790,"7027,4865,18740,56378,251402,834863,379285,0,0,0,0,0,0,0,0,0,0,0,0,0,0,0,0,0","28758,1593,11948,37065,28004,97726,147133,0,0,0,0,0,0,0,0,0,0,0,0,0,0,0,0,0"
grid15_M3_r-0.6_s42/A200.mvh,plus_gcl_prune,1,True,2776,170052,338227,9182,1.0738,1.2,3.2,0.8,16.6,0.3,18.2,0.2,27566060,4275869,1423905,8759560,333024,19203,326950,11276,14001,0,0,0,0.35,200.0,24.3,1552560,501290,1048445,1039,1786,0,0,211,370208,40193,42200,2816790,"7027,4865,18740,56378,251402,834863,379285,0,0,0,0,0,0,0,0,0,0,0,0,0,0,0,0,0","28758,1593,11948,37065,28004,97726,147133,0,0,0,0,0,0,0,0,0,0,0,0,0,0,0,0,0"
grid15_M3_r-0.6_s42/A200.mvh,plus_lastwit,1,True,2776,170052,338227,9182,0.8604,1.5,3.7,0.9,19.6,0.5,4.0,0.2,27720710,4275869,1767016,8643842,333024,19203,326950,11276,14001,0,0,0,0.35,200.0,24.3,1552560,501290,1048445,1039,1786,0,0,211,370208,40193,42200,2816790,"7027,4865,18740,56378,251402,834863,379285,0,0,0,0,0,0,0,0,0,0,0,0,0,0,0,0,0","28758,1593,11948,37065,28004,97726,147133,0,0,0,0,0,0,0,0,0,0,0,0,0,0,0,0,0"
grid15_M3_r-0.6_s42/A200.mvh,none,2,True,2776,170052,338227,9182,1.2583,1.0,29.9,3.0,14.6,2.3,2.7,0.0,26979304,4275869,12729930,221965181,1233536,19203,1083086,74786,94867,0,0,0,0.80,200.0,27.5,1467714,497416,950800,17818,1680,0,0,0,20944405,0,0,0,"7004,4776,18395,55010,248076,807979,326474,0,0,0,0,0,0,0,0,0,0,0,0,0,0,0,0,0","67994,4103,31443,103534,84239,322632,638794,0,0,0,0,0,0,0,0,0,0,0,0,0,0,0,0,0"
grid15_M3_r-0.6_s42/A200.mvh,FULL,2,True,2776,170052,338227,9182,0.6476,1.5,3.5,1.0,20.1,0.5,4.1,0.2,27566060,4275869,1767016,8759560,333024,19203,326950,11276,14001,0,0,0,0.35,200.0,24.3,1552560,501290,1048445,1039,1786,0,0,211,370208,40193,42200,2816790,"7027,4865,18740,56378,251402,834863,379285,0,0,0,0,0,0,0,0,0,0,0,0,0,0,0,0,0","28758,1593,11948,37065,28004,97726,147133,0,0,0,0,0,0,0,0,0,0,0,0,0,0,0,0,0"
grid15_M3_r-0.6_s42/A200.mvh,no_local_first,2,True,2776,170052,338227,9182,0.8242,1.3,14.5,0.8,16.7,0.4,3.5,0.2,27025027,4275869,1737075,36594931,1233536,19203,1083086,74786,94867,0,0,0,0.80,200.0,27.5,1467714,497416,967624,994,1680,0,0,221,1638092,42075,44200,19306313,"7004,4776,18395,55010,248076,807979,326474,0,0,0,0,0,0,0,0,0,0,0,0,0,0,0,0,0","67994,4103,31443,103534,84239,322632,638794,0,0,0,0,0,0,0,0,0,0,0,0,0,0,0,0,0"
grid15_M3_r-0.6_s42/A200.mvh,no_witness,2,True,2776,170052,338227,9182,0.8772,1.4,3.7,0.9,21.3,3.1,3.9,0.2,27518366,4275869,13713889,8759560,333024,19203,326950,11276,14001,0,0,0,0.35,200.0,24.3,1552560,501290,1029899,19585,1786,0,0,211,370208,40193,42200,2816790,"7027,4865,18740,56378,251402,834863,379285,0,0,0,0,0,0,0,0,0,0,0,0,0,0,0,0,0","28758,1593,11948,37065,28004,97726,147133,0,0,0,0,0,0,0,0,0,0,0,0,0,0,0,0,0"
grid15_M3_r-0.6_s42/A200.mvh,no_redund,2,True,2776,170052,338227,9182,0.7006,1.4,4.2,3.9,19.0,0.5,3.9,0.1,27566060,4275869,1767016,40009523,333024,19203,326950,11276,14001,0,0,0,0.35,200.0,24.3,1552560,501290,1048445,1039,1786,0,0,211,3186998,0,0,0,"7027,4865,18740,56378,251402,834863,379285,0,0,0,0,0,0,0,0,0,0,0,0,0,0,0,0,0","28758,1593,11948,37065,28004,97726,147133,0,0,0,0,0,0,0,0,0,0,0,0,0,0,0,0,0"
grid15_M3_r-0.6_s42/A200.mvh,no_kd,2,True,2776,170052,338227,9182,0.7094,1.5,3.6,1.0,19.6,0.5,4.0,0.2,27566060,4275869,1767016,8759560,333024,19203,326950,11276,14001,0,0,0,0.35,200.0,24.3,1552560,501290,1048445,1039,1786,0,0,211,370208,40193,42200,2816790,"7027,4865,18740,56378,251402,834863,379285,0,0,0,0,0,0,0,0,0,0,0,0,0,0,0,0,0","28758,1593,11948,37065,28004,97726,147133,0,0,0,0,0,0,0,0,0,0,0,0,0,0,0,0,0"
grid15_M3_r-0.6_s42/A200.mvh,no_flatH_redund,2,True,2776,170052,338227,9182,0.6524,1.5,4.3,4.7,19.3,0.5,3.9,0.0,27566060,4275869,1767016,40009523,333024,19203,326950,11276,14001,0,0,0,0.35,200.0,24.3,1552560,501290,1048445,1039,1786,0,0,0,3186998,0,0,0,"7027,4865,18740,56378,251402,834863,379285,0,0,0,0,0,0,0,0,0,0,0,0,0,0,0,0,0","28758,1593,11948,37065,28004,97726,147133,0,0,0,0,0,0,0,0,0,0,0,0,0,0,0,0,0"
grid15_M3_r-0.6_s42/A200.mvh,fixedX16,2,True,2776,170052,338227,9182,0.6874,1.0,2.5,1.0,22.3,0.4,6.9,0.2,3290718,489135,1767016,636580,333024,19203,326950,11276,14001,0,0,0,0.35,200.0,24.3,1552560,501290,1048445,1039,1786,171,2031,211,370208,40193,42200,2816790,"7027,4865,18740,56378,251402,834863,379285,0,0,0,0,0,0,0,0,0,0,0,0,0,0,0,0,0","28758,1593,11948,37065,28004,97726,147133,0,0,0,0,0,0,0,0,0,0,0,0,0,0,0,0,0"
grid15_M3_r-0.6_s42/A200.mvh,plus_roi1024_kdT,2,True,2776,170052,338227,9182,0.6307,1.5,3.4,1.0,20.1,0.5,4.1,0.2,27566060,4275869,1767016,8759560,333024,19203,326950,11276,14001,0,0,0,0.35,200.0,24.3,1552560,501290,1048445,1039,1786,0,0,211,370208,40193,42200,2816790,"7027,4865,18740,56378,251402,834863,379285,0,0,0,0,0,0,0,0,0,0,0,0,0,0,0,0,0","28758,1593,11948,37065,28004,97726,147133,0,0,0,0,0,0,0,0,0,0,0,0,0,0,0,0,0"
grid15_M3_r-0.6_s42/A200.mvh,plus_gcl_prune,2,True,2776,170052,338227,9182,0.7907,1.2,3.0,0.8,16.9,0.3,18.2,0.2,27566060,4275869,1423905,8759560,333024,19203,326950,11276,14001,0,0,0,0.35,200.0,24.3,1552560,501290,1048445,1039,1786,0,0,211,370208,40193,42200,2816790,"7027,4865,18740,56378,251402,834863,379285,0,0,0,0,0,0,0,0,0,0,0,0,0,0,0,0,0","28758,1593,11948,37065,28004,97726,147133,0,0,0,0,0,0,0,0,0,0,0,0,0,0,0,0,0"
grid15_M3_r-0.6_s42/A200.mvh,plus_lastwit,2,True,2776,170052,338227,9182,0.6342,1.6,3.5,1.0,20.0,0.5,4.1,0.2,27720710,4275869,1767016,8643842,333024,19203,326950,11276,14001,0,0,0,0.35,200.0,24.3,1552560,501290,1048445,1039,1786,0,0,211,370208,40193,42200,2816790,"7027,4865,18740,56378,251402,834863,379285,0,0,0,0,0,0,0,0,0,0,0,0,0,0,0,0,0","28758,1593,11948,37065,28004,97726,147133,0,0,0,0,0,0,0,0,0,0,0,0,0,0,0,0,0"
grid10_M6_r0.3_s42/A25.mvh,none,0,True,17164,197696,251680,7918,22.9999,8.0,64.8,1.5,17.1,1.8,5.8,0.0,1782745774,436147006,82456089,6437928893,1241154,12095,560452,421468,271329,0,0,0,2.03,25.0,3287.0,1213587,434099,673964,98166,7358,0,0,0,9668819,0,0,0,"11153,952,3843,5074,10285,21213,44268,92502,132023,176388,192632,208523,188990,115264,10477,0,0,0,0,0,0,0,0,0","76310,60,136,5552,6005,5931,16453,17641,25051,50499,178168,167358,256946,366025,81114,0,0,0,0,0,0,0,0,0"
grid10_M6_r0.3_s42/A25.mvh,FULL,0,True,17164,197696,251680,7918,1.6315,4.7,6.5,0.8,43.0,4.5,18.6,0.0,35302383,8868446,16966196,5190504,249364,12095,189431,62248,9780,0,0,0,0.53,25.0,2585.9,1480739,439674,1033492,187,7386,46,433,79,365790,1274,1975,219571,"12306,1053,4352,5401,10948,22321,46270,96400,138764,189976,216464,250059,268403,200265,17757,0,0,0,0,0,0,0,0,0","30115,26,53,1725,1823,1938,5062,5249,6958,14083,44705,34222,46380,58022,11098,0,0,0,0,0,0,0,0,0"
grid10_M6_r0.3_s42/A25.mvh,no_local_first,0,True,17164,197696,251680,7918,2.3914,3.0,37.3,0.5,27.6,3.0,12.7,0.0,31835393,8449237,16954343,53869794,1241154,12095,560452,421468,271329,0,0,0,2.03,25.0,3287.0,1213587,434099,771946,184,7358,46,447,90,3983734,1459,2250,5685085,"11153,952,3843,5074,10285,21213,44268,92502,132023,176388,192632,208523,188990,115264,10477,0,0,0,0,0,0,0,0,0","76310,60,136,5552,6005,5931,16453,17641,25051,50499,178168,167358,256946,366025,81114,0,0,0,0,0,0,0,0,0"
grid10_M6_r0.3_s42/A25.mvh,no_witness,0,True,17164,197696,251680,7918,2.1246,4.1,5.2,0.7,52.2,19.1,15.7,0.0,35396625,9004347,82886076,5190504,249364,12095,189431,62248,9780,0,0,0,0.53,25.0,2585.9,1480739,439674,932287,101392,7386,45,425,79,365790,1274,1975,219571,"12306,1053,4352,5401,10948,22321,46270,96400,138764,189976,216464,250059,268403,200265,17757,0,0,0,0,0,0,0,0,0","30115,26,53,1725,1823,1938,5062,5249,6958,14083,44705,34222,46380,58022,11098,0,0,0,0,0,0,0,0,0"
grid10_M6_r0.3_s42/A25.mvh,no_redund,0,True,17164,197696,251680,7918,1.9015,4.5,7.4,1.6,42.3,4.2,18.0,0.0,35311312,8870737,16966196,9145288,249364,12095,189431,62248,9780,0,0,0,0.53,25.0,2585.9,1480739,439674,1033492,187,7386,46,433,79,585361,0,0,0,"12306,1053,4352,5401,10948,22321,46270,96400,138764,189976,216464,250059,268403,200265,17757,0,0,0,0,0,0,0,0,0","30115,26,53,1725,1823,1938,5062,5249,6958,14083,44705,34222,46380,58022,11098,0,0,0,0,0,0,0,0,0"
grid10_M6_r0.3_s42/A25.mvh,no_kd,0,True,17164,197696,251680,7918,9.9458,18.2,18.2,1.4,43.0,0.8,13.5,0.0,1863167406,436147006,16966196,761814804,249364,12095,189431,62248,9780,0,0,0,0.53,25.0,2585.9,1480739,439674,1033492,187,7386,0,0,79,365790,1274,1975,219571,"12306,1053,4352,5401,10948,22321,46270,96400,138764,189976,216464,250059,268403,200265,17757,0,0,0,0,0,0,0,0,0","30115,26,53,1725,1823,1938,5062,5249,6958,14083,44705,34222,46380,58022,11098,0,0,0,0,0,0,0,0,0"
grid10_M6_r0.3_s42/A25.mvh,no_flatH_redund,0,True,17164,197696,251680,7918,1.5874,4.6,7.4,1.6,42.2,4.3,18.3,0.0,35311312,8870737,16966196,9145288,249364,12095,189431,62248,9780,0,0,0,0.53,25.0,2585.9,1480739,439674,1033492,187,7386,46,433,0,585361,0,0,0,"12306,1053,4352,5401,10948,22321,46270,96400,138764,189976,216464,250059,268403,200265,17757,0,0,0,0,0,0,0,0,0","30115,26,53,1725,1823,1938,5062,5249,6958,14083,44705,34222,46380,58022,11098,0,0,0,0,0,0,0,0,0"
grid10_M6_r0.3_s42/A25.mvh,fixedX16,0,True,17164,197696,251680,7918,1.5377,4.8,6.5,0.8,41.9,4.5,19.0,0.0,20458394,3841640,16966196,4837190,249364,12095,189431,62248,9780,0,0,0,0.53,25.0,2585.9,1480739,439674,1033492,187,7386,89,795,79,365790,1274,1975,219571,"12306,1053,4352,5401,10948,22321,46270,96400,138764,189976,216464,250059,268403,200265,17757,0,0,0,0,0,0,0,0,0","30115,26,53,1725,1823,1938,5062,5249,6958,14083,44705,34222,46380,58022,11098,0,0,0,0,0,0,0,0,0"
grid10_M6_r0.3_s42/A25.mvh,plus_roi1024_kdT,0,True,17164,197696,251680,7918,1.6485,4.7,6.4,0.8,43.1,4.3,18.6,0.0,35302383,8868446,16966196,5190504,249364,12095,189431,62248,9780,0,0,0,0.53,25.0,2585.9,1480739,439674,1033492,187,7386,46,433,79,365790,1274,1975,219571,"12306,1053,4352,5401,10948,22321,46270,96400,138764,189976,216464,250059,268403,200265,17757,0,0,0,0,0,0,0,0,0","30115,26,53,1725,1823,1938,5062,5249,6958,14083,44705,34222,46380,58022,11098,0,0,0,0,0,0,0,0,0"
grid10_M6_r0.3_s42/A25.mvh,plus_gcl_prune,0,True,17164,197696,251680,7918,4.0860,3.0,3.7,0.4,24.7,1.5,53.5,0.0,35302383,8868446,12025644,5190504,249364,12095,189431,62248,9780,0,0,0,0.53,25.0,2585.9,1480739,439674,1033492,187,7386,46,433,79,365790,1274,1975,219571,"12306,1053,4352,5401,10948,22321,46270,96400,138764,189976,216464,250059,268403,200265,17757,0,0,0,0,0,0,0,0,0","30115,26,53,1725,1823,1938,5062,5249,6958,14083,44705,34222,46380,58022,11098,0,0,0,0,0,0,0,0,0"
grid10_M6_r0.3_s42/A25.mvh,plus_lastwit,0,True,17164,197696,251680,7918,2.4679,4.4,6.2,0.8,42.3,3.8,18.2,0.0,35310244,8868446,16966196,5196921,249364,12095,189431,62248,9780,0,0,0,0.53,25.0,2585.9,1480739,439674,1033492,187,7386,46,433,79,365790,1274,1975,219571,"12306,1053,4352,5401,10948,22321,46270,96400,138764,189976,216464,250059,268403,200265,17757,0,0,0,0,0,0,0,0,0","30115,26,53,1725,1823,1938,5062,5249,6958,14083,44705,34222,46380,58022,11098,0,0,0,0,0,0,0,0,0"
grid10_M6_r0.3_s42/A25.mvh,none,1,True,17164,197696,251680,7918,23.4842,7.9,64.6,1.4,17.2,1.8,5.9,0.0,1782745774,436147006,82456089,6437928893,1241154,12095,560452,421468,271329,0,0,0,2.03,25.0,3287.0,1213587,434099,673964,98166,7358,0,0,0,9668819,0,0,0,"11153,952,3843,5074,10285,21213,44268,92502,132023,176388,192632,208523,188990,115264,10477,0,0,0,0,0,0,0,0,0","76310,60,136,5552,6005,5931,16453,17641,25051,50499,178168,167358,256946,366025,81114,0,0,0,0,0,0,0,0,0"
grid10_M6_r0.3_s42/A25.mvh,FULL,1,True,17164,197696,251680,7918,1.5756,4.8,6.4,0.8,43.1,4.4,18.5,0.0,35302383,8868446,16966196,5190504,249364,12095,189431,62248,9780,0,0,0,0.53,25.0,2585.9,1480739,439674,1033492,187,7386,46,433,79,365790,1274,1975,219571,"12306,1053,4352,5401,10948,22321,46270,96400,138764,189976,216464,250059,268403,200265,17757,0,0,0,0,0,0,0,0,0","30115,26,53,1725,1823,1938,5062,5249,6958,14083,44705,34222,46380,58022,11098,0,0,0,0,0,0,0,0,0"
grid10_M6_r0.3_s42/A25.mvh,no_local_first,1,True,17164,197696,251680,7918,2.3476,3.0,37.4,0.5,27.7,3.1,12.7,0.0,31835393,8449237,16954343,53869794,1241154,12095,560452,421468,271329,0,0,0,2.03,25.0,3287.0,1213587,434099,771946,184,7358,46,447,90,3983734,1459,2250,5685085,"11153,952,3843,5074,10285,21213,44268,92502,132023,176388,192632,208523,188990,115264,10477,0,0,0,0,0,0,0,0,0","76310,60,136,5552,6005,5931,16453,17641,25051,50499,178168,167358,256946,366025,81114,0,0,0,0,0,0,0,0,0"
grid10_M6_r0.3_s42/A25.mvh,no_witness,1,True,17164,197696,251680,7918,1.8476,4.0,5.2,0.7,51.6,18.7,15.8,0.0,35396625,9004347,82886076,5190504,249364,12095,189431,62248,9780,0,0,0,0.53,25.0,2585.9,1480739,439674,932287,101392,7386,45,425,79,365790,1274,1975,219571,"12306,1053,4352,5401,10948,22321,46270,96400,138764,189976,216464,250059,268403,200265,17757,0,0,0,0,0,0,0,0,0","30115,26,53,1725,1823,1938,5062,5249,6958,14083,44705,34222,46380,58022,11098,0,0,0,0,0,0,0,0,0"
grid10_M6_r0.3_s42/A25.mvh,no_redund,1,True,17164,197696,251680,7918,1.5952,4.5,7.3,1.6,42.4,4.2,18.2,0.0,35311312,8870737,16966196,9145288,249364,12095,189431,62248,9780,0,0,0,0.53,25.0,2585.9,1480739,439674,1033492,187,7386,46,433,79,585361,0,0,0,"12306,1053,4352,5401,10948,22321,46270,96400,138764,189976,216464,250059,268403,200265,17757,0,0,0,0,0,0,0,0,0","30115,26,53,1725,1823,1938,5062,5249,6958,14083,44705,34222,46380,58022,11098,0,0,0,0,0,0,0,0,0"
grid10_M6_r0.3_s42/A25.mvh,no_kd,1,True,17164,197696,251680,7918,10.8157,18.2,18.2,1.4,43.0,0.8,13.5,0.0,1863167406,436147006,16966196,761814804,249364,12095,189431,62248,9780,0,0,0,0.53,25.0,2585.9,1480739,439674,1033492,187,7386,0,0,79,365790,1274,1975,219571,"12306,1053,4352,5401,10948,22321,46270,96400,138764,189976,216464,250059,268403,200265,17757,0,0,0,0,0,0,0,0,0","30115,26,53,1725,1823,1938,5062,5249,6958,14083,44705,34222,46380,58022,11098,0,0,0,0,0,0,0,0,0"
grid10_M6_r0.3_s42/A25.mvh,no_flatH_redund,1,True,17164,197696,251680,7918,1.5916,4.6,7.4,1.7,42.3,4.3,18.3,0.0,35311312,8870737,16966196,9145288,249364,12095,189431,62248,9780,0,0,0,0.53,25.0,2585.9,1480739,439674,1033492,187,7386,46,433,0,585361,0,0,0,"12306,1053,4352,5401,10948,22321,46270,96400,138764,189976,216464,250059,268403,200265,17757,0,0,0,0,0,0,0,0,0","30115,26,53,1725,1823,1938,5062,5249,6958,14083,44705,34222,46380,58022,11098,0,0,0,0,0,0,0,0,0"
grid10_M6_r0.3_s42/A25.mvh,fixedX16,1,True,17164,197696,251680,7918,1.5118,4.8,6.5,0.8,42.0,4.5,19.0,0.0,20458394,3841640,16966196,4837190,249364,12095,189431,62248,9780,0,0,0,0.53,25.0,2585.9,1480739,439674,1033492,187,7386,89,795,79,365790,1274,1975,219571,"12306,1053,4352,5401,10948,22321,46270,96400,138764,189976,216464,250059,268403,200265,17757,0,0,0,0,0,0,0,0,0","30115,26,53,1725,1823,1938,5062,5249,6958,14083,44705,34222,46380,58022,11098,0,0,0,0,0,0,0,0,0"
grid10_M6_r0.3_s42/A25.mvh,plus_roi1024_kdT,1,True,17164,197696,251680,7918,1.5123,4.7,6.4,0.8,43.0,4.4,18.6,0.0,35302383,8868446,16966196,5190504,249364,12095,189431,62248,9780,0,0,0,0.53,25.0,2585.9,1480739,439674,1033492,187,7386,46,433,79,365790,1274,1975,219571,"12306,1053,4352,5401,10948,22321,46270,96400,138764,189976,216464,250059,268403,200265,17757,0,0,0,0,0,0,0,0,0","30115,26,53,1725,1823,1938,5062,5249,6958,14083,44705,34222,46380,58022,11098,0,0,0,0,0,0,0,0,0"
grid10_M6_r0.3_s42/A25.mvh,plus_gcl_prune,1,True,17164,197696,251680,7918,2.9165,2.9,3.8,0.5,26.6,1.6,49.8,0.0,35302383,8868446,12025644,5190504,249364,12095,189431,62248,9780,0,0,0,0.53,25.0,2585.9,1480739,439674,1033492,187,7386,46,433,79,365790,1274,1975,219571,"12306,1053,4352,5401,10948,22321,46270,96400,138764,189976,216464,250059,268403,200265,17757,0,0,0,0,0,0,0,0,0","30115,26,53,1725,1823,1938,5062,5249,6958,14083,44705,34222,46380,58022,11098,0,0,0,0,0,0,0,0,0"
grid10_M6_r0.3_s42/A25.mvh,plus_lastwit,1,True,17164,197696,251680,7918,1.6736,4.8,6.4,0.8,43.3,4.3,18.7,0.0,35310244,8868446,16966196,5196921,249364,12095,189431,62248,9780,0,0,0,0.53,25.0,2585.9,1480739,439674,1033492,187,7386,46,433,79,365790,1274,1975,219571,"12306,1053,4352,5401,10948,22321,46270,96400,138764,189976,216464,250059,268403,200265,17757,0,0,0,0,0,0,0,0,0","30115,26,53,1725,1823,1938,5062,5249,6958,14083,44705,34222,46380,58022,11098,0,0,0,0,0,0,0,0,0"
grid10_M6_r0.3_s42/A25.mvh,none,2,True,17164,197696,251680,7918,23.8555,7.9,64.8,1.4,17.1,1.8,5.9,0.0,1782745774,436147006,82456089,6437928893,1241154,12095,560452,421468,271329,0,0,0,2.03,25.0,3287.0,1213587,434099,673964,98166,7358,0,0,0,9668819,0,0,0,"11153,952,3843,5074,10285,21213,44268,92502,132023,176388,192632,208523,188990,115264,10477,0,0,0,0,0,0,0,0,0","76310,60,136,5552,6005,5931,16453,17641,25051,50499,178168,167358,256946,366025,81114,0,0,0,0,0,0,0,0,0"
grid10_M6_r0.3_s42/A25.mvh,FULL,2,True,17164,197696,251680,7918,2.0640,4.6,6.3,0.8,43.1,4.2,18.3,0.0,35302383,8868446,16966196,5190504,249364,12095,189431,62248,9780,0,0,0,0.53,25.0,2585.9,1480739,439674,1033492,187,7386,46,433,79,365790,1274,1975,219571,"12306,1053,4352,5401,10948,22321,46270,96400,138764,189976,216464,250059,268403,200265,17757,0,0,0,0,0,0,0,0,0","30115,26,53,1725,1823,1938,5062,5249,6958,14083,44705,34222,46380,58022,11098,0,0,0,0,0,0,0,0,0"
grid10_M6_r0.3_s42/A25.mvh,no_local_first,2,True,17164,197696,251680,7918,2.4346,2.9,36.8,0.5,27.7,2.9,12.7,0.0,31835393,8449237,16954343,53869794,1241154,12095,560452,421468,271329,0,0,0,2.03,25.0,3287.0,1213587,434099,771946,184,7358,46,447,90,3983734,1459,2250,5685085,"11153,952,3843,5074,10285,21213,44268,92502,132023,176388,192632,208523,188990,115264,10477,0,0,0,0,0,0,0,0,0","76310,60,136,5552,6005,5931,16453,17641,25051,50499,178168,167358,256946,366025,81114,0,0,0,0,0,0,0,0,0"
grid10_M6_r0.3_s42/A25.mvh,no_witness,2,True,17164,197696,251680,7918,1.7346,4.0,5.2,0.7,51.6,18.9,16.0,0.0,35396625,9004347,82886076,5190504,249364,12095,189431,62248,9780,0,0,0,0.53,25.0,2585.9,1480739,439674,932287,101392,7386,45,425,79,365790,1274,1975,219571,"12306,1053,4352,5401,10948,22321,46270,96400,138764,189976,216464,250059,268403,200265,17757,0,0,0,0,0,0,0,0,0","30115,26,53,1725,1823,1938,5062,5249,6958,14083,44705,34222,46380,58022,11098,0,0,0,0,0,0,0,0,0"
grid10_M6_r0.3_s42/A25.mvh,no_redund,2,True,17164,197696,251680,7918,1.4824,4.6,7.5,1.6,42.2,4.4,18.3,0.0,35311312,8870737,16966196,9145288,249364,12095,189431,62248,9780,0,0,0,0.53,25.0,2585.9,1480739,439674,1033492,187,7386,46,433,79,585361,0,0,0,"12306,1053,4352,5401,10948,22321,46270,96400,138764,189976,216464,250059,268403,200265,17757,0,0,0,0,0,0,0,0,0","30115,26,53,1725,1823,1938,5062,5249,6958,14083,44705,34222,46380,58022,11098,0,0,0,0,0,0,0,0,0"
grid10_M6_r0.3_s42/A25.mvh,no_kd,2,True,17164,197696,251680,7918,10.2926,18.4,18.1,1.4,43.1,0.8,13.4,0.0,1863167406,436147006,16966196,761814804,249364,12095,189431,62248,9780,0,0,0,0.53,25.0,2585.9,1480739,439674,1033492,187,7386,0,0,79,365790,1274,1975,219571,"12306,1053,4352,5401,10948,22321,46270,96400,138764,189976,216464,250059,268403,200265,17757,0,0,0,0,0,0,0,0,0","30115,26,53,1725,1823,1938,5062,5249,6958,14083,44705,34222,46380,58022,11098,0,0,0,0,0,0,0,0,0"
grid10_M6_r0.3_s42/A25.mvh,no_flatH_redund,2,True,17164,197696,251680,7918,2.0281,4.5,7.3,1.6,42.4,4.2,18.1,0.0,35311312,8870737,16966196,9145288,249364,12095,189431,62248,9780,0,0,0,0.53,25.0,2585.9,1480739,439674,1033492,187,7386,46,433,0,585361,0,0,0,"12306,1053,4352,5401,10948,22321,46270,96400,138764,189976,216464,250059,268403,200265,17757,0,0,0,0,0,0,0,0,0","30115,26,53,1725,1823,1938,5062,5249,6958,14083,44705,34222,46380,58022,11098,0,0,0,0,0,0,0,0,0"
grid10_M6_r0.3_s42/A25.mvh,fixedX16,2,True,17164,197696,251680,7918,1.6794,4.6,6.4,0.8,41.4,4.3,19.0,0.0,20458394,3841640,16966196,4837190,249364,12095,189431,62248,9780,0,0,0,0.53,25.0,2585.9,1480739,439674,1033492,187,7386,89,795,79,365790,1274,1975,219571,"12306,1053,4352,5401,10948,22321,46270,96400,138764,189976,216464,250059,268403,200265,17757,0,0,0,0,0,0,0,0,0","30115,26,53,1725,1823,1938,5062,5249,6958,14083,44705,34222,46380,58022,11098,0,0,0,0,0,0,0,0,0"
grid10_M6_r0.3_s42/A25.mvh,plus_roi1024_kdT,2,True,17164,197696,251680,7918,1.5725,4.7,6.4,0.8,43.0,4.4,18.6,0.0,35302383,8868446,16966196,5190504,249364,12095,189431,62248,9780,0,0,0,0.53,25.0,2585.9,1480739,439674,1033492,187,7386,46,433,79,365790,1274,1975,219571,"12306,1053,4352,5401,10948,22321,46270,96400,138764,189976,216464,250059,268403,200265,17757,0,0,0,0,0,0,0,0,0","30115,26,53,1725,1823,1938,5062,5249,6958,14083,44705,34222,46380,58022,11098,0,0,0,0,0,0,0,0,0"
grid10_M6_r0.3_s42/A25.mvh,plus_gcl_prune,2,True,17164,197696,251680,7918,3.1106,2.9,3.8,0.5,26.2,1.6,50.3,0.0,35302383,8868446,12025644,5190504,249364,12095,189431,62248,9780,0,0,0,0.53,25.0,2585.9,1480739,439674,1033492,187,7386,46,433,79,365790,1274,1975,219571,"12306,1053,4352,5401,10948,22321,46270,96400,138764,189976,216464,250059,268403,200265,17757,0,0,0,0,0,0,0,0,0","30115,26,53,1725,1823,1938,5062,5249,6958,14083,44705,34222,46380,58022,11098,0,0,0,0,0,0,0,0,0"
grid10_M6_r0.3_s42/A25.mvh,plus_lastwit,2,True,17164,197696,251680,7918,1.5512,4.7,6.4,0.8,43.1,4.4,18.7,0.0,35310244,8868446,16966196,5196921,249364,12095,189431,62248,9780,0,0,0,0.53,25.0,2585.9,1480739,439674,1033492,187,7386,46,433,79,365790,1274,1975,219571,"12306,1053,4352,5401,10948,22321,46270,96400,138764,189976,216464,250059,268403,200265,17757,0,0,0,0,0,0,0,0,0","30115,26,53,1725,1823,1938,5062,5249,6958,14083,44705,34222,46380,58022,11098,0,0,0,0,0,0,0,0,0"
grid8_M6_r0.0_s42/apex5.mvh,none,0,True,9412,32318,43645,4391,1.2475,8.1,59.3,10.4,9.2,0.8,8.0,0.0,101353955,24383639,3022495,306041051,160050,11327,18949,30049,122379,0,0,0,40.86,111.0,1368.9,76925,68867,4786,568,2704,0,0,0,12068611,0,0,0,"1410,273,689,1114,1614,2524,4124,6273,9687,14775,16661,13445,4336,0,0,0,0,0,0,0,0,0,0,0","102,98,163,154,245,556,1150,1442,5520,15475,33463,76000,37009,0,0,0,0,0,0,0,0,0,0,0"
grid8_M6_r0.0_s42/apex5.mvh,FULL,0,True,9412,32318,43645,4391,0.3389,4.0,31.9,19.2,18.4,3.1,11.1,0.8,7174083,1570340,3276295,18428827,62561,11327,18841,24803,30244,0,0,0,15.55,97.3,1241.2,192368,91786,97364,125,3093,12,99,55,2436914,0,79783,0,"13761,707,1232,1947,3276,6220,10589,18366,27154,41566,40287,21344,5919,0,0,0,0,0,0,0,0,0,0,0","76,69,112,104,164,385,761,890,3163,8429,16057,31496,12182,0,0,0,0,0,0,0,0,0,0,0"
grid8_M6_r0.0_s42/apex5.mvh,no_local_first,0,True,9412,32318,43645,4391,1.1518,2.7,67.5,8.9,6.4,1.2,5.8,0.2,12775568,2489726,2822533,99051699,160050,11327,18949,30049,122379,0,0,0,40.86,111.0,1368.9,76925,68867,5342,12,2704,15,108,57,12068611,0,95721,0,"1410,273,689,1114,1614,2524,4124,6273,9687,14775,16661,13445,4336,0,0,0,0,0,0,0,0,0,0,0","102,98,163,154,245,556,1150,1442,5520,15475,33463,76000,37009,0,0,0,0,0,0,0,0,0,0,0"
grid8_M6_r0.0_s42/apex5.mvh,no_witness,0,True,9412,32318,43645,4391,0.7045,3.4,26.6,18.7,27.4,14.1,9.1,0.4,7169173,1588318,17767449,18965929,62561,11327,18841,24803,30244,0,0,0,15.55,97.3,1241.2,192368,91786,84147,13342,3093,12,98,55,2436914,0,79783,0,"13761,707,1232,1947,3276,6220,10589,18366,27154,41566,40287,21344,5919,0,0,0,0,0,0,0,0,0,0,0","76,69,112,104,164,385,761,890,3163,8429,16057,31496,12182,0,0,0,0,0,0,0,0,0,0,0"
grid8_M6_r0.0_s42/apex5.mvh,no_redund,0,True,9412,32318,43645,4391,0.3505,4.0,31.2,19.5,18.7,3.2,11.5,0.5,7174083,1570340,3276295,18428827,62561,11327,18841,24803,30244,0,0,0,15.55,97.3,1241.2,192368,91786,97364,125,3093,12,99,55,2436914,0,0,0,"13761,707,1232,1947,3276,6220,10589,18366,27154,41566,40287,21344,5919,0,0,0,0,0,0,0,0,0,0,0","76,69,112,104,164,385,761,890,3163,8429,16057,31496,12182,0,0,0,0,0,0,0,0,0,0,0"
grid8_M6_r0.0_s42/apex5.mvh,no_kd,0,True,9412,32318,43645,4391,0.7737,11.4,29.4,15.0,25.3,1.3,11.9,0.2,110964725,24383639,3276295,144218077,62561,11327,18841,24803,30244,0,0,0,15.55,97.3,1241.2,192368,91786,97364,125,3093,0,0,55,2436914,0,79783,0,"13761,707,1232,1947,3276,6220,10589,18366,27154,41566,40287,21344,5919,0,0,0,0,0,0,0,0,0,0,0","76,69,112,104,164,385,761,890,3163,8429,16057,31496,12182,0,0,0,0,0,0,0,0,0,0,0"
grid8_M6_r0.0_s42/apex5.mvh,no_flatH_redund,0,True,9412,32318,43645,4391,0.2948,3.9,31.3,20.8,18.2,3.2,11.2,0.0,7174083,1570340,3276295,18428827,62561,11327,18841,24803,30244,0,0,0,15.55,97.3,1241.2,192368,91786,97364,125,3093,12,99,0,2436914,0,0,0,"13761,707,1232,1947,3276,6220,10589,18366,27154,41566,40287,21344,5919,0,0,0,0,0,0,0,0,0,0,0","76,69,112,104,164,385,761,890,3163,8429,16057,31496,12182,0,0,0,0,0,0,0,0,0,0,0"
grid8_M6_r0.0_s42/apex5.mvh,fixedX16,0,True,9412,32318,43645,4391,0.2763,3.7,32.3,20.1,17.0,3.3,11.5,0.6,2172543,475438,3276295,12141386,62561,11327,18841,24803,30244,0,0,0,15.55,97.3,1241.2,192368,91786,97364,125,3093,33,174,55,2436914,0,79783,0,"13761,707,1232,1947,3276,6220,10589,18366,27154,41566,40287,21344,5919,0,0,0,0,0,0,0,0,0,0,0","76,69,112,104,164,385,761,890,3163,8429,16057,31496,12182,0,0,0,0,0,0,0,0,0,0,0"
grid8_M6_r0.0_s42/apex5.mvh,plus_roi1024_kdT,0,True,9412,32318,43645,4391,0.3332,3.1,34.3,24.0,15.7,2.8,9.5,8.4,5283826,1258472,3276295,16167382,62561,11327,18863,24781,30244,0,1104,243210,15.53,97.3,1241.2,192368,91786,97364,125,3093,12,104,55,2039678,0,79783,0,"13761,707,1232,1947,3276,6220,10589,18366,27154,41566,40287,21344,5919,0,0,0,0,0,0,0,0,0,0,0","76,69,112,104,164,385,761,890,3163,8429,16057,31496,12182,0,0,0,0,0,0,0,0,0,0,0"
grid8_M6_r0.0_s42/apex5.mvh,plus_gcl_prune,0,True,9412,32318,43645,4391,0.3544,3.3,24.8,15.7,14.9,2.3,28.4,0.4,7174083,1570340,3276295,18428827,62561,11327,18841,24803,30244,0,0,0,15.55,97.3,1241.2,192368,91786,97364,125,3093,12,99,55,2436914,0,79783,0,"13761,707,1232,1947,3276,6220,10589,18366,27154,41566,40287,21344,5919,0,0,0,0,0,0,0,0,0,0,0","76,69,112,104,164,385,761,890,3163,8429,16057,31496,12182,0,0,0,0,0,0,0,0,0,0,0"
grid8_M6_r0.0_s42/apex5.mvh,plus_lastwit,0,True,9412,32318,43645,4391,0.3530,4.0,29.3,18.8,19.4,3.4,11.9,0.5,7614836,1639212,3276295,18261763,62561,11327,18841,24803,30244,0,0,0,15.55,97.3,1241.2,192368,91786,97364,125,3093,12,98,55,2436914,0,79783,0,"13761,707,1232,1947,3276,6220,10589,18366,27154,41566,40287,21344,5919,0,0,0,0,0,0,0,0,0,0,0","76,69,112,104,164,385,761,890,3163,8429,16057,31496,12182,0,0,0,0,0,0,0,0,0,0,0"
grid8_M6_r0.0_s42/apex5.mvh,none,1,True,9412,32318,43645,4391,1.3485,7.9,59.7,10.3,9.1,0.9,8.0,0.0,101353955,24383639,3022495,306041051,160050,11327,18949,30049,122379,0,0,0,40.86,111.0,1368.9,76925,68867,4786,568,2704,0,0,0,12068611,0,0,0,"1410,273,689,1114,1614,2524,4124,6273,9687,14775,16661,13445,4336,0,0,0,0,0,0,0,0,0,0,0","102,98,163,154,245,556,1150,1442,5520,15475,33463,76000,37009,0,0,0,0,0,0,0,0,0,0,0"
grid8_M6_r0.0_s42/apex5.mvh,FULL,1,True,9412,32318,43645,4391,0.3516,4.0,30.7,19.3,18.9,3.3,11.5,0.5,7174083,1570340,3276295,18428827,62561,11327,18841,24803,30244,0,0,0,15.55,97.3,1241.2,192368,91786,97364,125,3093,12,99,55,2436914,0,79783,0,"13761,707,1232,1947,3276,6220,10589,18366,27154,41566,40287,21344,5919,0,0,0,0,0,0,0,0,0,0,0","76,69,112,104,164,385,761,890,3163,8429,16057,31496,12182,0,0,0,0,0,0,0,0,0,0,0"
grid8_M6_r0.0_s42/apex5.mvh,no_local_first,1,True,9412,32318,43645,4391,0.7950,2.8,68.4,9.2,6.4,1.2,5.6,0.3,12775568,2489726,2822533,99051699,160050,11327,18949,30049,122379,0,0,0,40.86,111.0,1368.9,76925,68867,5342,12,2704,15,108,57,12068611,0,95721,0,"1410,273,689,1114,1614,2524,4124,6273,9687,14775,16661,13445,4336,0,0,0,0,0,0,0,0,0,0,0","102,98,163,154,245,556,1150,1442,5520,15475,33463,76000,37009,0,0,0,0,0,0,0,0,0,0,0"
grid8_M6_r0.0_s42/apex5.mvh,no_witness,1,True,9412,32318,43645,4391,0.3360,3.6,28.6,17.8,26.0,13.5,10.1,0.5,7169173,1588318,17767449,18965929,62561,11327,18841,24803,30244,0,0,0,15.55,97.3,1241.2,192368,91786,84147,13342,3093,12,98,55,2436914,0,79783,0,"13761,707,1232,1947,3276,6220,10589,18366,27154,41566,40287,21344,5919,0,0,0,0,0,0,0,0,0,0,0","76,69,112,104,164,385,761,890,3163,8429,16057,31496,12182,0,0,0,0,0,0,0,0,0,0,0"
grid8_M6_r0.0_s42/apex5.mvh,no_redund,1,True,9412,32318,43645,4391,0.2966,4.0,30.6,19.5,19.1,3.4,11.5,0.4,7174083,1570340,3276295,18428827,62561,11327,18841,24803,30244,0,0,0,15.55,97.3,1241.2,192368,91786,97364,125,3093,12,99,55,2436914,0,0,0,"13761,707,1232,1947,3276,6220,10589,18366,27154,41566,40287,21344,5919,0,0,0,0,0,0,0,0,0,0,0","76,69,112,104,164,385,761,890,3163,8429,16057,31496,12182,0,0,0,0,0,0,0,0,0,0,0"
grid8_M6_r0.0_s42/apex5.mvh,no_kd,1,True,9412,32318,43645,4391,0.8157,11.4,29.4,15.0,25.0,1.4,11.9,0.2,110964725,24383639,3276295,144218077,62561,11327,18841,24803,30244,0,0,0,15.55,97.3,1241.2,192368,91786,97364,125,3093,0,0,55,2436914,0,79783,0,"13761,707,1232,1947,3276,6220,10589,18366,27154,41566,40287,21344,5919,0,0,0,0,0,0,0,0,0,0,0","76,69,112,104,164,385,761,890,3163,8429,16057,31496,12182,0,0,0,0,0,0,0,0,0,0,0"
grid8_M6_r0.0_s42/apex5.mvh,no_flatH_redund,1,True,9412,32318,43645,4391,0.3722,3.8,30.6,20.6,18.3,3.2,11.1,0.0,7174083,1570340,3276295,18428827,62561,11327,18841,24803,30244,0,0,0,15.55,97.3,1241.2,192368,91786,97364,125,3093,12,99,0,2436914,0,0,0,"13761,707,1232,1947,3276,6220,10589,18366,27154,41566,40287,21344,5919,0,0,0,0,0,0,0,0,0,0,0","76,69,112,104,164,385,761,890,3163,8429,16057,31496,12182,0,0,0,0,0,0,0,0,0,0,0"
grid8_M6_r0.0_s42/apex5.mvh,fixedX16,1,True,9412,32318,43645,4391,0.3441,3.6,31.8,19.6,17.5,3.3,11.6,0.6,2172543,475438,3276295,12141386,62561,11327,18841,24803,30244,0,0,0,15.55,97.3,1241.2,192368,91786,97364,125,3093,33,174,55,2436914,0,79783,0,"13761,707,1232,1947,3276,6220,10589,18366,27154,41566,40287,21344,5919,0,0,0,0,0,0,0,0,0,0,0","76,69,112,104,164,385,761,890,3163,8429,16057,31496,12182,0,0,0,0,0,0,0,0,0,0,0"
grid8_M6_r0.0_s42/apex5.mvh,plus_roi1024_kdT,1,True,9412,32318,43645,4391,0.3939,3.1,34.6,24.0,15.5,2.7,9.4,8.7,5283826,1258472,3276295,16167382,62561,11327,18863,24781,30244,0,1104,243210,15.53,97.3,1241.2,192368,91786,97364,125,3093,12,104,55,2039678,0,79783,0,"13761,707,1232,1947,3276,6220,10589,18366,27154,41566,40287,21344,5919,0,0,0,0,0,0,0,0,0,0,0","76,69,112,104,164,385,761,890,3163,8429,16057,31496,12182,0,0,0,0,0,0,0,0,0,0,0"
grid8_M6_r0.0_s42/apex5.mvh,plus_gcl_prune,1,True,9412,32318,43645,4391,0.4117,3.2,24.8,15.7,14.8,2.3,28.6,0.4,7174083,1570340,3276295,18428827,62561,11327,18841,24803,30244,0,0,0,15.55,97.3,1241.2,192368,91786,97364,125,3093,12,99,55,2436914,0,79783,0,"13761,707,1232,1947,3276,6220,10589,18366,27154,41566,40287,21344,5919,0,0,0,0,0,0,0,0,0,0,0","76,69,112,104,164,385,761,890,3163,8429,16057,31496,12182,0,0,0,0,0,0,0,0,0,0,0"
grid8_M6_r0.0_s42/apex5.mvh,plus_lastwit,1,True,9412,32318,43645,4391,0.3249,4.1,30.1,19.4,19.0,3.3,11.5,0.6,7614836,1639212,3276295,18261763,62561,11327,18841,24803,30244,0,0,0,15.55,97.3,1241.2,192368,91786,97364,125,3093,12,98,55,2436914,0,79783,0,"13761,707,1232,1947,3276,6220,10589,18366,27154,41566,40287,21344,5919,0,0,0,0,0,0,0,0,0,0,0","76,69,112,104,164,385,761,890,3163,8429,16057,31496,12182,0,0,0,0,0,0,0,0,0,0,0"
grid8_M6_r0.0_s42/apex5.mvh,none,2,True,9412,32318,43645,4391,1.1518,7.9,60.0,10.4,9.0,0.8,8.0,0.0,101353955,24383639,3022495,306041051,160050,11327,18949,30049,122379,0,0,0,40.86,111.0,1368.9,76925,68867,4786,568,2704,0,0,0,12068611,0,0,0,"1410,273,689,1114,1614,2524,4124,6273,9687,14775,16661,13445,4336,0,0,0,0,0,0,0,0,0,0,0","102,98,163,154,245,556,1150,1442,5520,15475,33463,76000,37009,0,0,0,0,0,0,0,0,0,0,0"
grid8_M6_r0.0_s42/apex5.mvh,FULL,2,True,9412,32318,43645,4391,0.2857,4.0,31.2,19.8,18.7,3.2,11.4,0.5,7174083,1570340,3276295,18428827,62561,11327,18841,24803,30244,0,0,0,15.55,97.3,1241.2,192368,91786,97364,125,3093,12,99,55,2436914,0,79783,0,"13761,707,1232,1947,3276,6220,10589,18366,27154,41566,40287,21344,5919,0,0,0,0,0,0,0,0,0,0,0","76,69,112,104,164,385,761,890,3163,8429,16057,31496,12182,0,0,0,0,0,0,0,0,0,0,0"
grid8_M6_r0.0_s42/apex5.mvh,no_local_first,2,True,9412,32318,43645,4391,0.6850,2.7,68.6,9.3,6.4,1.3,5.6,0.3,12775568,2489726,2822533,99051699,160050,11327,18949,30049,122379,0,0,0,40.86,111.0,1368.9,76925,68867,5342,12,2704,15,108,57,12068611,0,95721,0,"1410,273,689,1114,1614,2524,4124,6273,9687,14775,16661,13445,4336,0,0,0,0,0,0,0,0,0,0,0","102,98,163,154,245,556,1150,1442,5520,15475,33463,76000,37009,0,0,0,0,0,0,0,0,0,0,0"
grid8_M6_r0.0_s42/apex5.mvh,no_witness,2,True,9412,32318,43645,4391,0.3538,3.6,28.3,17.9,26.1,13.5,10.3,0.5,7169173,1588318,17767449,18965929,62561,11327,18841,24803,30244,0,0,0,15.55,97.3,1241.2,192368,91786,84147,13342,3093,12,98,55,2436914,0,79783,0,"13761,707,1232,1947,3276,6220,10589,18366,27154,41566,40287,21344,5919,0,0,0,0,0,0,0,0,0,0,0","76,69,112,104,164,385,761,890,3163,8429,16057,31496,12182,0,0,0,0,0,0,0,0,0,0,0"
grid8_M6_r0.0_s42/apex5.mvh,no_redund,2,True,9412,32318,43645,4391,0.3152,4.0,31.0,19.6,18.7,3.2,11.4,0.4,7174083,1570340,3276295,18428827,62561,11327,18841,24803,30244,0,0,0,15.55,97.3,1241.2,192368,91786,97364,125,3093,12,99,55,2436914,0,0,0,"13761,707,1232,1947,3276,6220,10589,18366,27154,41566,40287,21344,5919,0,0,0,0,0,0,0,0,0,0,0","76,69,112,104,164,385,761,890,3163,8429,16057,31496,12182,0,0,0,0,0,0,0,0,0,0,0"
grid8_M6_r0.0_s42/apex5.mvh,no_kd,2,True,9412,32318,43645,4391,0.7528,11.5,29.1,14.9,25.4,1.4,12.0,0.2,110964725,24383639,3276295,144218077,62561,11327,18841,24803,30244,0,0,0,15.55,97.3,1241.2,192368,91786,97364,125,3093,0,0,55,2436914,0,79783,0,"13761,707,1232,1947,3276,6220,10589,18366,27154,41566,40287,21344,5919,0,0,0,0,0,0,0,0,0,0,0","76,69,112,104,164,385,761,890,3163,8429,16057,31496,12182,0,0,0,0,0,0,0,0,0,0,0"
grid8_M6_r0.0_s42/apex5.mvh,no_flatH_redund,2,True,9412,32318,43645,4391,0.3001,3.9,30.9,20.7,18.3,3.2,11.1,0.0,7174083,1570340,3276295,18428827,62561,11327,18841,24803,30244,0,0,0,15.55,97.3,1241.2,192368,91786,97364,125,3093,12,99,0,2436914,0,0,0,"13761,707,1232,1947,3276,6220,10589,18366,27154,41566,40287,21344,5919,0,0,0,0,0,0,0,0,0,0,0","76,69,112,104,164,385,761,890,3163,8429,16057,31496,12182,0,0,0,0,0,0,0,0,0,0,0"
grid8_M6_r0.0_s42/apex5.mvh,fixedX16,2,True,9412,32318,43645,4391,0.2787,3.6,32.2,20.1,17.2,3.2,11.4,0.6,2172543,475438,3276295,12141386,62561,11327,18841,24803,30244,0,0,0,15.55,97.3,1241.2,192368,91786,97364,125,3093,33,174,55,2436914,0,79783,0,"13761,707,1232,1947,3276,6220,10589,18366,27154,41566,40287,21344,5919,0,0,0,0,0,0,0,0,0,0,0","76,69,112,104,164,385,761,890,3163,8429,16057,31496,12182,0,0,0,0,0,0,0,0,0,0,0"
grid8_M6_r0.0_s42/apex5.mvh,plus_roi1024_kdT,2,True,9412,32318,43645,4391,0.3332,3.1,34.4,24.1,15.6,2.7,9.4,8.1,5283826,1258472,3276295,16167382,62561,11327,18863,24781,30244,0,1104,243210,15.53,97.3,1241.2,192368,91786,97364,125,3093,12,104,55,2039678,0,79783,0,"13761,707,1232,1947,3276,6220,10589,18366,27154,41566,40287,21344,5919,0,0,0,0,0,0,0,0,0,0,0","76,69,112,104,164,385,761,890,3163,8429,16057,31496,12182,0,0,0,0,0,0,0,0,0,0,0"
grid8_M6_r0.0_s42/apex5.mvh,plus_gcl_prune,2,True,9412,32318,43645,4391,0.3737,3.3,24.8,15.6,15.0,2.3,28.5,0.4,7174083,1570340,3276295,18428827,62561,11327,18841,24803,30244,0,0,0,15.55,97.3,1241.2,192368,91786,97364,125,3093,12,99,55,2436914,0,79783,0,"13761,707,1232,1947,3276,6220,10589,18366,27154,41566,40287,21344,5919,0,0,0,0,0,0,0,0,0,0,0","76,69,112,104,164,385,761,890,3163,8429,16057,31496,12182,0,0,0,0,0,0,0,0,0,0,0"
grid8_M6_r0.0_s42/apex5.mvh,plus_lastwit,2,True,9412,32318,43645,4391,0.3011,4.2,30.7,19.4,19.0,3.3,11.4,0.5,7614836,1639212,3276295,18261763,62561,11327,18841,24803,30244,0,0,0,15.55,97.3,1241.2,192368,91786,97364,125,3093,12,98,55,2436914,0,79783,0,"13761,707,1232,1947,3276,6220,10589,18366,27154,41566,40287,21344,5919,0,0,0,0,0,0,0,0,0,0,0","76,69,112,104,164,385,761,890,3163,8429,16057,31496,12182,0,0,0,0,0,0,0,0,0,0,0"
