name,family,M,eps,solver,rep,status,wall_s,sol_sha256,cmd,stats
grid10_M3,grid,3,0.0,maya,0,ok,0.348,873049b224c4d8aefcfc273a8f365cd14db94e4f3db1e3f2aa032525dfb9be7b,C:\Users\BARFE\.copilot\repos\copilot-worktrees\fast-mvh-kdt\barfe-aicahub-vigilant-robot\scratchpad\maya_harness\maya_run.exe C:\Users\BARFE\.copilot\repos\copilot-worktrees\fast-mvh-kdt\barfe-aicahub-jubilant-engine\scratchpad\inst\grid10_M3_r-0.6_s42 1 100 C:\Users\BARFE\.copilot\repos\copilot-worktrees\fast-mvh-kdt\barfe-aicahub-jubilant-engine\scratchpad\inst\grid10_M3_r-0.6_s42\apex.mvh benchmarks\runs\2026-10-04_123702_fast_m3_6\sols\grid10_M3_maya.sol 600,"{""algorithm"": ""L_NAMOA_DR_MVH"", ""num_solutions"": ""1602"", ""num_expansion"": ""9500"", ""num_generation"": ""28510"", ""num_reinsertion"": ""9644"", ""num_full_dominance_check"": ""2468"", ""num_good_fallback"": ""1687"", ""num_bad_fallback"": ""781"", ""runtime_s"": ""0.058"", ""time_limit_reached"": ""0""}"
grid10_M3,grid,3,0.0,fast2,0,ok,0.310,873049b224c4d8aefcfc273a8f365cd14db94e4f3db1e3f2aa032525dfb9be7b,C:\Users\BARFE\.copilot\repos\copilot-worktrees\fast-mvh-kdt\barfe-aicahub-vigilant-robot\scratchpad\build_fast\fast_mvh.exe --map C:\Users\BARFE\.copilot\repos\copilot-worktrees\fast-mvh-kdt\barfe-aicahub-jubilant-engine\scratchpad\inst\grid10_M3_r-0.6_s42 --start 1 --goal 100 --algorithm L_NAMOA_DR_MVH_FAST --mvh C:\Users\BARFE\.copilot\repos\copilot-worktrees\fast-mvh-kdt\barfe-aicahub-jubilant-engine\scratchpad\inst\grid10_M3_r-0.6_s42\apex.mvh --cutoffTime 600 --sol-out benchmarks\runs\2026-10-04_123702_fast_m3_6\sols\grid10_M3_fast2.sol,"{""algorithm"": ""L_NAMOA_DR_MVH_FAST"", ""source"": ""1"", ""target"": ""100"", ""num_solutions"": ""1602"", ""num_expansion"": ""9500"", ""num_generation"": ""28510"", ""num_reinsertion"": ""9644"", ""num_full_dominance_check"": ""3806"", ""num_good_fallback"": ""2034"", ""num_bad_fallback"": ""1772"", ""num_chooseh"": ""46000"", ""num_frontier_trees"": ""0"", ""num_heuristic_trees"": ""0"", ""num_redundant_heuristics"": ""0"", ""runtime_s"": ""0.044"", ""time_limit_reached"": ""0"", ""cmpchk"": ""1126444"", ""cmpupd"": ""174432"", ""cmp_chooseh"": ""6057158"", ""cmp_full"": ""917142""}"
grid10_M3,grid,3,0.0,fast,0,ok,0.265,873049b224c4d8aefcfc273a8f365cd14db94e4f3db1e3f2aa032525dfb9be7b,C:\Users\BARFE\.copilot\repos\copilot-worktrees\fast-mvh-kdt\barfe-aicahub-vigilant-robot\scratchpad\build_fast\fast_mvh.exe --map C:\Users\BARFE\.copilot\repos\copilot-worktrees\fast-mvh-kdt\barfe-aicahub-jubilant-engine\scratchpad\inst\grid10_M3_r-0.6_s42 --start 1 --goal 100 --algorithm L_NAMOA_DR_MVH_FAST3 --mvh C:\Users\BARFE\.copilot\repos\copilot-worktrees\fast-mvh-kdt\barfe-aicahub-jubilant-engine\scratchpad\inst\grid10_M3_r-0.6_s42\apex.mvh --cutoffTime 600 --sol-out benchmarks\runs\2026-10-04_123702_fast_m3_6\sols\grid10_M3_fast.sol,"{""algorithm"": ""L_NAMOA_DR_MVH_FAST3"", ""source"": ""1"", ""target"": ""100"", ""num_solutions"": ""1602"", ""num_expansion"": ""9500"", ""num_generation"": ""28510"", ""runtime_s"": ""0.032"", ""time_limit_reached"": ""0"", ""cmpchk"": ""1126444"", ""cmpupd"": ""174432"", ""cmp_chooseh"": ""6057158"", ""cmp_full"": ""112393"", ""num_full_dominance_check"": ""3806"", ""num_good_fallback"": ""2034"", ""num_bad_fallback"": ""1772"", ""num_fallback_indexed"": ""8847""}"
grid10_M3,grid,3,0.0,maya,1,ok,0.302,873049b224c4d8aefcfc273a8f365cd14db94e4f3db1e3f2aa032525dfb9be7b,C:\Users\BARFE\.copilot\repos\copilot-worktrees\fast-mvh-kdt\barfe-aicahub-vigilant-robot\scratchpad\maya_harness\maya_run.exe C:\Users\BARFE\.copilot\repos\copilot-worktrees\fast-mvh-kdt\barfe-aicahub-jubilant-engine\scratchpad\inst\grid10_M3_r-0.6_s42 1 100 C:\Users\BARFE\.copilot\repos\copilot-worktrees\fast-mvh-kdt\barfe-aicahub-jubilant-engine\scratchpad\inst\grid10_M3_r-0.6_s42\apex.mvh C:\Users\BARFE\.copilot\repos\copilot-worktrees\fast-mvh-kdt\barfe-aicahub-vigilant-robot\scratchpad\fast3_campaign\tmp_sols\grid10_M3_maya.sol 600,"{""algorithm"": ""L_NAMOA_DR_MVH"", ""num_solutions"": ""1602"", ""num_expansion"": ""9500"", ""num_generation"": ""28510"", ""num_reinsertion"": ""9644"", ""num_full_dominance_check"": ""2468"", ""num_good_fallback"": ""1687"", ""num_bad_fallback"": ""781"", ""runtime_s"": ""0.058"", ""time_limit_reached"": ""0""}"
grid10_M3,grid,3,0.0,fast2,1,ok,0.298,873049b224c4d8aefcfc273a8f365cd14db94e4f3db1e3f2aa032525dfb9be7b,C:\Users\BARFE\.copilot\repos\copilot-worktrees\fast-mvh-kdt\barfe-aicahub-vigilant-robot\scratchpad\build_fast\fast_mvh.exe --map C:\Users\BARFE\.copilot\repos\copilot-worktrees\fast-mvh-kdt\barfe-aicahub-jubilant-engine\scratchpad\inst\grid10_M3_r-0.6_s42 --start 1 --goal 100 --algorithm L_NAMOA_DR_MVH_FAST --mvh C:\Users\BARFE\.copilot\repos\copilot-worktrees\fast-mvh-kdt\barfe-aicahub-jubilant-engine\scratchpad\inst\grid10_M3_r-0.6_s42\apex.mvh --cutoffTime 600 --sol-out C:\Users\BARFE\.copilot\repos\copilot-worktrees\fast-mvh-kdt\barfe-aicahub-vigilant-robot\scratchpad\fast3_campaign\tmp_sols\grid10_M3_fast2.sol,"{""algorithm"": ""L_NAMOA_DR_MVH_FAST"", ""source"": ""1"", ""target"": ""100"", ""num_solutions"": ""1602"", ""num_expansion"": ""9500"", ""num_generation"": ""28510"", ""num_reinsertion"": ""9644"", ""num_full_dominance_check"": ""3806"", ""num_good_fallback"": ""2034"", ""num_bad_fallback"": ""1772"", ""num_chooseh"": ""46000"", ""num_frontier_trees"": ""0"", ""num_heuristic_trees"": ""0"", ""num_redundant_heuristics"": ""0"", ""runtime_s"": ""0.051"", ""time_limit_reached"": ""0"", ""cmpchk"": ""1126444"", ""cmpupd"": ""174432"", ""cmp_chooseh"": ""6057158"", ""cmp_full"": ""917142""}"
grid10_M3,grid,3,0.0,fast,1,ok,0.156,873049b224c4d8aefcfc273a8f365cd14db94e4f3db1e3f2aa032525dfb9be7b,C:\Users\BARFE\.copilot\repos\copilot-worktrees\fast-mvh-kdt\barfe-aicahub-vigilant-robot\scratchpad\build_fast\fast_mvh.exe --map C:\Users\BARFE\.copilot\repos\copilot-worktrees\fast-mvh-kdt\barfe-aicahub-jubilant-engine\scratchpad\inst\grid10_M3_r-0.6_s42 --start 1 --goal 100 --algorithm L_NAMOA_DR_MVH_FAST3 --mvh C:\Users\BARFE\.copilot\repos\copilot-worktrees\fast-mvh-kdt\barfe-aicahub-jubilant-engine\scratchpad\inst\grid10_M3_r-0.6_s42\apex.mvh --cutoffTime 600 --sol-out C:\Users\BARFE\.copilot\repos\copilot-worktrees\fast-mvh-kdt\barfe-aicahub-vigilant-robot\scratchpad\fast3_campaign\tmp_sols\grid10_M3_fast.sol,"{""algorithm"": ""L_NAMOA_DR_MVH_FAST3"", ""source"": ""1"", ""target"": ""100"", ""num_solutions"": ""1602"", ""num_expansion"": ""9500"", ""num_generation"": ""28510"", ""runtime_s"": ""0.034"", ""time_limit_reached"": ""0"", ""cmpchk"": ""1126444"", ""cmpupd"": ""174432"", ""cmp_chooseh"": ""6057158"", ""cmp_full"": ""112393"", ""num_full_dominance_check"": ""3806"", ""num_good_fallback"": ""2034"", ""num_bad_fallback"": ""1772"", ""num_fallback_indexed"": ""8847""}"
grid10_M3,grid,3,0.0,maya,2,ok,0.327,873049b224c4d8aefcfc273a8f365cd14db94e4f3db1e3f2aa032525dfb9be7b,C:\Users\BARFE\.copilot\repos\copilot-worktrees\fast-mvh-kdt\barfe-aicahub-vigilant-robot\scratchpad\maya_harness\maya_run.exe C:\Users\BARFE\.copilot\repos\copilot-worktrees\fast-mvh-kdt\barfe-aicahub-jubilant-engine\scratchpad\inst\grid10_M3_r-0.6_s42 1 100 C:\Users\BARFE\.copilot\repos\copilot-worktrees\fast-mvh-kdt\barfe-aicahub-jubilant-engine\scratchpad\inst\grid10_M3_r-0.6_s42\apex.mvh C:\Users\BARFE\.copilot\repos\copilot-worktrees\fast-mvh-kdt\barfe-aicahub-vigilant-robot\scratchpad\fast3_campaign\tmp_sols\grid10_M3_maya.sol 600,"{""algorithm"": ""L_NAMOA_DR_MVH"", ""num_solutions"": ""1602"", ""num_expansion"": ""9500"", ""num_generation"": ""28510"", ""num_reinsertion"": ""9644"", ""num_full_dominance_check"": ""2468"", ""num_good_fallback"": ""1687"", ""num_bad_fallback"": ""781"", ""runtime_s"": ""0.066"", ""time_limit_reached"": ""0""}"
grid10_M3,grid,3,0.0,fast2,2,ok,0.152,873049b224c4d8aefcfc273a8f365cd14db94e4f3db1e3f2aa032525dfb9be7b,C:\Users\BARFE\.copilot\repos\copilot-worktrees\fast-mvh-kdt\barfe-aicahub-vigilant-robot\scratchpad\build_fast\fast_mvh.exe --map C:\Users\BARFE\.copilot\repos\copilot-worktrees\fast-mvh-kdt\barfe-aicahub-jubilant-engine\scratchpad\inst\grid10_M3_r-0.6_s42 --start 1 --goal 100 --algorithm L_NAMOA_DR_MVH_FAST --mvh C:\Users\BARFE\.copilot\repos\copilot-worktrees\fast-mvh-kdt\barfe-aicahub-jubilant-engine\scratchpad\inst\grid10_M3_r-0.6_s42\apex.mvh --cutoffTime 600 --sol-out C:\Users\BARFE\.copilot\repos\copilot-worktrees\fast-mvh-kdt\barfe-aicahub-vigilant-robot\scratchpad\fast3_campaign\tmp_sols\grid10_M3_fast2.sol,"{""algorithm"": ""L_NAMOA_DR_MVH_FAST"", ""source"": ""1"", ""target"": ""100"", ""num_solutions"": ""1602"", ""num_expansion"": ""9500"", ""num_generation"": ""28510"", ""num_reinsertion"": ""9644"", ""num_full_dominance_check"": ""3806"", ""num_good_fallback"": ""2034"", ""num_bad_fallback"": ""1772"", ""num_chooseh"": ""46000"", ""num_frontier_trees"": ""0"", ""num_heuristic_trees"": ""0"", ""num_redundant_heuristics"": ""0"", ""runtime_s"": ""0.058"", ""time_limit_reached"": ""0"", ""cmpchk"": ""1126444"", ""cmpupd"": ""174432"", ""cmp_chooseh"": ""6057158"", ""cmp_full"": ""917142""}"
grid10_M3,grid,3,0.0,fast,2,ok,0.186,873049b224c4d8aefcfc273a8f365cd14db94e4f3db1e3f2aa032525dfb9be7b,C:\Users\BARFE\.copilot\repos\copilot-worktrees\fast-mvh-kdt\barfe-aicahub-vigilant-robot\scratchpad\build_fast\fast_mvh.exe --map C:\Users\BARFE\.copilot\repos\copilot-worktrees\fast-mvh-kdt\barfe-aicahub-jubilant-engine\scratchpad\inst\grid10_M3_r-0.6_s42 --start 1 --goal 100 --algorithm L_NAMOA_DR_MVH_FAST3 --mvh C:\Users\BARFE\.copilot\repos\copilot-worktrees\fast-mvh-kdt\barfe-aicahub-jubilant-engine\scratchpad\inst\grid10_M3_r-0.6_s42\apex.mvh --cutoffTime 600 --sol-out C:\Users\BARFE\.copilot\repos\copilot-worktrees\fast-mvh-kdt\barfe-aicahub-vigilant-robot\scratchpad\fast3_campaign\tmp_sols\grid10_M3_fast.sol,"{""algorithm"": ""L_NAMOA_DR_MVH_FAST3"", ""source"": ""1"", ""target"": ""100"", ""num_solutions"": ""1602"", ""num_expansion"": ""9500"", ""num_generation"": ""28510"", ""runtime_s"": ""0.037"", ""time_limit_reached"": ""0"", ""cmpchk"": ""1126444"", ""cmpupd"": ""174432"", ""cmp_chooseh"": ""6057158"", ""cmp_full"": ""112393"", ""num_full_dominance_check"": ""3806"", ""num_good_fallback"": ""2034"", ""num_bad_fallback"": ""1772"", ""num_fallback_indexed"": ""8847""}"
grid10_M4,grid,4,0.05,maya,0,ok,2.104,ad91b3b18e04e6aebfddf2dab20d337fee2c6f14b40d250975a65c5a24d37f42,C:\Users\BARFE\.copilot\repos\copilot-worktrees\fast-mvh-kdt\barfe-aicahub-vigilant-robot\scratchpad\maya_harness\maya_run.exe C:\Users\BARFE\.copilot\repos\copilot-worktrees\fast-mvh-kdt\barfe-aicahub-vigilant-robot\benchmarks\runs\2026-09-29_122148_valid_grid_and_3d\inputs\grid10_M4 1 100 C:\Users\BARFE\.copilot\repos\copilot-worktrees\fast-mvh-kdt\barfe-aicahub-vigilant-robot\benchmarks\runs\2026-09-29_122148_valid_grid_and_3d\inputs\grid10_M4\apex_e0.05_lex.mvh benchmarks\runs\2026-10-04_123702_fast_m3_6\sols\grid10_M4_maya.sol 600,"{""algorithm"": ""L_NAMOA_DR_MVH"", ""num_solutions"": ""11330"", ""num_expansion"": ""53652"", ""num_generation"": ""101342"", ""num_reinsertion"": ""22557"", ""num_full_dominance_check"": ""12751"", ""num_good_fallback"": ""8130"", ""num_bad_fallback"": ""4621"", ""runtime_s"": ""1.898"", ""time_limit_reached"": ""0""}"
grid10_M4,grid,4,0.05,fast2,0,ok,0.690,ad91b3b18e04e6aebfddf2dab20d337fee2c6f14b40d250975a65c5a24d37f42,C:\Users\BARFE\.copilot\repos\copilot-worktrees\fast-mvh-kdt\barfe-aicahub-vigilant-robot\scratchpad\build_fast\fast_mvh.exe --map C:\Users\BARFE\.copilot\repos\copilot-worktrees\fast-mvh-kdt\barfe-aicahub-vigilant-robot\benchmarks\runs\2026-09-29_122148_valid_grid_and_3d\inputs\grid10_M4 --start 1 --goal 100 --algorithm L_NAMOA_DR_MVH_FAST --mvh C:\Users\BARFE\.copilot\repos\copilot-worktrees\fast-mvh-kdt\barfe-aicahub-vigilant-robot\benchmarks\runs\2026-09-29_122148_valid_grid_and_3d\inputs\grid10_M4\apex_e0.05_lex.mvh --cutoffTime 600 --sol-out benchmarks\runs\2026-10-04_123702_fast_m3_6\sols\grid10_M4_fast2.sol,"{""algorithm"": ""L_NAMOA_DR_MVH_FAST"", ""source"": ""1"", ""target"": ""100"", ""num_solutions"": ""11330"", ""num_expansion"": ""53652"", ""num_generation"": ""101342"", ""num_reinsertion"": ""22557"", ""num_full_dominance_check"": ""11778"", ""num_good_fallback"": ""9821"", ""num_bad_fallback"": ""1957"", ""num_chooseh"": ""143258"", ""num_frontier_trees"": ""12"", ""num_heuristic_trees"": ""0"", ""num_redundant_heuristics"": ""17"", ""runtime_s"": ""0.546"", ""time_limit_reached"": ""0"", ""cmpchk"": ""11657134"", ""cmpupd"": ""2673319"", ""cmp_chooseh"": ""17755057"", ""cmp_full"": ""14978592""}"
grid10_M4,grid,4,0.05,fast,0,ok,0.536,ad91b3b18e04e6aebfddf2dab20d337fee2c6f14b40d250975a65c5a24d37f42,C:\Users\BARFE\.copilot\repos\copilot-worktrees\fast-mvh-kdt\barfe-aicahub-vigilant-robot\scratchpad\build_fast\fast_mvh.exe --map C:\Users\BARFE\.copilot\repos\copilot-worktrees\fast-mvh-kdt\barfe-aicahub-vigilant-robot\benchmarks\runs\2026-09-29_122148_valid_grid_and_3d\inputs\grid10_M4 --start 1 --goal 100 --algorithm L_NAMOA_DR_MVH_FAST3 --mvh C:\Users\BARFE\.copilot\repos\copilot-worktrees\fast-mvh-kdt\barfe-aicahub-vigilant-robot\benchmarks\runs\2026-09-29_122148_valid_grid_and_3d\inputs\grid10_M4\apex_e0.05_lex.mvh --cutoffTime 600 --sol-out benchmarks\runs\2026-10-04_123702_fast_m3_6\sols\grid10_M4_fast.sol,"{""algorithm"": ""L_NAMOA_DR_MVH_FAST3"", ""source"": ""1"", ""target"": ""100"", ""num_solutions"": ""11330"", ""num_expansion"": ""53652"", ""num_generation"": ""101342"", ""runtime_s"": ""0.401"", ""time_limit_reached"": ""0"", ""cmpchk"": ""11657134"", ""cmpupd"": ""2673319"", ""cmp_chooseh"": ""17755057"", ""cmp_full"": ""808785"", ""num_full_dominance_check"": ""11778"", ""num_good_fallback"": ""9821"", ""num_bad_fallback"": ""1957"", ""num_fallback_indexed"": ""42484""}"
grid10_M4,grid,4,0.05,maya,1,ok,2.061,ad91b3b18e04e6aebfddf2dab20d337fee2c6f14b40d250975a65c5a24d37f42,C:\Users\BARFE\.copilot\repos\copilot-worktrees\fast-mvh-kdt\barfe-aicahub-vigilant-robot\scratchpad\maya_harness\maya_run.exe C:\Users\BARFE\.copilot\repos\copilot-worktrees\fast-mvh-kdt\barfe-aicahub-vigilant-robot\benchmarks\runs\2026-09-29_122148_valid_grid_and_3d\inputs\grid10_M4 1 100 C:\Users\BARFE\.copilot\repos\copilot-worktrees\fast-mvh-kdt\barfe-aicahub-vigilant-robot\benchmarks\runs\2026-09-29_122148_valid_grid_and_3d\inputs\grid10_M4\apex_e0.05_lex.mvh C:\Users\BARFE\.copilot\repos\copilot-worktrees\fast-mvh-kdt\barfe-aicahub-vigilant-robot\scratchpad\fast3_campaign\tmp_sols\grid10_M4_maya.sol 600,"{""algorithm"": ""L_NAMOA_DR_MVH"", ""num_solutions"": ""11330"", ""num_expansion"": ""53652"", ""num_generation"": ""101342"", ""num_reinsertion"": ""22557"", ""num_full_dominance_check"": ""12751"", ""num_good_fallback"": ""8130"", ""num_bad_fallback"": ""4621"", ""runtime_s"": ""1.873"", ""time_limit_reached"": ""0""}"
grid10_M4,grid,4,0.05,fast2,1,ok,0.648,ad91b3b18e04e6aebfddf2dab20d337fee2c6f14b40d250975a65c5a24d37f42,C:\Users\BARFE\.copilot\repos\copilot-worktrees\fast-mvh-kdt\barfe-aicahub-vigilant-robot\scratchpad\build_fast\fast_mvh.exe --map C:\Users\BARFE\.copilot\repos\copilot-worktrees\fast-mvh-kdt\barfe-aicahub-vigilant-robot\benchmarks\runs\2026-09-29_122148_valid_grid_and_3d\inputs\grid10_M4 --start 1 --goal 100 --algorithm L_NAMOA_DR_MVH_FAST --mvh C:\Users\BARFE\.copilot\repos\copilot-worktrees\fast-mvh-kdt\barfe-aicahub-vigilant-robot\benchmarks\runs\2026-09-29_122148_valid_grid_and_3d\inputs\grid10_M4\apex_e0.05_lex.mvh --cutoffTime 600 --sol-out C:\Users\BARFE\.copilot\repos\copilot-worktrees\fast-mvh-kdt\barfe-aicahub-vigilant-robot\scratchpad\fast3_campaign\tmp_sols\grid10_M4_fast2.sol,"{""algorithm"": ""L_NAMOA_DR_MVH_FAST"", ""source"": ""1"", ""target"": ""100"", ""num_solutions"": ""11330"", ""num_expansion"": ""53652"", ""num_generation"": ""101342"", ""num_reinsertion"": ""22557"", ""num_full_dominance_check"": ""11778"", ""num_good_fallback"": ""9821"", ""num_bad_fallback"": ""1957"", ""num_chooseh"": ""143258"", ""num_frontier_trees"": ""12"", ""num_heuristic_trees"": ""0"", ""num_redundant_heuristics"": ""17"", ""runtime_s"": ""0.511"", ""time_limit_reached"": ""0"", ""cmpchk"": ""11657134"", ""cmpupd"": ""2673319"", ""cmp_chooseh"": ""17755057"", ""cmp_full"": ""14978592""}"
grid10_M4,grid,4,0.05,fast,1,ok,0.452,ad91b3b18e04e6aebfddf2dab20d337fee2c6f14b40d250975a65c5a24d37f42,C:\Users\BARFE\.copilot\repos\copilot-worktrees\fast-mvh-kdt\barfe-aicahub-vigilant-robot\scratchpad\build_fast\fast_mvh.exe --map C:\Users\BARFE\.copilot\repos\copilot-worktrees\fast-mvh-kdt\barfe-aicahub-vigilant-robot\benchmarks\runs\2026-09-29_122148_valid_grid_and_3d\inputs\grid10_M4 --start 1 --goal 100 --algorithm L_NAMOA_DR_MVH_FAST3 --mvh C:\Users\BARFE\.copilot\repos\copilot-worktrees\fast-mvh-kdt\barfe-aicahub-vigilant-robot\benchmarks\runs\2026-09-29_122148_valid_grid_and_3d\inputs\grid10_M4\apex_e0.05_lex.mvh --cutoffTime 600 --sol-out C:\Users\BARFE\.copilot\repos\copilot-worktrees\fast-mvh-kdt\barfe-aicahub-vigilant-robot\scratchpad\fast3_campaign\tmp_sols\grid10_M4_fast.sol,"{""algorithm"": ""L_NAMOA_DR_MVH_FAST3"", ""source"": ""1"", ""target"": ""100"", ""num_solutions"": ""11330"", ""num_expansion"": ""53652"", ""num_generation"": ""101342"", ""runtime_s"": ""0.342"", ""time_limit_reached"": ""0"", ""cmpchk"": ""11657134"", ""cmpupd"": ""2673319"", ""cmp_chooseh"": ""17755057"", ""cmp_full"": ""808785"", ""num_full_dominance_check"": ""11778"", ""num_good_fallback"": ""9821"", ""num_bad_fallback"": ""1957"", ""num_fallback_indexed"": ""42484""}"
grid10_M4,grid,4,0.05,maya,2,ok,1.849,ad91b3b18e04e6aebfddf2dab20d337fee2c6f14b40d250975a65c5a24d37f42,C:\Users\BARFE\.copilot\repos\copilot-worktrees\fast-mvh-kdt\barfe-aicahub-vigilant-robot\scratchpad\maya_harness\maya_run.exe C:\Users\BARFE\.copilot\repos\copilot-worktrees\fast-mvh-kdt\barfe-aicahub-vigilant-robot\benchmarks\runs\2026-09-29_122148_valid_grid_and_3d\inputs\grid10_M4 1 100 C:\Users\BARFE\.copilot\repos\copilot-worktrees\fast-mvh-kdt\barfe-aicahub-vigilant-robot\benchmarks\runs\2026-09-29_122148_valid_grid_and_3d\inputs\grid10_M4\apex_e0.05_lex.mvh C:\Users\BARFE\.copilot\repos\copilot-worktrees\fast-mvh-kdt\barfe-aicahub-vigilant-robot\scratchpad\fast3_campaign\tmp_sols\grid10_M4_maya.sol 600,"{""algorithm"": ""L_NAMOA_DR_MVH"", ""num_solutions"": ""11330"", ""num_expansion"": ""53652"", ""num_generation"": ""101342"", ""num_reinsertion"": ""22557"", ""num_full_dominance_check"": ""12751"", ""num_good_fallback"": ""8130"", ""num_bad_fallback"": ""4621"", ""runtime_s"": ""1.738"", ""time_limit_reached"": ""0""}"
grid10_M4,grid,4,0.05,fast2,2,ok,0.565,ad91b3b18e04e6aebfddf2dab20d337fee2c6f14b40d250975a65c5a24d37f42,C:\Users\BARFE\.copilot\repos\copilot-worktrees\fast-mvh-kdt\barfe-aicahub-vigilant-robot\scratchpad\build_fast\fast_mvh.exe --map C:\Users\BARFE\.copilot\repos\copilot-worktrees\fast-mvh-kdt\barfe-aicahub-vigilant-robot\benchmarks\runs\2026-09-29_122148_valid_grid_and_3d\inputs\grid10_M4 --start 1 --goal 100 --algorithm L_NAMOA_DR_MVH_FAST --mvh C:\Users\BARFE\.copilot\repos\copilot-worktrees\fast-mvh-kdt\barfe-aicahub-vigilant-robot\benchmarks\runs\2026-09-29_122148_valid_grid_and_3d\inputs\grid10_M4\apex_e0.05_lex.mvh --cutoffTime 600 --sol-out C:\Users\BARFE\.copilot\repos\copilot-worktrees\fast-mvh-kdt\barfe-aicahub-vigilant-robot\scratchpad\fast3_campaign\tmp_sols\grid10_M4_fast2.sol,"{""algorithm"": ""L_NAMOA_DR_MVH_FAST"", ""source"": ""1"", ""target"": ""100"", ""num_solutions"": ""11330"", ""num_expansion"": ""53652"", ""num_generation"": ""101342"", ""num_reinsertion"": ""22557"", ""num_full_dominance_check"": ""11778"", ""num_good_fallback"": ""9821"", ""num_bad_fallback"": ""1957"", ""num_chooseh"": ""143258"", ""num_frontier_trees"": ""12"", ""num_heuristic_trees"": ""0"", ""num_redundant_heuristics"": ""17"", ""runtime_s"": ""0.46"", ""time_limit_reached"": ""0"", ""cmpchk"": ""11657134"", ""cmpupd"": ""2673319"", ""cmp_chooseh"": ""17755057"", ""cmp_full"": ""14978592""}"
grid10_M4,grid,4,0.05,fast,2,ok,0.446,ad91b3b18e04e6aebfddf2dab20d337fee2c6f14b40d250975a65c5a24d37f42,C:\Users\BARFE\.copilot\repos\copilot-worktrees\fast-mvh-kdt\barfe-aicahub-vigilant-robot\scratchpad\build_fast\fast_mvh.exe --map C:\Users\BARFE\.copilot\repos\copilot-worktrees\fast-mvh-kdt\barfe-aicahub-vigilant-robot\benchmarks\runs\2026-09-29_122148_valid_grid_and_3d\inputs\grid10_M4 --start 1 --goal 100 --algorithm L_NAMOA_DR_MVH_FAST3 --mvh C:\Users\BARFE\.copilot\repos\copilot-worktrees\fast-mvh-kdt\barfe-aicahub-vigilant-robot\benchmarks\runs\2026-09-29_122148_valid_grid_and_3d\inputs\grid10_M4\apex_e0.05_lex.mvh --cutoffTime 600 --sol-out C:\Users\BARFE\.copilot\repos\copilot-worktrees\fast-mvh-kdt\barfe-aicahub-vigilant-robot\scratchpad\fast3_campaign\tmp_sols\grid10_M4_fast.sol,"{""algorithm"": ""L_NAMOA_DR_MVH_FAST3"", ""source"": ""1"", ""target"": ""100"", ""num_solutions"": ""11330"", ""num_expansion"": ""53652"", ""num_generation"": ""101342"", ""runtime_s"": ""0.338"", ""time_limit_reached"": ""0"", ""cmpchk"": ""11657134"", ""cmpupd"": ""2673319"", ""cmp_chooseh"": ""17755057"", ""cmp_full"": ""808785"", ""num_full_dominance_check"": ""11778"", ""num_good_fallback"": ""9821"", ""num_bad_fallback"": ""1957"", ""num_fallback_indexed"": ""42484""}"
grid8_M5,grid,5,0.05,maya,0,ok,1.681,d41208ab31850c49ad65d0cfc3851083b1a9b50dd0b931d863175e5b8b675d0b,C:\Users\BARFE\.copilot\repos\copilot-worktrees\fast-mvh-kdt\barfe-aicahub-vigilant-robot\scratchpad\maya_harness\maya_run.exe C:\Users\BARFE\.copilot\repos\copilot-worktrees\fast-mvh-kdt\barfe-aicahub-vigilant-robot\benchmarks\runs\2026-09-29_121834_valid_grid_and_3d\inputs\grid8_M5 1 64 C:\Users\BARFE\.copilot\repos\copilot-worktrees\fast-mvh-kdt\barfe-aicahub-vigilant-robot\benchmarks\runs\2026-09-29_121834_valid_grid_and_3d\inputs\grid8_M5\apex_e0.05_lex.mvh benchmarks\runs\2026-10-04_123702_fast_m3_6\sols\grid8_M5_maya.sol 600,"{""algorithm"": ""L_NAMOA_DR_MVH"", ""num_solutions"": ""9412"", ""num_expansion"": ""33005"", ""num_generation"": ""45004"", ""num_reinsertion"": ""4693"", ""num_full_dominance_check"": ""3608"", ""num_good_fallback"": ""2654"", ""num_bad_fallback"": ""954"", ""runtime_s"": ""1.473"", ""time_limit_reached"": ""0""}"
grid8_M5,grid,5,0.05,fast2,0,ok,0.457,d41208ab31850c49ad65d0cfc3851083b1a9b50dd0b931d863175e5b8b675d0b,C:\Users\BARFE\.copilot\repos\copilot-worktrees\fast-mvh-kdt\barfe-aicahub-vigilant-robot\scratchpad\build_fast\fast_mvh.exe --map C:\Users\BARFE\.copilot\repos\copilot-worktrees\fast-mvh-kdt\barfe-aicahub-vigilant-robot\benchmarks\runs\2026-09-29_121834_valid_grid_and_3d\inputs\grid8_M5 --start 1 --goal 64 --algorithm L_NAMOA_DR_MVH_FAST --mvh C:\Users\BARFE\.copilot\repos\copilot-worktrees\fast-mvh-kdt\barfe-aicahub-vigilant-robot\benchmarks\runs\2026-09-29_121834_valid_grid_and_3d\inputs\grid8_M5\apex_e0.05_lex.mvh --cutoffTime 600 --sol-out benchmarks\runs\2026-10-04_123702_fast_m3_6\sols\grid8_M5_fast2.sol,"{""algorithm"": ""L_NAMOA_DR_MVH_FAST"", ""source"": ""1"", ""target"": ""64"", ""num_solutions"": ""9412"", ""num_expansion"": ""33005"", ""num_generation"": ""45004"", ""num_reinsertion"": ""4693"", ""num_full_dominance_check"": ""3164"", ""num_good_fallback"": ""3023"", ""num_bad_fallback"": ""141"", ""num_chooseh"": ""76045"", ""num_frontier_trees"": ""12"", ""num_heuristic_trees"": ""0"", ""num_redundant_heuristics"": ""3"", ""runtime_s"": ""0.299"", ""time_limit_reached"": ""0"", ""cmpchk"": ""6092438"", ""cmpupd"": ""1391715"", ""cmp_chooseh"": ""9977154"", ""cmp_full"": ""3270447""}"
grid8_M5,grid,5,0.05,fast,0,ok,0.391,d41208ab31850c49ad65d0cfc3851083b1a9b50dd0b931d863175e5b8b675d0b,C:\Users\BARFE\.copilot\repos\copilot-worktrees\fast-mvh-kdt\barfe-aicahub-vigilant-robot\scratchpad\build_fast\fast_mvh.exe --map C:\Users\BARFE\.copilot\repos\copilot-worktrees\fast-mvh-kdt\barfe-aicahub-vigilant-robot\benchmarks\runs\2026-09-29_121834_valid_grid_and_3d\inputs\grid8_M5 --start 1 --goal 64 --algorithm L_NAMOA_DR_MVH_FAST3 --mvh C:\Users\BARFE\.copilot\repos\copilot-worktrees\fast-mvh-kdt\barfe-aicahub-vigilant-robot\benchmarks\runs\2026-09-29_121834_valid_grid_and_3d\inputs\grid8_M5\apex_e0.05_lex.mvh --cutoffTime 600 --sol-out benchmarks\runs\2026-10-04_123702_fast_m3_6\sols\grid8_M5_fast.sol,"{""algorithm"": ""L_NAMOA_DR_MVH_FAST3"", ""source"": ""1"", ""target"": ""64"", ""num_solutions"": ""9412"", ""num_expansion"": ""33005"", ""num_generation"": ""45004"", ""runtime_s"": ""0.267"", ""time_limit_reached"": ""0"", ""cmpchk"": ""6092438"", ""cmpupd"": ""1391715"", ""cmp_chooseh"": ""9977154"", ""cmp_full"": ""203695"", ""num_full_dominance_check"": ""3164"", ""num_good_fallback"": ""3023"", ""num_bad_fallback"": ""141"", ""num_fallback_indexed"": ""19210""}"
grid8_M5,grid,5,0.05,maya,1,ok,1.835,d41208ab31850c49ad65d0cfc3851083b1a9b50dd0b931d863175e5b8b675d0b,C:\Users\BARFE\.copilot\repos\copilot-worktrees\fast-mvh-kdt\barfe-aicahub-vigilant-robot\scratchpad\maya_harness\maya_run.exe C:\Users\BARFE\.copilot\repos\copilot-worktrees\fast-mvh-kdt\barfe-aicahub-vigilant-robot\benchmarks\runs\2026-09-29_121834_valid_grid_and_3d\inputs\grid8_M5 1 64 C:\Users\BARFE\.copilot\repos\copilot-worktrees\fast-mvh-kdt\barfe-aicahub-vigilant-robot\benchmarks\runs\2026-09-29_121834_valid_grid_and_3d\inputs\grid8_M5\apex_e0.05_lex.mvh C:\Users\BARFE\.copilot\repos\copilot-worktrees\fast-mvh-kdt\barfe-aicahub-vigilant-robot\scratchpad\fast3_campaign\tmp_sols\grid8_M5_maya.sol 600,"{""algorithm"": ""L_NAMOA_DR_MVH"", ""num_solutions"": ""9412"", ""num_expansion"": ""33005"", ""num_generation"": ""45004"", ""num_reinsertion"": ""4693"", ""num_full_dominance_check"": ""3608"", ""num_good_fallback"": ""2654"", ""num_bad_fallback"": ""954"", ""runtime_s"": ""1.68"", ""time_limit_reached"": ""0""}"
grid8_M5,grid,5,0.05,fast2,1,ok,0.478,d41208ab31850c49ad65d0cfc3851083b1a9b50dd0b931d863175e5b8b675d0b,C:\Users\BARFE\.copilot\repos\copilot-worktrees\fast-mvh-kdt\barfe-aicahub-vigilant-robot\scratchpad\build_fast\fast_mvh.exe --map C:\Users\BARFE\.copilot\repos\copilot-worktrees\fast-mvh-kdt\barfe-aicahub-vigilant-robot\benchmarks\runs\2026-09-29_121834_valid_grid_and_3d\inputs\grid8_M5 --start 1 --goal 64 --algorithm L_NAMOA_DR_MVH_FAST --mvh C:\Users\BARFE\.copilot\repos\copilot-worktrees\fast-mvh-kdt\barfe-aicahub-vigilant-robot\benchmarks\runs\2026-09-29_121834_valid_grid_and_3d\inputs\grid8_M5\apex_e0.05_lex.mvh --cutoffTime 600 --sol-out C:\Users\BARFE\.copilot\repos\copilot-worktrees\fast-mvh-kdt\barfe-aicahub-vigilant-robot\scratchpad\fast3_campaign\tmp_sols\grid8_M5_fast2.sol,"{""algorithm"": ""L_NAMOA_DR_MVH_FAST"", ""source"": ""1"", ""target"": ""64"", ""num_solutions"": ""9412"", ""num_expansion"": ""33005"", ""num_generation"": ""45004"", ""num_reinsertion"": ""4693"", ""num_full_dominance_check"": ""3164"", ""num_good_fallback"": ""3023"", ""num_bad_fallback"": ""141"", ""num_chooseh"": ""76045"", ""num_frontier_trees"": ""12"", ""num_heuristic_trees"": ""0"", ""num_redundant_heuristics"": ""3"", ""runtime_s"": ""0.317"", ""time_limit_reached"": ""0"", ""cmpchk"": ""6092438"", ""cmpupd"": ""1391715"", ""cmp_chooseh"": ""9977154"", ""cmp_full"": ""3270447""}"
grid8_M5,grid,5,0.05,fast,1,ok,0.392,d41208ab31850c49ad65d0cfc3851083b1a9b50dd0b931d863175e5b8b675d0b,C:\Users\BARFE\.copilot\repos\copilot-worktrees\fast-mvh-kdt\barfe-aicahub-vigilant-robot\scratchpad\build_fast\fast_mvh.exe --map C:\Users\BARFE\.copilot\repos\copilot-worktrees\fast-mvh-kdt\barfe-aicahub-vigilant-robot\benchmarks\runs\2026-09-29_121834_valid_grid_and_3d\inputs\grid8_M5 --start 1 --goal 64 --algorithm L_NAMOA_DR_MVH_FAST3 --mvh C:\Users\BARFE\.copilot\repos\copilot-worktrees\fast-mvh-kdt\barfe-aicahub-vigilant-robot\benchmarks\runs\2026-09-29_121834_valid_grid_and_3d\inputs\grid8_M5\apex_e0.05_lex.mvh --cutoffTime 600 --sol-out C:\Users\BARFE\.copilot\repos\copilot-worktrees\fast-mvh-kdt\barfe-aicahub-vigilant-robot\scratchpad\fast3_campaign\tmp_sols\grid8_M5_fast.sol,"{""algorithm"": ""L_NAMOA_DR_MVH_FAST3"", ""source"": ""1"", ""target"": ""64"", ""num_solutions"": ""9412"", ""num_expansion"": ""33005"", ""num_generation"": ""45004"", ""runtime_s"": ""0.263"", ""time_limit_reached"": ""0"", ""cmpchk"": ""6092438"", ""cmpupd"": ""1391715"", ""cmp_chooseh"": ""9977154"", ""cmp_full"": ""203695"", ""num_full_dominance_check"": ""3164"", ""num_good_fallback"": ""3023"", ""num_bad_fallback"": ""141"", ""num_fallback_indexed"": ""19210""}"
grid8_M5,grid,5,0.05,maya,2,ok,1.762,d41208ab31850c49ad65d0cfc3851083b1a9b50dd0b931d863175e5b8b675d0b,C:\Users\BARFE\.copilot\repos\copilot-worktrees\fast-mvh-kdt\barfe-aicahub-vigilant-robot\scratchpad\maya_harness\maya_run.exe C:\Users\BARFE\.copilot\repos\copilot-worktrees\fast-mvh-kdt\barfe-aicahub-vigilant-robot\benchmarks\runs\2026-09-29_121834_valid_grid_and_3d\inputs\grid8_M5 1 64 C:\Users\BARFE\.copilot\repos\copilot-worktrees\fast-mvh-kdt\barfe-aicahub-vigilant-robot\benchmarks\runs\2026-09-29_121834_valid_grid_and_3d\inputs\grid8_M5\apex_e0.05_lex.mvh C:\Users\BARFE\.copilot\repos\copilot-worktrees\fast-mvh-kdt\barfe-aicahub-vigilant-robot\scratchpad\fast3_campaign\tmp_sols\grid8_M5_maya.sol 600,"{""algorithm"": ""L_NAMOA_DR_MVH"", ""num_solutions"": ""9412"", ""num_expansion"": ""33005"", ""num_generation"": ""45004"", ""num_reinsertion"": ""4693"", ""num_full_dominance_check"": ""3608"", ""num_good_fallback"": ""2654"", ""num_bad_fallback"": ""954"", ""runtime_s"": ""1.593"", ""time_limit_reached"": ""0""}"
grid8_M5,grid,5,0.05,fast2,2,ok,0.425,d41208ab31850c49ad65d0cfc3851083b1a9b50dd0b931d863175e5b8b675d0b,C:\Users\BARFE\.copilot\repos\copilot-worktrees\fast-mvh-kdt\barfe-aicahub-vigilant-robot\scratchpad\build_fast\fast_mvh.exe --map C:\Users\BARFE\.copilot\repos\copilot-worktrees\fast-mvh-kdt\barfe-aicahub-vigilant-robot\benchmarks\runs\2026-09-29_121834_valid_grid_and_3d\inputs\grid8_M5 --start 1 --goal 64 --algorithm L_NAMOA_DR_MVH_FAST --mvh C:\Users\BARFE\.copilot\repos\copilot-worktrees\fast-mvh-kdt\barfe-aicahub-vigilant-robot\benchmarks\runs\2026-09-29_121834_valid_grid_and_3d\inputs\grid8_M5\apex_e0.05_lex.mvh --cutoffTime 600 --sol-out C:\Users\BARFE\.copilot\repos\copilot-worktrees\fast-mvh-kdt\barfe-aicahub-vigilant-robot\scratchpad\fast3_campaign\tmp_sols\grid8_M5_fast2.sol,"{""algorithm"": ""L_NAMOA_DR_MVH_FAST"", ""source"": ""1"", ""target"": ""64"", ""num_solutions"": ""9412"", ""num_expansion"": ""33005"", ""num_generation"": ""45004"", ""num_reinsertion"": ""4693"", ""num_full_dominance_check"": ""3164"", ""num_good_fallback"": ""3023"", ""num_bad_fallback"": ""141"", ""num_chooseh"": ""76045"", ""num_frontier_trees"": ""12"", ""num_heuristic_trees"": ""0"", ""num_redundant_heuristics"": ""3"", ""runtime_s"": ""0.289"", ""time_limit_reached"": ""0"", ""cmpchk"": ""6092438"", ""cmpupd"": ""1391715"", ""cmp_chooseh"": ""9977154"", ""cmp_full"": ""3270447""}"
grid8_M5,grid,5,0.05,fast,2,ok,0.376,d41208ab31850c49ad65d0cfc3851083b1a9b50dd0b931d863175e5b8b675d0b,C:\Users\BARFE\.copilot\repos\copilot-worktrees\fast-mvh-kdt\barfe-aicahub-vigilant-robot\scratchpad\build_fast\fast_mvh.exe --map C:\Users\BARFE\.copilot\repos\copilot-worktrees\fast-mvh-kdt\barfe-aicahub-vigilant-robot\benchmarks\runs\2026-09-29_121834_valid_grid_and_3d\inputs\grid8_M5 --start 1 --goal 64 --algorithm L_NAMOA_DR_MVH_FAST3 --mvh C:\Users\BARFE\.copilot\repos\copilot-worktrees\fast-mvh-kdt\barfe-aicahub-vigilant-robot\benchmarks\runs\2026-09-29_121834_valid_grid_and_3d\inputs\grid8_M5\apex_e0.05_lex.mvh --cutoffTime 600 --sol-out C:\Users\BARFE\.copilot\repos\copilot-worktrees\fast-mvh-kdt\barfe-aicahub-vigilant-robot\scratchpad\fast3_campaign\tmp_sols\grid8_M5_fast.sol,"{""algorithm"": ""L_NAMOA_DR_MVH_FAST3"", ""source"": ""1"", ""target"": ""64"", ""num_solutions"": ""9412"", ""num_expansion"": ""33005"", ""num_generation"": ""45004"", ""runtime_s"": ""0.241"", ""time_limit_reached"": ""0"", ""cmpchk"": ""6092438"", ""cmpupd"": ""1391715"", ""cmp_chooseh"": ""9977154"", ""cmp_full"": ""203695"", ""num_full_dominance_check"": ""3164"", ""num_good_fallback"": ""3023"", ""num_bad_fallback"": ""141"", ""num_fallback_indexed"": ""19210""}"
grid8_M6,grid,6,0.05,maya,0,ok,92.467,ca222989c8a85e86501a0e710c91db1929b10a752609b7002d09ae1420a9b40b,C:\Users\BARFE\.copilot\repos\copilot-worktrees\fast-mvh-kdt\barfe-aicahub-vigilant-robot\scratchpad\maya_harness\maya_run.exe C:\Users\BARFE\.copilot\repos\copilot-worktrees\fast-mvh-kdt\barfe-aicahub-vigilant-robot\benchmarks\runs\2026-09-29_121834_valid_grid_and_3d\inputs\grid8_M6 1 64 C:\Users\BARFE\.copilot\repos\copilot-worktrees\fast-mvh-kdt\barfe-aicahub-vigilant-robot\benchmarks\runs\2026-09-29_121834_valid_grid_and_3d\inputs\grid8_M6\apex_e0.05_lex.mvh benchmarks\runs\2026-10-04_123702_fast_m3_6\sols\grid8_M6_maya.sol 600,"{""algorithm"": ""L_NAMOA_DR_MVH"", ""num_solutions"": ""70196"", ""num_expansion"": ""179297"", ""num_generation"": ""231496"", ""num_reinsertion"": ""22845"", ""num_full_dominance_check"": ""14548"", ""num_good_fallback"": ""11634"", ""num_bad_fallback"": ""2914"", ""runtime_s"": ""92.031"", ""time_limit_reached"": ""0""}"
grid8_M6,grid,6,0.05,fast2,0,ok,3.536,ca222989c8a85e86501a0e710c91db1929b10a752609b7002d09ae1420a9b40b,C:\Users\BARFE\.copilot\repos\copilot-worktrees\fast-mvh-kdt\barfe-aicahub-vigilant-robot\scratchpad\build_fast\fast_mvh.exe --map C:\Users\BARFE\.copilot\repos\copilot-worktrees\fast-mvh-kdt\barfe-aicahub-vigilant-robot\benchmarks\runs\2026-09-29_121834_valid_grid_and_3d\inputs\grid8_M6 --start 1 --goal 64 --algorithm L_NAMOA_DR_MVH_FAST --mvh C:\Users\BARFE\.copilot\repos\copilot-worktrees\fast-mvh-kdt\barfe-aicahub-vigilant-robot\benchmarks\runs\2026-09-29_121834_valid_grid_and_3d\inputs\grid8_M6\apex_e0.05_lex.mvh --cutoffTime 600 --sol-out benchmarks\runs\2026-10-04_123702_fast_m3_6\sols\grid8_M6_fast2.sol,"{""algorithm"": ""L_NAMOA_DR_MVH_FAST"", ""source"": ""1"", ""target"": ""64"", ""num_solutions"": ""70196"", ""num_expansion"": ""179297"", ""num_generation"": ""231496"", ""num_reinsertion"": ""22845"", ""num_full_dominance_check"": ""14804"", ""num_good_fallback"": ""14437"", ""num_bad_fallback"": ""367"", ""num_chooseh"": ""340663"", ""num_frontier_trees"": ""18"", ""num_heuristic_trees"": ""0"", ""num_redundant_heuristics"": ""0"", ""runtime_s"": ""2.971"", ""time_limit_reached"": ""0"", ""cmpchk"": ""32617352"", ""cmpupd"": ""7414210"", ""cmp_chooseh"": ""66978795"", ""cmp_full"": ""81180483""}"
grid8_M6,grid,6,0.05,fast,0,ok,3.070,ca222989c8a85e86501a0e710c91db1929b10a752609b7002d09ae1420a9b40b,C:\Users\BARFE\.copilot\repos\copilot-worktrees\fast-mvh-kdt\barfe-aicahub-vigilant-robot\scratchpad\build_fast\fast_mvh.exe --map C:\Users\BARFE\.copilot\repos\copilot-worktrees\fast-mvh-kdt\barfe-aicahub-vigilant-robot\benchmarks\runs\2026-09-29_121834_valid_grid_and_3d\inputs\grid8_M6 --start 1 --goal 64 --algorithm L_NAMOA_DR_MVH_FAST3 --mvh C:\Users\BARFE\.copilot\repos\copilot-worktrees\fast-mvh-kdt\barfe-aicahub-vigilant-robot\benchmarks\runs\2026-09-29_121834_valid_grid_and_3d\inputs\grid8_M6\apex_e0.05_lex.mvh --cutoffTime 600 --sol-out benchmarks\runs\2026-10-04_123702_fast_m3_6\sols\grid8_M6_fast.sol,"{""algorithm"": ""L_NAMOA_DR_MVH_FAST3"", ""source"": ""1"", ""target"": ""64"", ""num_solutions"": ""70196"", ""num_expansion"": ""179297"", ""num_generation"": ""231496"", ""runtime_s"": ""2.577"", ""time_limit_reached"": ""0"", ""cmpchk"": ""32617352"", ""cmpupd"": ""7414210"", ""cmp_chooseh"": ""66978795"", ""cmp_full"": ""1861439"", ""num_full_dominance_check"": ""14804"", ""num_good_fallback"": ""14437"", ""num_bad_fallback"": ""367"", ""num_fallback_indexed"": ""114876""}"
grid8_M6,grid,6,0.05,fast2,1,ok,3.978,ca222989c8a85e86501a0e710c91db1929b10a752609b7002d09ae1420a9b40b,C:\Users\BARFE\.copilot\repos\copilot-worktrees\fast-mvh-kdt\barfe-aicahub-vigilant-robot\scratchpad\build_fast\fast_mvh.exe --map C:\Users\BARFE\.copilot\repos\copilot-worktrees\fast-mvh-kdt\barfe-aicahub-vigilant-robot\benchmarks\runs\2026-09-29_121834_valid_grid_and_3d\inputs\grid8_M6 --start 1 --goal 64 --algorithm L_NAMOA_DR_MVH_FAST --mvh C:\Users\BARFE\.copilot\repos\copilot-worktrees\fast-mvh-kdt\barfe-aicahub-vigilant-robot\benchmarks\runs\2026-09-29_121834_valid_grid_and_3d\inputs\grid8_M6\apex_e0.05_lex.mvh --cutoffTime 600 --sol-out C:\Users\BARFE\.copilot\repos\copilot-worktrees\fast-mvh-kdt\barfe-aicahub-vigilant-robot\scratchpad\fast3_campaign\tmp_sols\grid8_M6_fast2.sol,"{""algorithm"": ""L_NAMOA_DR_MVH_FAST"", ""source"": ""1"", ""target"": ""64"", ""num_solutions"": ""70196"", ""num_expansion"": ""179297"", ""num_generation"": ""231496"", ""num_reinsertion"": ""22845"", ""num_full_dominance_check"": ""14804"", ""num_good_fallback"": ""14437"", ""num_bad_fallback"": ""367"", ""num_chooseh"": ""340663"", ""num_frontier_trees"": ""18"", ""num_heuristic_trees"": ""0"", ""num_redundant_heuristics"": ""0"", ""runtime_s"": ""3.383"", ""time_limit_reached"": ""0"", ""cmpchk"": ""32617352"", ""cmpupd"": ""7414210"", ""cmp_chooseh"": ""66978795"", ""cmp_full"": ""81180483""}"
grid8_M6,grid,6,0.05,fast,1,ok,2.918,ca222989c8a85e86501a0e710c91db1929b10a752609b7002d09ae1420a9b40b,C:\Users\BARFE\.copilot\repos\copilot-worktrees\fast-mvh-kdt\barfe-aicahub-vigilant-robot\scratchpad\build_fast\fast_mvh.exe --map C:\Users\BARFE\.copilot\repos\copilot-worktrees\fast-mvh-kdt\barfe-aicahub-vigilant-robot\benchmarks\runs\2026-09-29_121834_valid_grid_and_3d\inputs\grid8_M6 --start 1 --goal 64 --algorithm L_NAMOA_DR_MVH_FAST3 --mvh C:\Users\BARFE\.copilot\repos\copilot-worktrees\fast-mvh-kdt\barfe-aicahub-vigilant-robot\benchmarks\runs\2026-09-29_121834_valid_grid_and_3d\inputs\grid8_M6\apex_e0.05_lex.mvh --cutoffTime 600 --sol-out C:\Users\BARFE\.copilot\repos\copilot-worktrees\fast-mvh-kdt\barfe-aicahub-vigilant-robot\scratchpad\fast3_campaign\tmp_sols\grid8_M6_fast.sol,"{""algorithm"": ""L_NAMOA_DR_MVH_FAST3"", ""source"": ""1"", ""target"": ""64"", ""num_solutions"": ""70196"", ""num_expansion"": ""179297"", ""num_generation"": ""231496"", ""runtime_s"": ""2.554"", ""time_limit_reached"": ""0"", ""cmpchk"": ""32617352"", ""cmpupd"": ""7414210"", ""cmp_chooseh"": ""66978795"", ""cmp_full"": ""1861439"", ""num_full_dominance_check"": ""14804"", ""num_good_fallback"": ""14437"", ""num_bad_fallback"": ""367"", ""num_fallback_indexed"": ""114876""}"
grid8_M6,grid,6,0.05,fast2,2,ok,3.397,ca222989c8a85e86501a0e710c91db1929b10a752609b7002d09ae1420a9b40b,C:\Users\BARFE\.copilot\repos\copilot-worktrees\fast-mvh-kdt\barfe-aicahub-vigilant-robot\scratchpad\build_fast\fast_mvh.exe --map C:\Users\BARFE\.copilot\repos\copilot-worktrees\fast-mvh-kdt\barfe-aicahub-vigilant-robot\benchmarks\runs\2026-09-29_121834_valid_grid_and_3d\inputs\grid8_M6 --start 1 --goal 64 --algorithm L_NAMOA_DR_MVH_FAST --mvh C:\Users\BARFE\.copilot\repos\copilot-worktrees\fast-mvh-kdt\barfe-aicahub-vigilant-robot\benchmarks\runs\2026-09-29_121834_valid_grid_and_3d\inputs\grid8_M6\apex_e0.05_lex.mvh --cutoffTime 600 --sol-out C:\Users\BARFE\.copilot\repos\copilot-worktrees\fast-mvh-kdt\barfe-aicahub-vigilant-robot\scratchpad\fast3_campaign\tmp_sols\grid8_M6_fast2.sol,"{""algorithm"": ""L_NAMOA_DR_MVH_FAST"", ""source"": ""1"", ""target"": ""64"", ""num_solutions"": ""70196"", ""num_expansion"": ""179297"", ""num_generation"": ""231496"", ""num_reinsertion"": ""22845"", ""num_full_dominance_check"": ""14804"", ""num_good_fallback"": ""14437"", ""num_bad_fallback"": ""367"", ""num_chooseh"": ""340663"", ""num_frontier_trees"": ""18"", ""num_heuristic_trees"": ""0"", ""num_redundant_heuristics"": ""0"", ""runtime_s"": ""2.965"", ""time_limit_reached"": ""0"", ""cmpchk"": ""32617352"", ""cmpupd"": ""7414210"", ""cmp_chooseh"": ""66978795"", ""cmp_full"": ""81180483""}"
grid8_M6,grid,6,0.05,fast,2,ok,2.669,ca222989c8a85e86501a0e710c91db1929b10a752609b7002d09ae1420a9b40b,C:\Users\BARFE\.copilot\repos\copilot-worktrees\fast-mvh-kdt\barfe-aicahub-vigilant-robot\scratchpad\build_fast\fast_mvh.exe --map C:\Users\BARFE\.copilot\repos\copilot-worktrees\fast-mvh-kdt\barfe-aicahub-vigilant-robot\benchmarks\runs\2026-09-29_121834_valid_grid_and_3d\inputs\grid8_M6 --start 1 --goal 64 --algorithm L_NAMOA_DR_MVH_FAST3 --mvh C:\Users\BARFE\.copilot\repos\copilot-worktrees\fast-mvh-kdt\barfe-aicahub-vigilant-robot\benchmarks\runs\2026-09-29_121834_valid_grid_and_3d\inputs\grid8_M6\apex_e0.05_lex.mvh --cutoffTime 600 --sol-out C:\Users\BARFE\.copilot\repos\copilot-worktrees\fast-mvh-kdt\barfe-aicahub-vigilant-robot\scratchpad\fast3_campaign\tmp_sols\grid8_M6_fast.sol,"{""algorithm"": ""L_NAMOA_DR_MVH_FAST3"", ""source"": ""1"", ""target"": ""64"", ""num_solutions"": ""70196"", ""num_expansion"": ""179297"", ""num_generation"": ""231496"", ""runtime_s"": ""2.336"", ""time_limit_reached"": ""0"", ""cmpchk"": ""32617352"", ""cmpupd"": ""7414210"", ""cmp_chooseh"": ""66978795"", ""cmp_full"": ""1861439"", ""num_full_dominance_check"": ""14804"", ""num_good_fallback"": ""14437"", ""num_bad_fallback"": ""367"", ""num_fallback_indexed"": ""114876""}"
bay8_M3,bay,3,0.1,maya,0,ok,0.418,41ab86a0c5a6787f77088d0dc327d3bf23a7831a9174763ae3e5acda19d7f47f,C:\Users\BARFE\.copilot\repos\copilot-worktrees\fast-mvh-kdt\barfe-aicahub-vigilant-robot\scratchpad\maya_harness\maya_run.exe C:\Users\BARFE\.copilot\repos\copilot-worktrees\fast-mvh-kdt\barfe-aicahub-vigilant-robot\benchmarks\runs\2026-09-29_122346_bay_and_3d\inputs\BAY8000_M3 1 8000 C:\Users\BARFE\.copilot\repos\copilot-worktrees\fast-mvh-kdt\barfe-aicahub-vigilant-robot\benchmarks\runs\2026-09-29_122346_bay_and_3d\inputs\BAY8000_M3\apex_e0.1_lex.mvh benchmarks\runs\2026-10-04_123702_fast_m3_6\sols\bay8_M3_maya.sol 600,"{""algorithm"": ""L_NAMOA_DR_MVH"", ""num_solutions"": ""238"", ""num_expansion"": ""12346"", ""num_generation"": ""45393"", ""num_reinsertion"": ""4990"", ""num_full_dominance_check"": ""1386"", ""num_good_fallback"": ""106"", ""num_bad_fallback"": ""1280"", ""runtime_s"": ""0.053"", ""time_limit_reached"": ""0""}"
bay8_M3,bay,3,0.1,fast2,0,ok,0.185,41ab86a0c5a6787f77088d0dc327d3bf23a7831a9174763ae3e5acda19d7f47f,C:\Users\BARFE\.copilot\repos\copilot-worktrees\fast-mvh-kdt\barfe-aicahub-vigilant-robot\scratchpad\build_fast\fast_mvh.exe --map C:\Users\BARFE\.copilot\repos\copilot-worktrees\fast-mvh-kdt\barfe-aicahub-vigilant-robot\benchmarks\runs\2026-09-29_122346_bay_and_3d\inputs\BAY8000_M3 --start 1 --goal 8000 --algorithm L_NAMOA_DR_MVH_FAST --mvh C:\Users\BARFE\.copilot\repos\copilot-worktrees\fast-mvh-kdt\barfe-aicahub-vigilant-robot\benchmarks\runs\2026-09-29_122346_bay_and_3d\inputs\BAY8000_M3\apex_e0.1_lex.mvh --cutoffTime 600 --sol-out benchmarks\runs\2026-10-04_123702_fast_m3_6\sols\bay8_M3_fast2.sol,"{""algorithm"": ""L_NAMOA_DR_MVH_FAST"", ""source"": ""1"", ""target"": ""8000"", ""num_solutions"": ""238"", ""num_expansion"": ""12346"", ""num_generation"": ""45393"", ""num_reinsertion"": ""4990"", ""num_full_dominance_check"": ""162"", ""num_good_fallback"": ""136"", ""num_bad_fallback"": ""26"", ""num_chooseh"": ""73458"", ""num_frontier_trees"": ""1"", ""num_heuristic_trees"": ""0"", ""num_redundant_heuristics"": ""1"", ""runtime_s"": ""0.04"", ""time_limit_reached"": ""0"", ""cmpchk"": ""2277808"", ""cmpupd"": ""172833"", ""cmp_chooseh"": ""2884114"", ""cmp_full"": ""3398""}"
bay8_M3,bay,3,0.1,fast,0,ok,0.144,41ab86a0c5a6787f77088d0dc327d3bf23a7831a9174763ae3e5acda19d7f47f,C:\Users\BARFE\.copilot\repos\copilot-worktrees\fast-mvh-kdt\barfe-aicahub-vigilant-robot\scratchpad\build_fast\fast_mvh.exe --map C:\Users\BARFE\.copilot\repos\copilot-worktrees\fast-mvh-kdt\barfe-aicahub-vigilant-robot\benchmarks\runs\2026-09-29_122346_bay_and_3d\inputs\BAY8000_M3 --start 1 --goal 8000 --algorithm L_NAMOA_DR_MVH_FAST3 --mvh C:\Users\BARFE\.copilot\repos\copilot-worktrees\fast-mvh-kdt\barfe-aicahub-vigilant-robot\benchmarks\runs\2026-09-29_122346_bay_and_3d\inputs\BAY8000_M3\apex_e0.1_lex.mvh --cutoffTime 600 --sol-out benchmarks\runs\2026-10-04_123702_fast_m3_6\sols\bay8_M3_fast.sol,"{""algorithm"": ""L_NAMOA_DR_MVH_FAST3"", ""source"": ""1"", ""target"": ""8000"", ""num_solutions"": ""238"", ""num_expansion"": ""12346"", ""num_generation"": ""45393"", ""runtime_s"": ""0.019"", ""time_limit_reached"": ""0"", ""cmpchk"": ""2277808"", ""cmpupd"": ""172833"", ""cmp_chooseh"": ""2884114"", ""cmp_full"": ""1534"", ""num_full_dominance_check"": ""162"", ""num_good_fallback"": ""136"", ""num_bad_fallback"": ""26"", ""num_fallback_indexed"": ""3177""}"
bay8_M3,bay,3,0.1,maya,1,ok,0.334,41ab86a0c5a6787f77088d0dc327d3bf23a7831a9174763ae3e5acda19d7f47f,C:\Users\BARFE\.copilot\repos\copilot-worktrees\fast-mvh-kdt\barfe-aicahub-vigilant-robot\scratchpad\maya_harness\maya_run.exe C:\Users\BARFE\.copilot\repos\copilot-worktrees\fast-mvh-kdt\barfe-aicahub-vigilant-robot\benchmarks\runs\2026-09-29_122346_bay_and_3d\inputs\BAY8000_M3 1 8000 C:\Users\BARFE\.copilot\repos\copilot-worktrees\fast-mvh-kdt\barfe-aicahub-vigilant-robot\benchmarks\runs\2026-09-29_122346_bay_and_3d\inputs\BAY8000_M3\apex_e0.1_lex.mvh C:\Users\BARFE\.copilot\repos\copilot-worktrees\fast-mvh-kdt\barfe-aicahub-vigilant-robot\scratchpad\fast3_campaign\tmp_sols\bay8_M3_maya.sol 600,"{""algorithm"": ""L_NAMOA_DR_MVH"", ""num_solutions"": ""238"", ""num_expansion"": ""12346"", ""num_generation"": ""45393"", ""num_reinsertion"": ""4990"", ""num_full_dominance_check"": ""1386"", ""num_good_fallback"": ""106"", ""num_bad_fallback"": ""1280"", ""runtime_s"": ""0.053"", ""time_limit_reached"": ""0""}"
bay8_M3,bay,3,0.1,fast2,1,ok,0.162,41ab86a0c5a6787f77088d0dc327d3bf23a7831a9174763ae3e5acda19d7f47f,C:\Users\BARFE\.copilot\repos\copilot-worktrees\fast-mvh-kdt\barfe-aicahub-vigilant-robot\scratchpad\build_fast\fast_mvh.exe --map C:\Users\BARFE\.copilot\repos\copilot-worktrees\fast-mvh-kdt\barfe-aicahub-vigilant-robot\benchmarks\runs\2026-09-29_122346_bay_and_3d\inputs\BAY8000_M3 --start 1 --goal 8000 --algorithm L_NAMOA_DR_MVH_FAST --mvh C:\Users\BARFE\.copilot\repos\copilot-worktrees\fast-mvh-kdt\barfe-aicahub-vigilant-robot\benchmarks\runs\2026-09-29_122346_bay_and_3d\inputs\BAY8000_M3\apex_e0.1_lex.mvh --cutoffTime 600 --sol-out C:\Users\BARFE\.copilot\repos\copilot-worktrees\fast-mvh-kdt\barfe-aicahub-vigilant-robot\scratchpad\fast3_campaign\tmp_sols\bay8_M3_fast2.sol,"{""algorithm"": ""L_NAMOA_DR_MVH_FAST"", ""source"": ""1"", ""target"": ""8000"", ""num_solutions"": ""238"", ""num_expansion"": ""12346"", ""num_generation"": ""45393"", ""num_reinsertion"": ""4990"", ""num_full_dominance_check"": ""162"", ""num_good_fallback"": ""136"", ""num_bad_fallback"": ""26"", ""num_chooseh"": ""73458"", ""num_frontier_trees"": ""1"", ""num_heuristic_trees"": ""0"", ""num_redundant_heuristics"": ""1"", ""runtime_s"": ""0.04"", ""time_limit_reached"": ""0"", ""cmpchk"": ""2277808"", ""cmpupd"": ""172833"", ""cmp_chooseh"": ""2884114"", ""cmp_full"": ""3398""}"
bay8_M3,bay,3,0.1,fast,1,ok,0.141,41ab86a0c5a6787f77088d0dc327d3bf23a7831a9174763ae3e5acda19d7f47f,C:\Users\BARFE\.copilot\repos\copilot-worktrees\fast-mvh-kdt\barfe-aicahub-vigilant-robot\scratchpad\build_fast\fast_mvh.exe --map C:\Users\BARFE\.copilot\repos\copilot-worktrees\fast-mvh-kdt\barfe-aicahub-vigilant-robot\benchmarks\runs\2026-09-29_122346_bay_and_3d\inputs\BAY8000_M3 --start 1 --goal 8000 --algorithm L_NAMOA_DR_MVH_FAST3 --mvh C:\Users\BARFE\.copilot\repos\copilot-worktrees\fast-mvh-kdt\barfe-aicahub-vigilant-robot\benchmarks\runs\2026-09-29_122346_bay_and_3d\inputs\BAY8000_M3\apex_e0.1_lex.mvh --cutoffTime 600 --sol-out C:\Users\BARFE\.copilot\repos\copilot-worktrees\fast-mvh-kdt\barfe-aicahub-vigilant-robot\scratchpad\fast3_campaign\tmp_sols\bay8_M3_fast.sol,"{""algorithm"": ""L_NAMOA_DR_MVH_FAST3"", ""source"": ""1"", ""target"": ""8000"", ""num_solutions"": ""238"", ""num_expansion"": ""12346"", ""num_generation"": ""45393"", ""runtime_s"": ""0.019"", ""time_limit_reached"": ""0"", ""cmpchk"": ""2277808"", ""cmpupd"": ""172833"", ""cmp_chooseh"": ""2884114"", ""cmp_full"": ""1534"", ""num_full_dominance_check"": ""162"", ""num_good_fallback"": ""136"", ""num_bad_fallback"": ""26"", ""num_fallback_indexed"": ""3177""}"
bay8_M3,bay,3,0.1,maya,2,ok,0.360,41ab86a0c5a6787f77088d0dc327d3bf23a7831a9174763ae3e5acda19d7f47f,C:\Users\BARFE\.copilot\repos\copilot-worktrees\fast-mvh-kdt\barfe-aicahub-vigilant-robot\scratchpad\maya_harness\maya_run.exe C:\Users\BARFE\.copilot\repos\copilot-worktrees\fast-mvh-kdt\barfe-aicahub-vigilant-robot\benchmarks\runs\2026-09-29_122346_bay_and_3d\inputs\BAY8000_M3 1 8000 C:\Users\BARFE\.copilot\repos\copilot-worktrees\fast-mvh-kdt\barfe-aicahub-vigilant-robot\benchmarks\runs\2026-09-29_122346_bay_and_3d\inputs\BAY8000_M3\apex_e0.1_lex.mvh C:\Users\BARFE\.copilot\repos\copilot-worktrees\fast-mvh-kdt\barfe-aicahub-vigilant-robot\scratchpad\fast3_campaign\tmp_sols\bay8_M3_maya.sol 600,"{""algorithm"": ""L_NAMOA_DR_MVH"", ""num_solutions"": ""238"", ""num_expansion"": ""12346"", ""num_generation"": ""45393"", ""num_reinsertion"": ""4990"", ""num_full_dominance_check"": ""1386"", ""num_good_fallback"": ""106"", ""num_bad_fallback"": ""1280"", ""runtime_s"": ""0.06"", ""time_limit_reached"": ""0""}"
bay8_M3,bay,3,0.1,fast2,2,ok,0.176,41ab86a0c5a6787f77088d0dc327d3bf23a7831a9174763ae3e5acda19d7f47f,C:\Users\BARFE\.copilot\repos\copilot-worktrees\fast-mvh-kdt\barfe-aicahub-vigilant-robot\scratchpad\build_fast\fast_mvh.exe --map C:\Users\BARFE\.copilot\repos\copilot-worktrees\fast-mvh-kdt\barfe-aicahub-vigilant-robot\benchmarks\runs\2026-09-29_122346_bay_and_3d\inputs\BAY8000_M3 --start 1 --goal 8000 --algorithm L_NAMOA_DR_MVH_FAST --mvh C:\Users\BARFE\.copilot\repos\copilot-worktrees\fast-mvh-kdt\barfe-aicahub-vigilant-robot\benchmarks\runs\2026-09-29_122346_bay_and_3d\inputs\BAY8000_M3\apex_e0.1_lex.mvh --cutoffTime 600 --sol-out C:\Users\BARFE\.copilot\repos\copilot-worktrees\fast-mvh-kdt\barfe-aicahub-vigilant-robot\scratchpad\fast3_campaign\tmp_sols\bay8_M3_fast2.sol,"{""algorithm"": ""L_NAMOA_DR_MVH_FAST"", ""source"": ""1"", ""target"": ""8000"", ""num_solutions"": ""238"", ""num_expansion"": ""12346"", ""num_generation"": ""45393"", ""num_reinsertion"": ""4990"", ""num_full_dominance_check"": ""162"", ""num_good_fallback"": ""136"", ""num_bad_fallback"": ""26"", ""num_chooseh"": ""73458"", ""num_frontier_trees"": ""1"", ""num_heuristic_trees"": ""0"", ""num_redundant_heuristics"": ""1"", ""runtime_s"": ""0.042"", ""time_limit_reached"": ""0"", ""cmpchk"": ""2277808"", ""cmpupd"": ""172833"", ""cmp_chooseh"": ""2884114"", ""cmp_full"": ""3398""}"
bay8_M3,bay,3,0.1,fast,2,ok,0.153,41ab86a0c5a6787f77088d0dc327d3bf23a7831a9174763ae3e5acda19d7f47f,C:\Users\BARFE\.copilot\repos\copilot-worktrees\fast-mvh-kdt\barfe-aicahub-vigilant-robot\scratchpad\build_fast\fast_mvh.exe --map C:\Users\BARFE\.copilot\repos\copilot-worktrees\fast-mvh-kdt\barfe-aicahub-vigilant-robot\benchmarks\runs\2026-09-29_122346_bay_and_3d\inputs\BAY8000_M3 --start 1 --goal 8000 --algorithm L_NAMOA_DR_MVH_FAST3 --mvh C:\Users\BARFE\.copilot\repos\copilot-worktrees\fast-mvh-kdt\barfe-aicahub-vigilant-robot\benchmarks\runs\2026-09-29_122346_bay_and_3d\inputs\BAY8000_M3\apex_e0.1_lex.mvh --cutoffTime 600 --sol-out C:\Users\BARFE\.copilot\repos\copilot-worktrees\fast-mvh-kdt\barfe-aicahub-vigilant-robot\scratchpad\fast3_campaign\tmp_sols\bay8_M3_fast.sol,"{""algorithm"": ""L_NAMOA_DR_MVH_FAST3"", ""source"": ""1"", ""target"": ""8000"", ""num_solutions"": ""238"", ""num_expansion"": ""12346"", ""num_generation"": ""45393"", ""runtime_s"": ""0.018"", ""time_limit_reached"": ""0"", ""cmpchk"": ""2277808"", ""cmpupd"": ""172833"", ""cmp_chooseh"": ""2884114"", ""cmp_full"": ""1534"", ""num_full_dominance_check"": ""162"", ""num_good_fallback"": ""136"", ""num_bad_fallback"": ""26"", ""num_fallback_indexed"": ""3177""}"
bay16_M3,bay,3,0.1,maya,0,ok,3.218,ea7fbd139b11a425599866f7e0b1b32476e1fd62022b2e8d4f7c7ee9de0dc453,C:\Users\BARFE\.copilot\repos\copilot-worktrees\fast-mvh-kdt\barfe-aicahub-vigilant-robot\scratchpad\maya_harness\maya_run.exe C:\Users\BARFE\.copilot\repos\copilot-worktrees\fast-mvh-kdt\barfe-aicahub-vigilant-robot\benchmarks\runs\2026-09-29_122346_bay_and_3d\inputs\BAY16000_M3 1 16000 C:\Users\BARFE\.copilot\repos\copilot-worktrees\fast-mvh-kdt\barfe-aicahub-vigilant-robot\benchmarks\runs\2026-09-29_122346_bay_and_3d\inputs\BAY16000_M3\apex_e0.1_lex.mvh benchmarks\runs\2026-10-04_123702_fast_m3_6\sols\bay16_M3_maya.sol 600,"{""algorithm"": ""L_NAMOA_DR_MVH"", ""num_solutions"": ""3534"", ""num_expansion"": ""347498"", ""num_generation"": ""893319"", ""num_reinsertion"": ""19212"", ""num_full_dominance_check"": ""18358"", ""num_good_fallback"": ""4195"", ""num_bad_fallback"": ""14163"", ""runtime_s"": ""2.717"", ""time_limit_reached"": ""0""}"
bay16_M3,bay,3,0.1,fast2,0,ok,2.198,ea7fbd139b11a425599866f7e0b1b32476e1fd62022b2e8d4f7c7ee9de0dc453,C:\Users\BARFE\.copilot\repos\copilot-worktrees\fast-mvh-kdt\barfe-aicahub-vigilant-robot\scratchpad\build_fast\fast_mvh.exe --map C:\Users\BARFE\.copilot\repos\copilot-worktrees\fast-mvh-kdt\barfe-aicahub-vigilant-robot\benchmarks\runs\2026-09-29_122346_bay_and_3d\inputs\BAY16000_M3 --start 1 --goal 16000 --algorithm L_NAMOA_DR_MVH_FAST --mvh C:\Users\BARFE\.copilot\repos\copilot-worktrees\fast-mvh-kdt\barfe-aicahub-vigilant-robot\benchmarks\runs\2026-09-29_122346_bay_and_3d\inputs\BAY16000_M3\apex_e0.1_lex.mvh --cutoffTime 600 --sol-out benchmarks\runs\2026-10-04_123702_fast_m3_6\sols\bay16_M3_fast2.sol,"{""algorithm"": ""L_NAMOA_DR_MVH_FAST"", ""source"": ""1"", ""target"": ""16000"", ""num_solutions"": ""3534"", ""num_expansion"": ""347498"", ""num_generation"": ""893319"", ""num_reinsertion"": ""19212"", ""num_full_dominance_check"": ""5783"", ""num_good_fallback"": ""5195"", ""num_bad_fallback"": ""588"", ""num_chooseh"": ""1297932"", ""num_frontier_trees"": ""11"", ""num_heuristic_trees"": ""0"", ""num_redundant_heuristics"": ""0"", ""runtime_s"": ""1.918"", ""time_limit_reached"": ""0"", ""cmpchk"": ""78025258"", ""cmpupd"": ""11599740"", ""cmp_chooseh"": ""9277968"", ""cmp_full"": ""1139301""}"
bay16_M3,bay,3,0.1,fast,0,ok,0.951,ea7fbd139b11a425599866f7e0b1b32476e1fd62022b2e8d4f7c7ee9de0dc453,C:\Users\BARFE\.copilot\repos\copilot-worktrees\fast-mvh-kdt\barfe-aicahub-vigilant-robot\scratchpad\build_fast\fast_mvh.exe --map C:\Users\BARFE\.copilot\repos\copilot-worktrees\fast-mvh-kdt\barfe-aicahub-vigilant-robot\benchmarks\runs\2026-09-29_122346_bay_and_3d\inputs\BAY16000_M3 --start 1 --goal 16000 --algorithm L_NAMOA_DR_MVH_FAST3 --mvh C:\Users\BARFE\.copilot\repos\copilot-worktrees\fast-mvh-kdt\barfe-aicahub-vigilant-robot\benchmarks\runs\2026-09-29_122346_bay_and_3d\inputs\BAY16000_M3\apex_e0.1_lex.mvh --cutoffTime 600 --sol-out benchmarks\runs\2026-10-04_123702_fast_m3_6\sols\bay16_M3_fast.sol,"{""algorithm"": ""L_NAMOA_DR_MVH_FAST3"", ""source"": ""1"", ""target"": ""16000"", ""num_solutions"": ""3534"", ""num_expansion"": ""347498"", ""num_generation"": ""893319"", ""runtime_s"": ""0.661"", ""time_limit_reached"": ""0"", ""cmpchk"": ""78025258"", ""cmpupd"": ""11599740"", ""cmp_chooseh"": ""9277968"", ""cmp_full"": ""144246"", ""num_full_dominance_check"": ""5783"", ""num_good_fallback"": ""5195"", ""num_bad_fallback"": ""588"", ""num_fallback_indexed"": ""232240""}"
bay16_M3,bay,3,0.1,maya,1,ok,3.169,ea7fbd139b11a425599866f7e0b1b32476e1fd62022b2e8d4f7c7ee9de0dc453,C:\Users\BARFE\.copilot\repos\copilot-worktrees\fast-mvh-kdt\barfe-aicahub-vigilant-robot\scratchpad\maya_harness\maya_run.exe C:\Users\BARFE\.copilot\repos\copilot-worktrees\fast-mvh-kdt\barfe-aicahub-vigilant-robot\benchmarks\runs\2026-09-29_122346_bay_and_3d\inputs\BAY16000_M3 1 16000 C:\Users\BARFE\.copilot\repos\copilot-worktrees\fast-mvh-kdt\barfe-aicahub-vigilant-robot\benchmarks\runs\2026-09-29_122346_bay_and_3d\inputs\BAY16000_M3\apex_e0.1_lex.mvh C:\Users\BARFE\.copilot\repos\copilot-worktrees\fast-mvh-kdt\barfe-aicahub-vigilant-robot\scratchpad\fast3_campaign\tmp_sols\bay16_M3_maya.sol 600,"{""algorithm"": ""L_NAMOA_DR_MVH"", ""num_solutions"": ""3534"", ""num_expansion"": ""347498"", ""num_generation"": ""893319"", ""num_reinsertion"": ""19212"", ""num_full_dominance_check"": ""18358"", ""num_good_fallback"": ""4195"", ""num_bad_fallback"": ""14163"", ""runtime_s"": ""2.748"", ""time_limit_reached"": ""0""}"
bay16_M3,bay,3,0.1,fast2,1,ok,2.030,ea7fbd139b11a425599866f7e0b1b32476e1fd62022b2e8d4f7c7ee9de0dc453,C:\Users\BARFE\.copilot\repos\copilot-worktrees\fast-mvh-kdt\barfe-aicahub-vigilant-robot\scratchpad\build_fast\fast_mvh.exe --map C:\Users\BARFE\.copilot\repos\copilot-worktrees\fast-mvh-kdt\barfe-aicahub-vigilant-robot\benchmarks\runs\2026-09-29_122346_bay_and_3d\inputs\BAY16000_M3 --start 1 --goal 16000 --algorithm L_NAMOA_DR_MVH_FAST --mvh C:\Users\BARFE\.copilot\repos\copilot-worktrees\fast-mvh-kdt\barfe-aicahub-vigilant-robot\benchmarks\runs\2026-09-29_122346_bay_and_3d\inputs\BAY16000_M3\apex_e0.1_lex.mvh --cutoffTime 600 --sol-out C:\Users\BARFE\.copilot\repos\copilot-worktrees\fast-mvh-kdt\barfe-aicahub-vigilant-robot\scratchpad\fast3_campaign\tmp_sols\bay16_M3_fast2.sol,"{""algorithm"": ""L_NAMOA_DR_MVH_FAST"", ""source"": ""1"", ""target"": ""16000"", ""num_solutions"": ""3534"", ""num_expansion"": ""347498"", ""num_generation"": ""893319"", ""num_reinsertion"": ""19212"", ""num_full_dominance_check"": ""5783"", ""num_good_fallback"": ""5195"", ""num_bad_fallback"": ""588"", ""num_chooseh"": ""1297932"", ""num_frontier_trees"": ""11"", ""num_heuristic_trees"": ""0"", ""num_redundant_heuristics"": ""0"", ""runtime_s"": ""1.764"", ""time_limit_reached"": ""0"", ""cmpchk"": ""78025258"", ""cmpupd"": ""11599740"", ""cmp_chooseh"": ""9277968"", ""cmp_full"": ""1139301""}"
bay16_M3,bay,3,0.1,fast,1,ok,0.971,ea7fbd139b11a425599866f7e0b1b32476e1fd62022b2e8d4f7c7ee9de0dc453,C:\Users\BARFE\.copilot\repos\copilot-worktrees\fast-mvh-kdt\barfe-aicahub-vigilant-robot\scratchpad\build_fast\fast_mvh.exe --map C:\Users\BARFE\.copilot\repos\copilot-worktrees\fast-mvh-kdt\barfe-aicahub-vigilant-robot\benchmarks\runs\2026-09-29_122346_bay_and_3d\inputs\BAY16000_M3 --start 1 --goal 16000 --algorithm L_NAMOA_DR_MVH_FAST3 --mvh C:\Users\BARFE\.copilot\repos\copilot-worktrees\fast-mvh-kdt\barfe-aicahub-vigilant-robot\benchmarks\runs\2026-09-29_122346_bay_and_3d\inputs\BAY16000_M3\apex_e0.1_lex.mvh --cutoffTime 600 --sol-out C:\Users\BARFE\.copilot\repos\copilot-worktrees\fast-mvh-kdt\barfe-aicahub-vigilant-robot\scratchpad\fast3_campaign\tmp_sols\bay16_M3_fast.sol,"{""algorithm"": ""L_NAMOA_DR_MVH_FAST3"", ""source"": ""1"", ""target"": ""16000"", ""num_solutions"": ""3534"", ""num_expansion"": ""347498"", ""num_generation"": ""893319"", ""runtime_s"": ""0.698"", ""time_limit_reached"": ""0"", ""cmpchk"": ""78025258"", ""cmpupd"": ""11599740"", ""cmp_chooseh"": ""9277968"", ""cmp_full"": ""144246"", ""num_full_dominance_check"": ""5783"", ""num_good_fallback"": ""5195"", ""num_bad_fallback"": ""588"", ""num_fallback_indexed"": ""232240""}"
bay16_M3,bay,3,0.1,maya,2,ok,3.069,ea7fbd139b11a425599866f7e0b1b32476e1fd62022b2e8d4f7c7ee9de0dc453,C:\Users\BARFE\.copilot\repos\copilot-worktrees\fast-mvh-kdt\barfe-aicahub-vigilant-robot\scratchpad\maya_harness\maya_run.exe C:\Users\BARFE\.copilot\repos\copilot-worktrees\fast-mvh-kdt\barfe-aicahub-vigilant-robot\benchmarks\runs\2026-09-29_122346_bay_and_3d\inputs\BAY16000_M3 1 16000 C:\Users\BARFE\.copilot\repos\copilot-worktrees\fast-mvh-kdt\barfe-aicahub-vigilant-robot\benchmarks\runs\2026-09-29_122346_bay_and_3d\inputs\BAY16000_M3\apex_e0.1_lex.mvh C:\Users\BARFE\.copilot\repos\copilot-worktrees\fast-mvh-kdt\barfe-aicahub-vigilant-robot\scratchpad\fast3_campaign\tmp_sols\bay16_M3_maya.sol 600,"{""algorithm"": ""L_NAMOA_DR_MVH"", ""num_solutions"": ""3534"", ""num_expansion"": ""347498"", ""num_generation"": ""893319"", ""num_reinsertion"": ""19212"", ""num_full_dominance_check"": ""18358"", ""num_good_fallback"": ""4195"", ""num_bad_fallback"": ""14163"", ""runtime_s"": ""2.673"", ""time_limit_reached"": ""0""}"
bay16_M3,bay,3,0.1,fast2,2,ok,2.070,ea7fbd139b11a425599866f7e0b1b32476e1fd62022b2e8d4f7c7ee9de0dc453,C:\Users\BARFE\.copilot\repos\copilot-worktrees\fast-mvh-kdt\barfe-aicahub-vigilant-robot\scratchpad\build_fast\fast_mvh.exe --map C:\Users\BARFE\.copilot\repos\copilot-worktrees\fast-mvh-kdt\barfe-aicahub-vigilant-robot\benchmarks\runs\2026-09-29_122346_bay_and_3d\inputs\BAY16000_M3 --start 1 --goal 16000 --algorithm L_NAMOA_DR_MVH_FAST --mvh C:\Users\BARFE\.copilot\repos\copilot-worktrees\fast-mvh-kdt\barfe-aicahub-vigilant-robot\benchmarks\runs\2026-09-29_122346_bay_and_3d\inputs\BAY16000_M3\apex_e0.1_lex.mvh --cutoffTime 600 --sol-out C:\Users\BARFE\.copilot\repos\copilot-worktrees\fast-mvh-kdt\barfe-aicahub-vigilant-robot\scratchpad\fast3_campaign\tmp_sols\bay16_M3_fast2.sol,"{""algorithm"": ""L_NAMOA_DR_MVH_FAST"", ""source"": ""1"", ""target"": ""16000"", ""num_solutions"": ""3534"", ""num_expansion"": ""347498"", ""num_generation"": ""893319"", ""num_reinsertion"": ""19212"", ""num_full_dominance_check"": ""5783"", ""num_good_fallback"": ""5195"", ""num_bad_fallback"": ""588"", ""num_chooseh"": ""1297932"", ""num_frontier_trees"": ""11"", ""num_heuristic_trees"": ""0"", ""num_redundant_heuristics"": ""0"", ""runtime_s"": ""1.81"", ""time_limit_reached"": ""0"", ""cmpchk"": ""78025258"", ""cmpupd"": ""11599740"", ""cmp_chooseh"": ""9277968"", ""cmp_full"": ""1139301""}"
bay16_M3,bay,3,0.1,fast,2,ok,0.897,ea7fbd139b11a425599866f7e0b1b32476e1fd62022b2e8d4f7c7ee9de0dc453,C:\Users\BARFE\.copilot\repos\copilot-worktrees\fast-mvh-kdt\barfe-aicahub-vigilant-robot\scratchpad\build_fast\fast_mvh.exe --map C:\Users\BARFE\.copilot\repos\copilot-worktrees\fast-mvh-kdt\barfe-aicahub-vigilant-robot\benchmarks\runs\2026-09-29_122346_bay_and_3d\inputs\BAY16000_M3 --start 1 --goal 16000 --algorithm L_NAMOA_DR_MVH_FAST3 --mvh C:\Users\BARFE\.copilot\repos\copilot-worktrees\fast-mvh-kdt\barfe-aicahub-vigilant-robot\benchmarks\runs\2026-09-29_122346_bay_and_3d\inputs\BAY16000_M3\apex_e0.1_lex.mvh --cutoffTime 600 --sol-out C:\Users\BARFE\.copilot\repos\copilot-worktrees\fast-mvh-kdt\barfe-aicahub-vigilant-robot\scratchpad\fast3_campaign\tmp_sols\bay16_M3_fast.sol,"{""algorithm"": ""L_NAMOA_DR_MVH_FAST3"", ""source"": ""1"", ""target"": ""16000"", ""num_solutions"": ""3534"", ""num_expansion"": ""347498"", ""num_generation"": ""893319"", ""runtime_s"": ""0.647"", ""time_limit_reached"": ""0"", ""cmpchk"": ""78025258"", ""cmpupd"": ""11599740"", ""cmp_chooseh"": ""9277968"", ""cmp_full"": ""144246"", ""num_full_dominance_check"": ""5783"", ""num_good_fallback"": ""5195"", ""num_bad_fallback"": ""588"", ""num_fallback_indexed"": ""232240""}"
bay8_M4,bay,4,0.1,maya,0,ok,20.536,8208ecfac9d29fa533e9011c321b78fa46739a74e05f7e9733dae8e17f8ce4d0,C:\Users\BARFE\.copilot\repos\copilot-worktrees\fast-mvh-kdt\barfe-aicahub-vigilant-robot\scratchpad\maya_harness\maya_run.exe C:\Users\BARFE\.copilot\repos\copilot-worktrees\fast-mvh-kdt\barfe-aicahub-vigilant-robot\benchmarks\runs\2026-09-29_122346_bay_and_3d\inputs\BAY8000_M4 1 8000 C:\Users\BARFE\.copilot\repos\copilot-worktrees\fast-mvh-kdt\barfe-aicahub-vigilant-robot\benchmarks\runs\2026-09-29_122346_bay_and_3d\inputs\BAY8000_M4\apex_e0.1_lex.mvh benchmarks\runs\2026-10-04_123702_fast_m3_6\sols\bay8_M4_maya.sol 600,"{""algorithm"": ""L_NAMOA_DR_MVH"", ""num_solutions"": ""3716"", ""num_expansion"": ""157704"", ""num_generation"": ""492419"", ""num_reinsertion"": ""49544"", ""num_full_dominance_check"": ""94565"", ""num_good_fallback"": ""5858"", ""num_bad_fallback"": ""88707"", ""runtime_s"": ""20.05"", ""time_limit_reached"": ""0""}"
bay8_M4,bay,4,0.1,fast2,0,ok,1.769,8208ecfac9d29fa533e9011c321b78fa46739a74e05f7e9733dae8e17f8ce4d0,C:\Users\BARFE\.copilot\repos\copilot-worktrees\fast-mvh-kdt\barfe-aicahub-vigilant-robot\scratchpad\build_fast\fast_mvh.exe --map C:\Users\BARFE\.copilot\repos\copilot-worktrees\fast-mvh-kdt\barfe-aicahub-vigilant-robot\benchmarks\runs\2026-09-29_122346_bay_and_3d\inputs\BAY8000_M4 --start 1 --goal 8000 --algorithm L_NAMOA_DR_MVH_FAST --mvh C:\Users\BARFE\.copilot\repos\copilot-worktrees\fast-mvh-kdt\barfe-aicahub-vigilant-robot\benchmarks\runs\2026-09-29_122346_bay_and_3d\inputs\BAY8000_M4\apex_e0.1_lex.mvh --cutoffTime 600 --sol-out benchmarks\runs\2026-10-04_123702_fast_m3_6\sols\bay8_M4_fast2.sol,"{""algorithm"": ""L_NAMOA_DR_MVH_FAST"", ""source"": ""1"", ""target"": ""8000"", ""num_solutions"": ""3716"", ""num_expansion"": ""157704"", ""num_generation"": ""492419"", ""num_reinsertion"": ""49544"", ""num_full_dominance_check"": ""6414"", ""num_good_fallback"": ""6318"", ""num_bad_fallback"": ""96"", ""num_chooseh"": ""765724"", ""num_frontier_trees"": ""210"", ""num_heuristic_trees"": ""0"", ""num_redundant_heuristics"": ""1"", ""runtime_s"": ""1.319"", ""time_limit_reached"": ""0"", ""cmpchk"": ""50861525"", ""cmpupd"": ""6915616"", ""cmp_chooseh"": ""26773956"", ""cmp_full"": ""707326""}"
bay8_M4,bay,4,0.1,fast,0,ok,1.099,8208ecfac9d29fa533e9011c321b78fa46739a74e05f7e9733dae8e17f8ce4d0,C:\Users\BARFE\.copilot\repos\copilot-worktrees\fast-mvh-kdt\barfe-aicahub-vigilant-robot\scratchpad\build_fast\fast_mvh.exe --map C:\Users\BARFE\.copilot\repos\copilot-worktrees\fast-mvh-kdt\barfe-aicahub-vigilant-robot\benchmarks\runs\2026-09-29_122346_bay_and_3d\inputs\BAY8000_M4 --start 1 --goal 8000 --algorithm L_NAMOA_DR_MVH_FAST3 --mvh C:\Users\BARFE\.copilot\repos\copilot-worktrees\fast-mvh-kdt\barfe-aicahub-vigilant-robot\benchmarks\runs\2026-09-29_122346_bay_and_3d\inputs\BAY8000_M4\apex_e0.1_lex.mvh --cutoffTime 600 --sol-out benchmarks\runs\2026-10-04_123702_fast_m3_6\sols\bay8_M4_fast.sol,"{""algorithm"": ""L_NAMOA_DR_MVH_FAST3"", ""source"": ""1"", ""target"": ""8000"", ""num_solutions"": ""3716"", ""num_expansion"": ""157704"", ""num_generation"": ""492419"", ""runtime_s"": ""0.662"", ""time_limit_reached"": ""0"", ""cmpchk"": ""50861525"", ""cmpupd"": ""6915616"", ""cmp_chooseh"": ""26773956"", ""cmp_full"": ""51401"", ""num_full_dominance_check"": ""6414"", ""num_good_fallback"": ""6318"", ""num_bad_fallback"": ""96"", ""num_fallback_indexed"": ""18151""}"
bay8_M4,bay,4,0.1,fast2,1,ok,1.990,8208ecfac9d29fa533e9011c321b78fa46739a74e05f7e9733dae8e17f8ce4d0,C:\Users\BARFE\.copilot\repos\copilot-worktrees\fast-mvh-kdt\barfe-aicahub-vigilant-robot\scratchpad\build_fast\fast_mvh.exe --map C:\Users\BARFE\.copilot\repos\copilot-worktrees\fast-mvh-kdt\barfe-aicahub-vigilant-robot\benchmarks\runs\2026-09-29_122346_bay_and_3d\inputs\BAY8000_M4 --start 1 --goal 8000 --algorithm L_NAMOA_DR_MVH_FAST --mvh C:\Users\BARFE\.copilot\repos\copilot-worktrees\fast-mvh-kdt\barfe-aicahub-vigilant-robot\benchmarks\runs\2026-09-29_122346_bay_and_3d\inputs\BAY8000_M4\apex_e0.1_lex.mvh --cutoffTime 600 --sol-out C:\Users\BARFE\.copilot\repos\copilot-worktrees\fast-mvh-kdt\barfe-aicahub-vigilant-robot\scratchpad\fast3_campaign\tmp_sols\bay8_M4_fast2.sol,"{""algorithm"": ""L_NAMOA_DR_MVH_FAST"", ""source"": ""1"", ""target"": ""8000"", ""num_solutions"": ""3716"", ""num_expansion"": ""157704"", ""num_generation"": ""492419"", ""num_reinsertion"": ""49544"", ""num_full_dominance_check"": ""6414"", ""num_good_fallback"": ""6318"", ""num_bad_fallback"": ""96"", ""num_chooseh"": ""765724"", ""num_frontier_trees"": ""210"", ""num_heuristic_trees"": ""0"", ""num_redundant_heuristics"": ""1"", ""runtime_s"": ""1.516"", ""time_limit_reached"": ""0"", ""cmpchk"": ""50861525"", ""cmpupd"": ""6915616"", ""cmp_chooseh"": ""26773956"", ""cmp_full"": ""707326""}"
bay8_M4,bay,4,0.1,fast,1,ok,1.067,8208ecfac9d29fa533e9011c321b78fa46739a74e05f7e9733dae8e17f8ce4d0,C:\Users\BARFE\.copilot\repos\copilot-worktrees\fast-mvh-kdt\barfe-aicahub-vigilant-robot\scratchpad\build_fast\fast_mvh.exe --map C:\Users\BARFE\.copilot\repos\copilot-worktrees\fast-mvh-kdt\barfe-aicahub-vigilant-robot\benchmarks\runs\2026-09-29_122346_bay_and_3d\inputs\BAY8000_M4 --start 1 --goal 8000 --algorithm L_NAMOA_DR_MVH_FAST3 --mvh C:\Users\BARFE\.copilot\repos\copilot-worktrees\fast-mvh-kdt\barfe-aicahub-vigilant-robot\benchmarks\runs\2026-09-29_122346_bay_and_3d\inputs\BAY8000_M4\apex_e0.1_lex.mvh --cutoffTime 600 --sol-out C:\Users\BARFE\.copilot\repos\copilot-worktrees\fast-mvh-kdt\barfe-aicahub-vigilant-robot\scratchpad\fast3_campaign\tmp_sols\bay8_M4_fast.sol,"{""algorithm"": ""L_NAMOA_DR_MVH_FAST3"", ""source"": ""1"", ""target"": ""8000"", ""num_solutions"": ""3716"", ""num_expansion"": ""157704"", ""num_generation"": ""492419"", ""runtime_s"": ""0.727"", ""time_limit_reached"": ""0"", ""cmpchk"": ""50861525"", ""cmpupd"": ""6915616"", ""cmp_chooseh"": ""26773956"", ""cmp_full"": ""51401"", ""num_full_dominance_check"": ""6414"", ""num_good_fallback"": ""6318"", ""num_bad_fallback"": ""96"", ""num_fallback_indexed"": ""18151""}"
bay8_M4,bay,4,0.1,fast2,2,ok,1.666,8208ecfac9d29fa533e9011c321b78fa46739a74e05f7e9733dae8e17f8ce4d0,C:\Users\BARFE\.copilot\repos\copilot-worktrees\fast-mvh-kdt\barfe-aicahub-vigilant-robot\scratchpad\build_fast\fast_mvh.exe --map C:\Users\BARFE\.copilot\repos\copilot-worktrees\fast-mvh-kdt\barfe-aicahub-vigilant-robot\benchmarks\runs\2026-09-29_122346_bay_and_3d\inputs\BAY8000_M4 --start 1 --goal 8000 --algorithm L_NAMOA_DR_MVH_FAST --mvh C:\Users\BARFE\.copilot\repos\copilot-worktrees\fast-mvh-kdt\barfe-aicahub-vigilant-robot\benchmarks\runs\2026-09-29_122346_bay_and_3d\inputs\BAY8000_M4\apex_e0.1_lex.mvh --cutoffTime 600 --sol-out C:\Users\BARFE\.copilot\repos\copilot-worktrees\fast-mvh-kdt\barfe-aicahub-vigilant-robot\scratchpad\fast3_campaign\tmp_sols\bay8_M4_fast2.sol,"{""algorithm"": ""L_NAMOA_DR_MVH_FAST"", ""source"": ""1"", ""target"": ""8000"", ""num_solutions"": ""3716"", ""num_expansion"": ""157704"", ""num_generation"": ""492419"", ""num_reinsertion"": ""49544"", ""num_full_dominance_check"": ""6414"", ""num_good_fallback"": ""6318"", ""num_bad_fallback"": ""96"", ""num_chooseh"": ""765724"", ""num_frontier_trees"": ""210"", ""num_heuristic_trees"": ""0"", ""num_redundant_heuristics"": ""1"", ""runtime_s"": ""1.346"", ""time_limit_reached"": ""0"", ""cmpchk"": ""50861525"", ""cmpupd"": ""6915616"", ""cmp_chooseh"": ""26773956"", ""cmp_full"": ""707326""}"
bay8_M4,bay,4,0.1,fast,2,ok,0.943,8208ecfac9d29fa533e9011c321b78fa46739a74e05f7e9733dae8e17f8ce4d0,C:\Users\BARFE\.copilot\repos\copilot-worktrees\fast-mvh-kdt\barfe-aicahub-vigilant-robot\scratchpad\build_fast\fast_mvh.exe --map C:\Users\BARFE\.copilot\repos\copilot-worktrees\fast-mvh-kdt\barfe-aicahub-vigilant-robot\benchmarks\runs\2026-09-29_122346_bay_and_3d\inputs\BAY8000_M4 --start 1 --goal 8000 --algorithm L_NAMOA_DR_MVH_FAST3 --mvh C:\Users\BARFE\.copilot\repos\copilot-worktrees\fast-mvh-kdt\barfe-aicahub-vigilant-robot\benchmarks\runs\2026-09-29_122346_bay_and_3d\inputs\BAY8000_M4\apex_e0.1_lex.mvh --cutoffTime 600 --sol-out C:\Users\BARFE\.copilot\repos\copilot-worktrees\fast-mvh-kdt\barfe-aicahub-vigilant-robot\scratchpad\fast3_campaign\tmp_sols\bay8_M4_fast.sol,"{""algorithm"": ""L_NAMOA_DR_MVH_FAST3"", ""source"": ""1"", ""target"": ""8000"", ""num_solutions"": ""3716"", ""num_expansion"": ""157704"", ""num_generation"": ""492419"", ""runtime_s"": ""0.654"", ""time_limit_reached"": ""0"", ""cmpchk"": ""50861525"", ""cmpupd"": ""6915616"", ""cmp_chooseh"": ""26773956"", ""cmp_full"": ""51401"", ""num_full_dominance_check"": ""6414"", ""num_good_fallback"": ""6318"", ""num_bad_fallback"": ""96"", ""num_fallback_indexed"": ""18151""}"
nyr5k_M4,ny,4,0.01,maya,0,ok,14.854,0d1c58539f73232eeeae1b90d2a54e9d4f8fa0ab02a167ccbefd33ce29667024,C:\Users\BARFE\.copilot\repos\copilot-worktrees\fast-mvh-kdt\barfe-aicahub-vigilant-robot\scratchpad\maya_harness\maya_run.exe C:\Users\BARFE\.copilot\repos\copilot-worktrees\fast-mvh-kdt\barfe-aicahub-jubilant-engine\scratchpad\inst\nyr5k_M4 1 5000 C:\Users\BARFE\.copilot\repos\copilot-worktrees\fast-mvh-kdt\barfe-aicahub-jubilant-engine\scratchpad\inst\nyr5k_M4\apex_e0.01.mvh benchmarks\runs\2026-10-04_123702_fast_m3_6\sols\nyr5k_M4_maya.sol 900,"{""algorithm"": ""L_NAMOA_DR_MVH"", ""num_solutions"": ""7105"", ""num_expansion"": ""144117"", ""num_generation"": ""547577"", ""num_reinsertion"": ""105698"", ""num_full_dominance_check"": ""110799"", ""num_good_fallback"": ""54170"", ""num_bad_fallback"": ""56629"", ""runtime_s"": ""10.936"", ""time_limit_reached"": ""0""}"
nyr5k_M4,ny,4,0.01,fast2,0,ok,4.721,0d1c58539f73232eeeae1b90d2a54e9d4f8fa0ab02a167ccbefd33ce29667024,C:\Users\BARFE\.copilot\repos\copilot-worktrees\fast-mvh-kdt\barfe-aicahub-vigilant-robot\scratchpad\build_fast\fast_mvh.exe --map C:\Users\BARFE\.copilot\repos\copilot-worktrees\fast-mvh-kdt\barfe-aicahub-jubilant-engine\scratchpad\inst\nyr5k_M4 --start 1 --goal 5000 --algorithm L_NAMOA_DR_MVH_FAST --mvh C:\Users\BARFE\.copilot\repos\copilot-worktrees\fast-mvh-kdt\barfe-aicahub-jubilant-engine\scratchpad\inst\nyr5k_M4\apex_e0.01.mvh --cutoffTime 600 --sol-out benchmarks\runs\2026-10-04_123702_fast_m3_6\sols\nyr5k_M4_fast2.sol,"{""algorithm"": ""L_NAMOA_DR_MVH_FAST"", ""source"": ""1"", ""target"": ""5000"", ""num_solutions"": ""7105"", ""num_expansion"": ""144117"", ""num_generation"": ""547577"", ""num_reinsertion"": ""105698"", ""num_full_dominance_check"": ""58440"", ""num_good_fallback"": ""56378"", ""num_bad_fallback"": ""2062"", ""num_chooseh"": ""887053"", ""num_frontier_trees"": ""61"", ""num_heuristic_trees"": ""0"", ""num_redundant_heuristics"": ""0"", ""runtime_s"": ""2.13"", ""time_limit_reached"": ""0"", ""cmpchk"": ""39818647"", ""cmpupd"": ""6075273"", ""cmp_chooseh"": ""76651854"", ""cmp_full"": ""28961528""}"
nyr5k_M4,ny,4,0.01,fast,0,ok,3.575,0d1c58539f73232eeeae1b90d2a54e9d4f8fa0ab02a167ccbefd33ce29667024,C:\Users\BARFE\.copilot\repos\copilot-worktrees\fast-mvh-kdt\barfe-aicahub-vigilant-robot\scratchpad\build_fast\fast_mvh.exe --map C:\Users\BARFE\.copilot\repos\copilot-worktrees\fast-mvh-kdt\barfe-aicahub-jubilant-engine\scratchpad\inst\nyr5k_M4 --start 1 --goal 5000 --algorithm L_NAMOA_DR_MVH_FAST3 --mvh C:\Users\BARFE\.copilot\repos\copilot-worktrees\fast-mvh-kdt\barfe-aicahub-jubilant-engine\scratchpad\inst\nyr5k_M4\apex_e0.01.mvh --cutoffTime 600 --sol-out benchmarks\runs\2026-10-04_123702_fast_m3_6\sols\nyr5k_M4_fast.sol,"{""algorithm"": ""L_NAMOA_DR_MVH_FAST3"", ""source"": ""1"", ""target"": ""5000"", ""num_solutions"": ""7105"", ""num_expansion"": ""144117"", ""num_generation"": ""547577"", ""runtime_s"": ""1.157"", ""time_limit_reached"": ""0"", ""cmpchk"": ""39818647"", ""cmpupd"": ""6075273"", ""cmp_chooseh"": ""76651854"", ""cmp_full"": ""2753207"", ""num_full_dominance_check"": ""58440"", ""num_good_fallback"": ""56378"", ""num_bad_fallback"": ""2062"", ""num_fallback_indexed"": ""108560""}"
nyr5k_M4,ny,4,0.01,fast2,1,ok,4.531,0d1c58539f73232eeeae1b90d2a54e9d4f8fa0ab02a167ccbefd33ce29667024,C:\Users\BARFE\.copilot\repos\copilot-worktrees\fast-mvh-kdt\barfe-aicahub-vigilant-robot\scratchpad\build_fast\fast_mvh.exe --map C:\Users\BARFE\.copilot\repos\copilot-worktrees\fast-mvh-kdt\barfe-aicahub-jubilant-engine\scratchpad\inst\nyr5k_M4 --start 1 --goal 5000 --algorithm L_NAMOA_DR_MVH_FAST --mvh C:\Users\BARFE\.copilot\repos\copilot-worktrees\fast-mvh-kdt\barfe-aicahub-jubilant-engine\scratchpad\inst\nyr5k_M4\apex_e0.01.mvh --cutoffTime 600 --sol-out C:\Users\BARFE\.copilot\repos\copilot-worktrees\fast-mvh-kdt\barfe-aicahub-vigilant-robot\scratchpad\fast3_campaign\tmp_sols\nyr5k_M4_fast2.sol,"{""algorithm"": ""L_NAMOA_DR_MVH_FAST"", ""source"": ""1"", ""target"": ""5000"", ""num_solutions"": ""7105"", ""num_expansion"": ""144117"", ""num_generation"": ""547577"", ""num_reinsertion"": ""105698"", ""num_full_dominance_check"": ""58440"", ""num_good_fallback"": ""56378"", ""num_bad_fallback"": ""2062"", ""num_chooseh"": ""887053"", ""num_frontier_trees"": ""61"", ""num_heuristic_trees"": ""0"", ""num_redundant_heuristics"": ""0"", ""runtime_s"": ""2.035"", ""time_limit_reached"": ""0"", ""cmpchk"": ""39818647"", ""cmpupd"": ""6075273"", ""cmp_chooseh"": ""76651854"", ""cmp_full"": ""28961528""}"
nyr5k_M4,ny,4,0.01,fast,1,ok,3.516,0d1c58539f73232eeeae1b90d2a54e9d4f8fa0ab02a167ccbefd33ce29667024,C:\Users\BARFE\.copilot\repos\copilot-worktrees\fast-mvh-kdt\barfe-aicahub-vigilant-robot\scratchpad\build_fast\fast_mvh.exe --map C:\Users\BARFE\.copilot\repos\copilot-worktrees\fast-mvh-kdt\barfe-aicahub-jubilant-engine\scratchpad\inst\nyr5k_M4 --start 1 --goal 5000 --algorithm L_NAMOA_DR_MVH_FAST3 --mvh C:\Users\BARFE\.copilot\repos\copilot-worktrees\fast-mvh-kdt\barfe-aicahub-jubilant-engine\scratchpad\inst\nyr5k_M4\apex_e0.01.mvh --cutoffTime 600 --sol-out C:\Users\BARFE\.copilot\repos\copilot-worktrees\fast-mvh-kdt\barfe-aicahub-vigilant-robot\scratchpad\fast3_campaign\tmp_sols\nyr5k_M4_fast.sol,"{""algorithm"": ""L_NAMOA_DR_MVH_FAST3"", ""source"": ""1"", ""target"": ""5000"", ""num_solutions"": ""7105"", ""num_expansion"": ""144117"", ""num_generation"": ""547577"", ""runtime_s"": ""1.117"", ""time_limit_reached"": ""0"", ""cmpchk"": ""39818647"", ""cmpupd"": ""6075273"", ""cmp_chooseh"": ""76651854"", ""cmp_full"": ""2753207"", ""num_full_dominance_check"": ""58440"", ""num_good_fallback"": ""56378"", ""num_bad_fallback"": ""2062"", ""num_fallback_indexed"": ""108560""}"
nyr5k_M4,ny,4,0.01,fast2,2,ok,4.198,0d1c58539f73232eeeae1b90d2a54e9d4f8fa0ab02a167ccbefd33ce29667024,C:\Users\BARFE\.copilot\repos\copilot-worktrees\fast-mvh-kdt\barfe-aicahub-vigilant-robot\scratchpad\build_fast\fast_mvh.exe --map C:\Users\BARFE\.copilot\repos\copilot-worktrees\fast-mvh-kdt\barfe-aicahub-jubilant-engine\scratchpad\inst\nyr5k_M4 --start 1 --goal 5000 --algorithm L_NAMOA_DR_MVH_FAST --mvh C:\Users\BARFE\.copilot\repos\copilot-worktrees\fast-mvh-kdt\barfe-aicahub-jubilant-engine\scratchpad\inst\nyr5k_M4\apex_e0.01.mvh --cutoffTime 600 --sol-out C:\Users\BARFE\.copilot\repos\copilot-worktrees\fast-mvh-kdt\barfe-aicahub-vigilant-robot\scratchpad\fast3_campaign\tmp_sols\nyr5k_M4_fast2.sol,"{""algorithm"": ""L_NAMOA_DR_MVH_FAST"", ""source"": ""1"", ""target"": ""5000"", ""num_solutions"": ""7105"", ""num_expansion"": ""144117"", ""num_generation"": ""547577"", ""num_reinsertion"": ""105698"", ""num_full_dominance_check"": ""58440"", ""num_good_fallback"": ""56378"", ""num_bad_fallback"": ""2062"", ""num_chooseh"": ""887053"", ""num_frontier_trees"": ""61"", ""num_heuristic_trees"": ""0"", ""num_redundant_heuristics"": ""0"", ""runtime_s"": ""1.916"", ""time_limit_reached"": ""0"", ""cmpchk"": ""39818647"", ""cmpupd"": ""6075273"", ""cmp_chooseh"": ""76651854"", ""cmp_full"": ""28961528""}"
nyr5k_M4,ny,4,0.01,fast,2,ok,3.525,0d1c58539f73232eeeae1b90d2a54e9d4f8fa0ab02a167ccbefd33ce29667024,C:\Users\BARFE\.copilot\repos\copilot-worktrees\fast-mvh-kdt\barfe-aicahub-vigilant-robot\scratchpad\build_fast\fast_mvh.exe --map C:\Users\BARFE\.copilot\repos\copilot-worktrees\fast-mvh-kdt\barfe-aicahub-jubilant-engine\scratchpad\inst\nyr5k_M4 --start 1 --goal 5000 --algorithm L_NAMOA_DR_MVH_FAST3 --mvh C:\Users\BARFE\.copilot\repos\copilot-worktrees\fast-mvh-kdt\barfe-aicahub-jubilant-engine\scratchpad\inst\nyr5k_M4\apex_e0.01.mvh --cutoffTime 600 --sol-out C:\Users\BARFE\.copilot\repos\copilot-worktrees\fast-mvh-kdt\barfe-aicahub-vigilant-robot\scratchpad\fast3_campaign\tmp_sols\nyr5k_M4_fast.sol,"{""algorithm"": ""L_NAMOA_DR_MVH_FAST3"", ""source"": ""1"", ""target"": ""5000"", ""num_solutions"": ""7105"", ""num_expansion"": ""144117"", ""num_generation"": ""547577"", ""runtime_s"": ""1.191"", ""time_limit_reached"": ""0"", ""cmpchk"": ""39818647"", ""cmpupd"": ""6075273"", ""cmp_chooseh"": ""76651854"", ""cmp_full"": ""2753207"", ""num_full_dominance_check"": ""58440"", ""num_good_fallback"": ""56378"", ""num_bad_fallback"": ""2062"", ""num_fallback_indexed"": ""108560""}"
nyr8k_M4,ny,4,0.05,maya,0,ok,44.851,b3cb703cbea4e34977c6dbc80cdbc102234d4e08d64c7f380ae70b802c43b0b3,C:\Users\BARFE\.copilot\repos\copilot-worktrees\fast-mvh-kdt\barfe-aicahub-vigilant-robot\scratchpad\maya_harness\maya_run.exe C:\Users\BARFE\.copilot\repos\copilot-worktrees\fast-mvh-kdt\barfe-aicahub-jubilant-engine\scratchpad\inst\nyr8k_M4 1 8000 C:\Users\BARFE\.copilot\repos\copilot-worktrees\fast-mvh-kdt\barfe-aicahub-jubilant-engine\scratchpad\inst\nyr8k_M4\apex_e0.05.mvh benchmarks\runs\2026-10-04_123702_fast_m3_6\sols\nyr8k_M4_maya.sol 900,"{""algorithm"": ""L_NAMOA_DR_MVH"", ""num_solutions"": ""5713"", ""num_expansion"": ""195594"", ""num_generation"": ""614621"", ""num_reinsertion"": ""98340"", ""num_full_dominance_check"": ""87280"", ""num_good_fallback"": ""4683"", ""num_bad_fallback"": ""82597"", ""runtime_s"": ""43.217"", ""time_limit_reached"": ""0""}"
nyr8k_M4,ny,4,0.05,fast2,0,ok,3.161,b3cb703cbea4e34977c6dbc80cdbc102234d4e08d64c7f380ae70b802c43b0b3,C:\Users\BARFE\.copilot\repos\copilot-worktrees\fast-mvh-kdt\barfe-aicahub-vigilant-robot\scratchpad\build_fast\fast_mvh.exe --map C:\Users\BARFE\.copilot\repos\copilot-worktrees\fast-mvh-kdt\barfe-aicahub-jubilant-engine\scratchpad\inst\nyr8k_M4 --start 1 --goal 8000 --algorithm L_NAMOA_DR_MVH_FAST --mvh C:\Users\BARFE\.copilot\repos\copilot-worktrees\fast-mvh-kdt\barfe-aicahub-jubilant-engine\scratchpad\inst\nyr8k_M4\apex_e0.05.mvh --cutoffTime 600 --sol-out benchmarks\runs\2026-10-04_123702_fast_m3_6\sols\nyr8k_M4_fast2.sol,"{""algorithm"": ""L_NAMOA_DR_MVH_FAST"", ""source"": ""1"", ""target"": ""8000"", ""num_solutions"": ""5713"", ""num_expansion"": ""195594"", ""num_generation"": ""614621"", ""num_reinsertion"": ""98340"", ""num_full_dominance_check"": ""5439"", ""num_good_fallback"": ""5037"", ""num_bad_fallback"": ""402"", ""num_chooseh"": ""926585"", ""num_frontier_trees"": ""212"", ""num_heuristic_trees"": ""0"", ""num_redundant_heuristics"": ""0"", ""runtime_s"": ""1.896"", ""time_limit_reached"": ""0"", ""cmpchk"": ""56678702"", ""cmpupd"": ""7300843"", ""cmp_chooseh"": ""40715114"", ""cmp_full"": ""2255544""}"
nyr8k_M4,ny,4,0.05,fast,0,ok,2.391,b3cb703cbea4e34977c6dbc80cdbc102234d4e08d64c7f380ae70b802c43b0b3,C:\Users\BARFE\.copilot\repos\copilot-worktrees\fast-mvh-kdt\barfe-aicahub-vigilant-robot\scratchpad\build_fast\fast_mvh.exe --map C:\Users\BARFE\.copilot\repos\copilot-worktrees\fast-mvh-kdt\barfe-aicahub-jubilant-engine\scratchpad\inst\nyr8k_M4 --start 1 --goal 8000 --algorithm L_NAMOA_DR_MVH_FAST3 --mvh C:\Users\BARFE\.copilot\repos\copilot-worktrees\fast-mvh-kdt\barfe-aicahub-jubilant-engine\scratchpad\inst\nyr8k_M4\apex_e0.05.mvh --cutoffTime 600 --sol-out benchmarks\runs\2026-10-04_123702_fast_m3_6\sols\nyr8k_M4_fast.sol,"{""algorithm"": ""L_NAMOA_DR_MVH_FAST3"", ""source"": ""1"", ""target"": ""8000"", ""num_solutions"": ""5713"", ""num_expansion"": ""195594"", ""num_generation"": ""614621"", ""runtime_s"": ""1.162"", ""time_limit_reached"": ""0"", ""cmpchk"": ""56678702"", ""cmpupd"": ""7300843"", ""cmp_chooseh"": ""40715114"", ""cmp_full"": ""155667"", ""num_full_dominance_check"": ""5439"", ""num_good_fallback"": ""5037"", ""num_bad_fallback"": ""402"", ""num_fallback_indexed"": ""46629""}"
nyr8k_M4,ny,4,0.05,fast2,1,ok,4.047,b3cb703cbea4e34977c6dbc80cdbc102234d4e08d64c7f380ae70b802c43b0b3,C:\Users\BARFE\.copilot\repos\copilot-worktrees\fast-mvh-kdt\barfe-aicahub-vigilant-robot\scratchpad\build_fast\fast_mvh.exe --map C:\Users\BARFE\.copilot\repos\copilot-worktrees\fast-mvh-kdt\barfe-aicahub-jubilant-engine\scratchpad\inst\nyr8k_M4 --start 1 --goal 8000 --algorithm L_NAMOA_DR_MVH_FAST --mvh C:\Users\BARFE\.copilot\repos\copilot-worktrees\fast-mvh-kdt\barfe-aicahub-jubilant-engine\scratchpad\inst\nyr8k_M4\apex_e0.05.mvh --cutoffTime 600 --sol-out C:\Users\BARFE\.copilot\repos\copilot-worktrees\fast-mvh-kdt\barfe-aicahub-vigilant-robot\scratchpad\fast3_campaign\tmp_sols\nyr8k_M4_fast2.sol,"{""algorithm"": ""L_NAMOA_DR_MVH_FAST"", ""source"": ""1"", ""target"": ""8000"", ""num_solutions"": ""5713"", ""num_expansion"": ""195594"", ""num_generation"": ""614621"", ""num_reinsertion"": ""98340"", ""num_full_dominance_check"": ""5439"", ""num_good_fallback"": ""5037"", ""num_bad_fallback"": ""402"", ""num_chooseh"": ""926585"", ""num_frontier_trees"": ""212"", ""num_heuristic_trees"": ""0"", ""num_redundant_heuristics"": ""0"", ""runtime_s"": ""2.512"", ""time_limit_reached"": ""0"", ""cmpchk"": ""56678702"", ""cmpupd"": ""7300843"", ""cmp_chooseh"": ""40715114"", ""cmp_full"": ""2255544""}"
nyr8k_M4,ny,4,0.05,fast,1,ok,2.181,b3cb703cbea4e34977c6dbc80cdbc102234d4e08d64c7f380ae70b802c43b0b3,C:\Users\BARFE\.copilot\repos\copilot-worktrees\fast-mvh-kdt\barfe-aicahub-vigilant-robot\scratchpad\build_fast\fast_mvh.exe --map C:\Users\BARFE\.copilot\repos\copilot-worktrees\fast-mvh-kdt\barfe-aicahub-jubilant-engine\scratchpad\inst\nyr8k_M4 --start 1 --goal 8000 --algorithm L_NAMOA_DR_MVH_FAST3 --mvh C:\Users\BARFE\.copilot\repos\copilot-worktrees\fast-mvh-kdt\barfe-aicahub-jubilant-engine\scratchpad\inst\nyr8k_M4\apex_e0.05.mvh --cutoffTime 600 --sol-out C:\Users\BARFE\.copilot\repos\copilot-worktrees\fast-mvh-kdt\barfe-aicahub-vigilant-robot\scratchpad\fast3_campaign\tmp_sols\nyr8k_M4_fast.sol,"{""algorithm"": ""L_NAMOA_DR_MVH_FAST3"", ""source"": ""1"", ""target"": ""8000"", ""num_solutions"": ""5713"", ""num_expansion"": ""195594"", ""num_generation"": ""614621"", ""runtime_s"": ""1.09"", ""time_limit_reached"": ""0"", ""cmpchk"": ""56678702"", ""cmpupd"": ""7300843"", ""cmp_chooseh"": ""40715114"", ""cmp_full"": ""155667"", ""num_full_dominance_check"": ""5439"", ""num_good_fallback"": ""5037"", ""num_bad_fallback"": ""402"", ""num_fallback_indexed"": ""46629""}"
nyr8k_M4,ny,4,0.05,fast2,2,ok,3.177,b3cb703cbea4e34977c6dbc80cdbc102234d4e08d64c7f380ae70b802c43b0b3,C:\Users\BARFE\.copilot\repos\copilot-worktrees\fast-mvh-kdt\barfe-aicahub-vigilant-robot\scratchpad\build_fast\fast_mvh.exe --map C:\Users\BARFE\.copilot\repos\copilot-worktrees\fast-mvh-kdt\barfe-aicahub-jubilant-engine\scratchpad\inst\nyr8k_M4 --start 1 --goal 8000 --algorithm L_NAMOA_DR_MVH_FAST --mvh C:\Users\BARFE\.copilot\repos\copilot-worktrees\fast-mvh-kdt\barfe-aicahub-jubilant-engine\scratchpad\inst\nyr8k_M4\apex_e0.05.mvh --cutoffTime 600 --sol-out C:\Users\BARFE\.copilot\repos\copilot-worktrees\fast-mvh-kdt\barfe-aicahub-vigilant-robot\scratchpad\fast3_campaign\tmp_sols\nyr8k_M4_fast2.sol,"{""algorithm"": ""L_NAMOA_DR_MVH_FAST"", ""source"": ""1"", ""target"": ""8000"", ""num_solutions"": ""5713"", ""num_expansion"": ""195594"", ""num_generation"": ""614621"", ""num_reinsertion"": ""98340"", ""num_full_dominance_check"": ""5439"", ""num_good_fallback"": ""5037"", ""num_bad_fallback"": ""402"", ""num_chooseh"": ""926585"", ""num_frontier_trees"": ""212"", ""num_heuristic_trees"": ""0"", ""num_redundant_heuristics"": ""0"", ""runtime_s"": ""1.884"", ""time_limit_reached"": ""0"", ""cmpchk"": ""56678702"", ""cmpupd"": ""7300843"", ""cmp_chooseh"": ""40715114"", ""cmp_full"": ""2255544""}"
nyr8k_M4,ny,4,0.05,fast,2,ok,2.306,b3cb703cbea4e34977c6dbc80cdbc102234d4e08d64c7f380ae70b802c43b0b3,C:\Users\BARFE\.copilot\repos\copilot-worktrees\fast-mvh-kdt\barfe-aicahub-vigilant-robot\scratchpad\build_fast\fast_mvh.exe --map C:\Users\BARFE\.copilot\repos\copilot-worktrees\fast-mvh-kdt\barfe-aicahub-jubilant-engine\scratchpad\inst\nyr8k_M4 --start 1 --goal 8000 --algorithm L_NAMOA_DR_MVH_FAST3 --mvh C:\Users\BARFE\.copilot\repos\copilot-worktrees\fast-mvh-kdt\barfe-aicahub-jubilant-engine\scratchpad\inst\nyr8k_M4\apex_e0.05.mvh --cutoffTime 600 --sol-out C:\Users\BARFE\.copilot\repos\copilot-worktrees\fast-mvh-kdt\barfe-aicahub-vigilant-robot\scratchpad\fast3_campaign\tmp_sols\nyr8k_M4_fast.sol,"{""algorithm"": ""L_NAMOA_DR_MVH_FAST3"", ""source"": ""1"", ""target"": ""8000"", ""num_solutions"": ""5713"", ""num_expansion"": ""195594"", ""num_generation"": ""614621"", ""runtime_s"": ""1.095"", ""time_limit_reached"": ""0"", ""cmpchk"": ""56678702"", ""cmpupd"": ""7300843"", ""cmp_chooseh"": ""40715114"", ""cmp_full"": ""155667"", ""num_full_dominance_check"": ""5439"", ""num_good_fallback"": ""5037"", ""num_bad_fallback"": ""402"", ""num_fallback_indexed"": ""46629""}"
nyr3k_M6,ny,6,0.05,maya,0,ok,121.953,20d127152045ecbca654b656e45de94813dd31e9aa588bd0cb94917f5847815f,C:\Users\BARFE\.copilot\repos\copilot-worktrees\fast-mvh-kdt\barfe-aicahub-vigilant-robot\scratchpad\maya_harness\maya_run.exe C:\Users\BARFE\.copilot\repos\copilot-worktrees\fast-mvh-kdt\barfe-aicahub-jubilant-engine\scratchpad\inst\nyr3k_M6 1 3000 C:\Users\BARFE\.copilot\repos\copilot-worktrees\fast-mvh-kdt\barfe-aicahub-jubilant-engine\scratchpad\inst\nyr3k_M6\apex_e0.05.mvh benchmarks\runs\2026-10-04_123702_fast_m3_6\sols\nyr3k_M6_maya.sol 900,"{""algorithm"": ""L_NAMOA_DR_MVH"", ""num_solutions"": ""11286"", ""num_expansion"": ""127349"", ""num_generation"": ""315007"", ""num_reinsertion"": ""19322"", ""num_full_dominance_check"": ""40741"", ""num_good_fallback"": ""281"", ""num_bad_fallback"": ""40460"", ""runtime_s"": ""119.928"", ""time_limit_reached"": ""0""}"
nyr3k_M6,ny,6,0.05,fast2,0,ok,3.052,20d127152045ecbca654b656e45de94813dd31e9aa588bd0cb94917f5847815f,C:\Users\BARFE\.copilot\repos\copilot-worktrees\fast-mvh-kdt\barfe-aicahub-vigilant-robot\scratchpad\build_fast\fast_mvh.exe --map C:\Users\BARFE\.copilot\repos\copilot-worktrees\fast-mvh-kdt\barfe-aicahub-jubilant-engine\scratchpad\inst\nyr3k_M6 --start 1 --goal 3000 --algorithm L_NAMOA_DR_MVH_FAST --mvh C:\Users\BARFE\.copilot\repos\copilot-worktrees\fast-mvh-kdt\barfe-aicahub-jubilant-engine\scratchpad\inst\nyr3k_M6\apex_e0.05.mvh --cutoffTime 600 --sol-out benchmarks\runs\2026-10-04_123702_fast_m3_6\sols\nyr3k_M6_fast2.sol,"{""algorithm"": ""L_NAMOA_DR_MVH_FAST"", ""source"": ""1"", ""target"": ""3000"", ""num_solutions"": ""11286"", ""num_expansion"": ""127349"", ""num_generation"": ""315007"", ""num_reinsertion"": ""19322"", ""num_full_dominance_check"": ""333"", ""num_good_fallback"": ""333"", ""num_bad_fallback"": ""0"", ""num_chooseh"": ""529826"", ""num_frontier_trees"": ""77"", ""num_heuristic_trees"": ""0"", ""num_redundant_heuristics"": ""0"", ""runtime_s"": ""1.494"", ""time_limit_reached"": ""0"", ""cmpchk"": ""34786138"", ""cmpupd"": ""2115382"", ""cmp_chooseh"": ""45485578"", ""cmp_full"": ""42810""}"
nyr3k_M6,ny,6,0.05,fast,0,ok,2.703,20d127152045ecbca654b656e45de94813dd31e9aa588bd0cb94917f5847815f,C:\Users\BARFE\.copilot\repos\copilot-worktrees\fast-mvh-kdt\barfe-aicahub-vigilant-robot\scratchpad\build_fast\fast_mvh.exe --map C:\Users\BARFE\.copilot\repos\copilot-worktrees\fast-mvh-kdt\barfe-aicahub-jubilant-engine\scratchpad\inst\nyr3k_M6 --start 1 --goal 3000 --algorithm L_NAMOA_DR_MVH_FAST3 --mvh C:\Users\BARFE\.copilot\repos\copilot-worktrees\fast-mvh-kdt\barfe-aicahub-jubilant-engine\scratchpad\inst\nyr3k_M6\apex_e0.05.mvh --cutoffTime 600 --sol-out benchmarks\runs\2026-10-04_123702_fast_m3_6\sols\nyr3k_M6_fast.sol,"{""algorithm"": ""L_NAMOA_DR_MVH_FAST3"", ""source"": ""1"", ""target"": ""3000"", ""num_solutions"": ""11286"", ""num_expansion"": ""127349"", ""num_generation"": ""315007"", ""runtime_s"": ""1.206"", ""time_limit_reached"": ""0"", ""cmpchk"": ""34786138"", ""cmpupd"": ""2115382"", ""cmp_chooseh"": ""45485578"", ""cmp_full"": ""1450"", ""num_full_dominance_check"": ""333"", ""num_good_fallback"": ""333"", ""num_bad_fallback"": ""0"", ""num_fallback_indexed"": ""1715""}"
nyr3k_M6,ny,6,0.05,fast2,1,ok,2.993,20d127152045ecbca654b656e45de94813dd31e9aa588bd0cb94917f5847815f,C:\Users\BARFE\.copilot\repos\copilot-worktrees\fast-mvh-kdt\barfe-aicahub-vigilant-robot\scratchpad\build_fast\fast_mvh.exe --map C:\Users\BARFE\.copilot\repos\copilot-worktrees\fast-mvh-kdt\barfe-aicahub-jubilant-engine\scratchpad\inst\nyr3k_M6 --start 1 --goal 3000 --algorithm L_NAMOA_DR_MVH_FAST --mvh C:\Users\BARFE\.copilot\repos\copilot-worktrees\fast-mvh-kdt\barfe-aicahub-jubilant-engine\scratchpad\inst\nyr3k_M6\apex_e0.05.mvh --cutoffTime 600 --sol-out C:\Users\BARFE\.copilot\repos\copilot-worktrees\fast-mvh-kdt\barfe-aicahub-vigilant-robot\scratchpad\fast3_campaign\tmp_sols\nyr3k_M6_fast2.sol,"{""algorithm"": ""L_NAMOA_DR_MVH_FAST"", ""source"": ""1"", ""target"": ""3000"", ""num_solutions"": ""11286"", ""num_expansion"": ""127349"", ""num_generation"": ""315007"", ""num_reinsertion"": ""19322"", ""num_full_dominance_check"": ""333"", ""num_good_fallback"": ""333"", ""num_bad_fallback"": ""0"", ""num_chooseh"": ""529826"", ""num_frontier_trees"": ""77"", ""num_heuristic_trees"": ""0"", ""num_redundant_heuristics"": ""0"", ""runtime_s"": ""1.496"", ""time_limit_reached"": ""0"", ""cmpchk"": ""34786138"", ""cmpupd"": ""2115382"", ""cmp_chooseh"": ""45485578"", ""cmp_full"": ""42810""}"
nyr3k_M6,ny,6,0.05,fast,1,ok,2.683,20d127152045ecbca654b656e45de94813dd31e9aa588bd0cb94917f5847815f,C:\Users\BARFE\.copilot\repos\copilot-worktrees\fast-mvh-kdt\barfe-aicahub-vigilant-robot\scratchpad\build_fast\fast_mvh.exe --map C:\Users\BARFE\.copilot\repos\copilot-worktrees\fast-mvh-kdt\barfe-aicahub-jubilant-engine\scratchpad\inst\nyr3k_M6 --start 1 --goal 3000 --algorithm L_NAMOA_DR_MVH_FAST3 --mvh C:\Users\BARFE\.copilot\repos\copilot-worktrees\fast-mvh-kdt\barfe-aicahub-jubilant-engine\scratchpad\inst\nyr3k_M6\apex_e0.05.mvh --cutoffTime 600 --sol-out C:\Users\BARFE\.copilot\repos\copilot-worktrees\fast-mvh-kdt\barfe-aicahub-vigilant-robot\scratchpad\fast3_campaign\tmp_sols\nyr3k_M6_fast.sol,"{""algorithm"": ""L_NAMOA_DR_MVH_FAST3"", ""source"": ""1"", ""target"": ""3000"", ""num_solutions"": ""11286"", ""num_expansion"": ""127349"", ""num_generation"": ""315007"", ""runtime_s"": ""1.319"", ""time_limit_reached"": ""0"", ""cmpchk"": ""34786138"", ""cmpupd"": ""2115382"", ""cmp_chooseh"": ""45485578"", ""cmp_full"": ""1450"", ""num_full_dominance_check"": ""333"", ""num_good_fallback"": ""333"", ""num_bad_fallback"": ""0"", ""num_fallback_indexed"": ""1715""}"
nyr3k_M6,ny,6,0.05,fast2,2,ok,3.566,20d127152045ecbca654b656e45de94813dd31e9aa588bd0cb94917f5847815f,C:\Users\BARFE\.copilot\repos\copilot-worktrees\fast-mvh-kdt\barfe-aicahub-vigilant-robot\scratchpad\build_fast\fast_mvh.exe --map C:\Users\BARFE\.copilot\repos\copilot-worktrees\fast-mvh-kdt\barfe-aicahub-jubilant-engine\scratchpad\inst\nyr3k_M6 --start 1 --goal 3000 --algorithm L_NAMOA_DR_MVH_FAST --mvh C:\Users\BARFE\.copilot\repos\copilot-worktrees\fast-mvh-kdt\barfe-aicahub-jubilant-engine\scratchpad\inst\nyr3k_M6\apex_e0.05.mvh --cutoffTime 600 --sol-out C:\Users\BARFE\.copilot\repos\copilot-worktrees\fast-mvh-kdt\barfe-aicahub-vigilant-robot\scratchpad\fast3_campaign\tmp_sols\nyr3k_M6_fast2.sol,"{""algorithm"": ""L_NAMOA_DR_MVH_FAST"", ""source"": ""1"", ""target"": ""3000"", ""num_solutions"": ""11286"", ""num_expansion"": ""127349"", ""num_generation"": ""315007"", ""num_reinsertion"": ""19322"", ""num_full_dominance_check"": ""333"", ""num_good_fallback"": ""333"", ""num_bad_fallback"": ""0"", ""num_chooseh"": ""529826"", ""num_frontier_trees"": ""77"", ""num_heuristic_trees"": ""0"", ""num_redundant_heuristics"": ""0"", ""runtime_s"": ""1.729"", ""time_limit_reached"": ""0"", ""cmpchk"": ""34786138"", ""cmpupd"": ""2115382"", ""cmp_chooseh"": ""45485578"", ""cmp_full"": ""42810""}"
nyr3k_M6,ny,6,0.05,fast,2,ok,2.629,20d127152045ecbca654b656e45de94813dd31e9aa588bd0cb94917f5847815f,C:\Users\BARFE\.copilot\repos\copilot-worktrees\fast-mvh-kdt\barfe-aicahub-vigilant-robot\scratchpad\build_fast\fast_mvh.exe --map C:\Users\BARFE\.copilot\repos\copilot-worktrees\fast-mvh-kdt\barfe-aicahub-jubilant-engine\scratchpad\inst\nyr3k_M6 --start 1 --goal 3000 --algorithm L_NAMOA_DR_MVH_FAST3 --mvh C:\Users\BARFE\.copilot\repos\copilot-worktrees\fast-mvh-kdt\barfe-aicahub-jubilant-engine\scratchpad\inst\nyr3k_M6\apex_e0.05.mvh --cutoffTime 600 --sol-out C:\Users\BARFE\.copilot\repos\copilot-worktrees\fast-mvh-kdt\barfe-aicahub-vigilant-robot\scratchpad\fast3_campaign\tmp_sols\nyr3k_M6_fast.sol,"{""algorithm"": ""L_NAMOA_DR_MVH_FAST3"", ""source"": ""1"", ""target"": ""3000"", ""num_solutions"": ""11286"", ""num_expansion"": ""127349"", ""num_generation"": ""315007"", ""runtime_s"": ""1.276"", ""time_limit_reached"": ""0"", ""cmpchk"": ""34786138"", ""cmpupd"": ""2115382"", ""cmp_chooseh"": ""45485578"", ""cmp_full"": ""1450"", ""num_full_dominance_check"": ""333"", ""num_good_fallback"": ""333"", ""num_bad_fallback"": ""0"", ""num_fallback_indexed"": ""1715""}"
nyr5k_M5,ny,5,0.05,maya,0,ok,203.824,e0602c0f52cbdc1e9b2dcd28dc48e4ff6ded4fe278438fb8e81b58f9d080d432,C:\Users\BARFE\.copilot\repos\copilot-worktrees\fast-mvh-kdt\barfe-aicahub-vigilant-robot\scratchpad\maya_harness\maya_run.exe C:\Users\BARFE\.copilot\repos\copilot-worktrees\fast-mvh-kdt\barfe-aicahub-jubilant-engine\scratchpad\inst\nyr5k_M5 1 5000 C:\Users\BARFE\.copilot\repos\copilot-worktrees\fast-mvh-kdt\barfe-aicahub-jubilant-engine\scratchpad\inst\nyr5k_M5\apex_e0.05.mvh benchmarks\runs\2026-10-04_123702_fast_m3_6\sols\nyr5k_M5_maya.sol 900,"{""algorithm"": ""L_NAMOA_DR_MVH"", ""num_solutions"": ""26701"", ""num_expansion"": ""503505"", ""num_generation"": ""1575429"", ""num_reinsertion"": ""225534"", ""num_full_dominance_check"": ""273141"", ""num_good_fallback"": ""75585"", ""num_bad_fallback"": ""197556"", ""runtime_s"": ""201.24"", ""time_limit_reached"": ""0""}"
nyr5k_M5,ny,5,0.05,fast2,0,ok,11.020,e0602c0f52cbdc1e9b2dcd28dc48e4ff6ded4fe278438fb8e81b58f9d080d432,C:\Users\BARFE\.copilot\repos\copilot-worktrees\fast-mvh-kdt\barfe-aicahub-vigilant-robot\scratchpad\build_fast\fast_mvh.exe --map C:\Users\BARFE\.copilot\repos\copilot-worktrees\fast-mvh-kdt\barfe-aicahub-jubilant-engine\scratchpad\inst\nyr5k_M5 --start 1 --goal 5000 --algorithm L_NAMOA_DR_MVH_FAST --mvh C:\Users\BARFE\.copilot\repos\copilot-worktrees\fast-mvh-kdt\barfe-aicahub-jubilant-engine\scratchpad\inst\nyr5k_M5\apex_e0.05.mvh --cutoffTime 600 --sol-out benchmarks\runs\2026-10-04_123702_fast_m3_6\sols\nyr5k_M5_fast2.sol,"{""algorithm"": ""L_NAMOA_DR_MVH_FAST"", ""source"": ""1"", ""target"": ""5000"", ""num_solutions"": ""26701"", ""num_expansion"": ""503505"", ""num_generation"": ""1575429"", ""num_reinsertion"": ""225534"", ""num_full_dominance_check"": ""91934"", ""num_good_fallback"": ""82803"", ""num_bad_fallback"": ""9131"", ""num_chooseh"": ""2470406"", ""num_frontier_trees"": ""222"", ""num_heuristic_trees"": ""0"", ""num_redundant_heuristics"": ""0"", ""runtime_s"": ""8.962"", ""time_limit_reached"": ""0"", ""cmpchk"": ""114367941"", ""cmpupd"": ""15990763"", ""cmp_chooseh"": ""167436153"", ""cmp_full"": ""93212930""}"
nyr5k_M5,ny,5,0.05,fast,0,ok,9.194,e0602c0f52cbdc1e9b2dcd28dc48e4ff6ded4fe278438fb8e81b58f9d080d432,C:\Users\BARFE\.copilot\repos\copilot-worktrees\fast-mvh-kdt\barfe-aicahub-vigilant-robot\scratchpad\build_fast\fast_mvh.exe --map C:\Users\BARFE\.copilot\repos\copilot-worktrees\fast-mvh-kdt\barfe-aicahub-jubilant-engine\scratchpad\inst\nyr5k_M5 --start 1 --goal 5000 --algorithm L_NAMOA_DR_MVH_FAST3 --mvh C:\Users\BARFE\.copilot\repos\copilot-worktrees\fast-mvh-kdt\barfe-aicahub-jubilant-engine\scratchpad\inst\nyr5k_M5\apex_e0.05.mvh --cutoffTime 600 --sol-out benchmarks\runs\2026-10-04_123702_fast_m3_6\sols\nyr5k_M5_fast.sol,"{""algorithm"": ""L_NAMOA_DR_MVH_FAST3"", ""source"": ""1"", ""target"": ""5000"", ""num_solutions"": ""26701"", ""num_expansion"": ""503505"", ""num_generation"": ""1575429"", ""runtime_s"": ""7.126"", ""time_limit_reached"": ""0"", ""cmpchk"": ""114367941"", ""cmpupd"": ""15990763"", ""cmp_chooseh"": ""167436153"", ""cmp_full"": ""4832631"", ""num_full_dominance_check"": ""91934"", ""num_good_fallback"": ""82803"", ""num_bad_fallback"": ""9131"", ""num_fallback_indexed"": ""354625""}"
nyr5k_M5,ny,5,0.05,fast2,1,ok,12.159,e0602c0f52cbdc1e9b2dcd28dc48e4ff6ded4fe278438fb8e81b58f9d080d432,C:\Users\BARFE\.copilot\repos\copilot-worktrees\fast-mvh-kdt\barfe-aicahub-vigilant-robot\scratchpad\build_fast\fast_mvh.exe --map C:\Users\BARFE\.copilot\repos\copilot-worktrees\fast-mvh-kdt\barfe-aicahub-jubilant-engine\scratchpad\inst\nyr5k_M5 --start 1 --goal 5000 --algorithm L_NAMOA_DR_MVH_FAST --mvh C:\Users\BARFE\.copilot\repos\copilot-worktrees\fast-mvh-kdt\barfe-aicahub-jubilant-engine\scratchpad\inst\nyr5k_M5\apex_e0.05.mvh --cutoffTime 600 --sol-out C:\Users\BARFE\.copilot\repos\copilot-worktrees\fast-mvh-kdt\barfe-aicahub-vigilant-robot\scratchpad\fast3_campaign\tmp_sols\nyr5k_M5_fast2.sol,"{""algorithm"": ""L_NAMOA_DR_MVH_FAST"", ""source"": ""1"", ""target"": ""5000"", ""num_solutions"": ""26701"", ""num_expansion"": ""503505"", ""num_generation"": ""1575429"", ""num_reinsertion"": ""225534"", ""num_full_dominance_check"": ""91934"", ""num_good_fallback"": ""82803"", ""num_bad_fallback"": ""9131"", ""num_chooseh"": ""2470406"", ""num_frontier_trees"": ""222"", ""num_heuristic_trees"": ""0"", ""num_redundant_heuristics"": ""0"", ""runtime_s"": ""9.776"", ""time_limit_reached"": ""0"", ""cmpchk"": ""114367941"", ""cmpupd"": ""15990763"", ""cmp_chooseh"": ""167436153"", ""cmp_full"": ""93212930""}"
nyr5k_M5,ny,5,0.05,fast,1,ok,7.776,e0602c0f52cbdc1e9b2dcd28dc48e4ff6ded4fe278438fb8e81b58f9d080d432,C:\Users\BARFE\.copilot\repos\copilot-worktrees\fast-mvh-kdt\barfe-aicahub-vigilant-robot\scratchpad\build_fast\fast_mvh.exe --map C:\Users\BARFE\.copilot\repos\copilot-worktrees\fast-mvh-kdt\barfe-aicahub-jubilant-engine\scratchpad\inst\nyr5k_M5 --start 1 --goal 5000 --algorithm L_NAMOA_DR_MVH_FAST3 --mvh C:\Users\BARFE\.copilot\repos\copilot-worktrees\fast-mvh-kdt\barfe-aicahub-jubilant-engine\scratchpad\inst\nyr5k_M5\apex_e0.05.mvh --cutoffTime 600 --sol-out C:\Users\BARFE\.copilot\repos\copilot-worktrees\fast-mvh-kdt\barfe-aicahub-vigilant-robot\scratchpad\fast3_campaign\tmp_sols\nyr5k_M5_fast.sol,"{""algorithm"": ""L_NAMOA_DR_MVH_FAST3"", ""source"": ""1"", ""target"": ""5000"", ""num_solutions"": ""26701"", ""num_expansion"": ""503505"", ""num_generation"": ""1575429"", ""runtime_s"": ""5.652"", ""time_limit_reached"": ""0"", ""cmpchk"": ""114367941"", ""cmpupd"": ""15990763"", ""cmp_chooseh"": ""167436153"", ""cmp_full"": ""4832631"", ""num_full_dominance_check"": ""91934"", ""num_good_fallback"": ""82803"", ""num_bad_fallback"": ""9131"", ""num_fallback_indexed"": ""354625""}"
nyr5k_M5,ny,5,0.05,fast2,2,ok,11.025,e0602c0f52cbdc1e9b2dcd28dc48e4ff6ded4fe278438fb8e81b58f9d080d432,C:\Users\BARFE\.copilot\repos\copilot-worktrees\fast-mvh-kdt\barfe-aicahub-vigilant-robot\scratchpad\build_fast\fast_mvh.exe --map C:\Users\BARFE\.copilot\repos\copilot-worktrees\fast-mvh-kdt\barfe-aicahub-jubilant-engine\scratchpad\inst\nyr5k_M5 --start 1 --goal 5000 --algorithm L_NAMOA_DR_MVH_FAST --mvh C:\Users\BARFE\.copilot\repos\copilot-worktrees\fast-mvh-kdt\barfe-aicahub-jubilant-engine\scratchpad\inst\nyr5k_M5\apex_e0.05.mvh --cutoffTime 600 --sol-out C:\Users\BARFE\.copilot\repos\copilot-worktrees\fast-mvh-kdt\barfe-aicahub-vigilant-robot\scratchpad\fast3_campaign\tmp_sols\nyr5k_M5_fast2.sol,"{""algorithm"": ""L_NAMOA_DR_MVH_FAST"", ""source"": ""1"", ""target"": ""5000"", ""num_solutions"": ""26701"", ""num_expansion"": ""503505"", ""num_generation"": ""1575429"", ""num_reinsertion"": ""225534"", ""num_full_dominance_check"": ""91934"", ""num_good_fallback"": ""82803"", ""num_bad_fallback"": ""9131"", ""num_chooseh"": ""2470406"", ""num_frontier_trees"": ""222"", ""num_heuristic_trees"": ""0"", ""num_redundant_heuristics"": ""0"", ""runtime_s"": ""9.085"", ""time_limit_reached"": ""0"", ""cmpchk"": ""114367941"", ""cmpupd"": ""15990763"", ""cmp_chooseh"": ""167436153"", ""cmp_full"": ""93212930""}"
nyr5k_M5,ny,5,0.05,fast,2,ok,7.906,e0602c0f52cbdc1e9b2dcd28dc48e4ff6ded4fe278438fb8e81b58f9d080d432,C:\Users\BARFE\.copilot\repos\copilot-worktrees\fast-mvh-kdt\barfe-aicahub-vigilant-robot\scratchpad\build_fast\fast_mvh.exe --map C:\Users\BARFE\.copilot\repos\copilot-worktrees\fast-mvh-kdt\barfe-aicahub-jubilant-engine\scratchpad\inst\nyr5k_M5 --start 1 --goal 5000 --algorithm L_NAMOA_DR_MVH_FAST3 --mvh C:\Users\BARFE\.copilot\repos\copilot-worktrees\fast-mvh-kdt\barfe-aicahub-jubilant-engine\scratchpad\inst\nyr5k_M5\apex_e0.05.mvh --cutoffTime 600 --sol-out C:\Users\BARFE\.copilot\repos\copilot-worktrees\fast-mvh-kdt\barfe-aicahub-vigilant-robot\scratchpad\fast3_campaign\tmp_sols\nyr5k_M5_fast.sol,"{""algorithm"": ""L_NAMOA_DR_MVH_FAST3"", ""source"": ""1"", ""target"": ""5000"", ""num_solutions"": ""26701"", ""num_expansion"": ""503505"", ""num_generation"": ""1575429"", ""runtime_s"": ""5.884"", ""time_limit_reached"": ""0"", ""cmpchk"": ""114367941"", ""cmpupd"": ""15990763"", ""cmp_chooseh"": ""167436153"", ""cmp_full"": ""4832631"", ""num_full_dominance_check"": ""91934"", ""num_good_fallback"": ""82803"", ""num_bad_fallback"": ""9131"", ""num_fallback_indexed"": ""354625""}"
nyr8k_M5,ny,5,0.1,fast2,0,ok,56.277,3511f80d13c7975a8aa1fc2bf3958fb92e86d53a66a1e89dce43bf3278d03eec,C:\Users\BARFE\.copilot\repos\copilot-worktrees\fast-mvh-kdt\barfe-aicahub-vigilant-robot\scratchpad\build_fast\fast_mvh.exe --map C:\Users\BARFE\.copilot\repos\copilot-worktrees\fast-mvh-kdt\barfe-aicahub-jubilant-engine\scratchpad\inst\nyr8k_M5 --start 1 --goal 8000 --algorithm L_NAMOA_DR_MVH_FAST --mvh C:\Users\BARFE\.copilot\repos\copilot-worktrees\fast-mvh-kdt\barfe-aicahub-jubilant-engine\scratchpad\inst\nyr8k_M5\apex_e0.1.mvh --cutoffTime 600 --sol-out benchmarks\runs\2026-10-04_123702_fast_m3_6\sols\nyr8k_M5_fast2.sol,"{""algorithm"": ""L_NAMOA_DR_MVH_FAST"", ""source"": ""1"", ""target"": ""8000"", ""num_solutions"": ""57902"", ""num_expansion"": ""2049014"", ""num_generation"": ""5497968"", ""num_reinsertion"": ""429791"", ""num_full_dominance_check"": ""75986"", ""num_good_fallback"": ""75322"", ""num_bad_fallback"": ""664"", ""num_chooseh"": ""8146695"", ""num_frontier_trees"": ""517"", ""num_heuristic_trees"": ""0"", ""num_redundant_heuristics"": ""0"", ""runtime_s"": ""54.194"", ""time_limit_reached"": ""0"", ""cmpchk"": ""530218861"", ""cmpupd"": ""44054291"", ""cmp_chooseh"": ""568582915"", ""cmp_full"": ""444885192""}"
nyr8k_M5,ny,5,0.1,fast,0,ok,41.016,3511f80d13c7975a8aa1fc2bf3958fb92e86d53a66a1e89dce43bf3278d03eec,C:\Users\BARFE\.copilot\repos\copilot-worktrees\fast-mvh-kdt\barfe-aicahub-vigilant-robot\scratchpad\build_fast\fast_mvh.exe --map C:\Users\BARFE\.copilot\repos\copilot-worktrees\fast-mvh-kdt\barfe-aicahub-jubilant-engine\scratchpad\inst\nyr8k_M5 --start 1 --goal 8000 --algorithm L_NAMOA_DR_MVH_FAST3 --mvh C:\Users\BARFE\.copilot\repos\copilot-worktrees\fast-mvh-kdt\barfe-aicahub-jubilant-engine\scratchpad\inst\nyr8k_M5\apex_e0.1.mvh --cutoffTime 600 --sol-out benchmarks\runs\2026-10-04_123702_fast_m3_6\sols\nyr8k_M5_fast.sol,"{""algorithm"": ""L_NAMOA_DR_MVH_FAST3"", ""source"": ""1"", ""target"": ""8000"", ""num_solutions"": ""57902"", ""num_expansion"": ""2049014"", ""num_generation"": ""5497968"", ""runtime_s"": ""39.183"", ""time_limit_reached"": ""0"", ""cmpchk"": ""530218861"", ""cmpupd"": ""44054291"", ""cmp_chooseh"": ""568582915"", ""cmp_full"": ""4550756"", ""num_full_dominance_check"": ""75986"", ""num_good_fallback"": ""75322"", ""num_bad_fallback"": ""664"", ""num_fallback_indexed"": ""306249""}"
nyr5k_M6,ny,6,0.1,fast2,0,ok,101.883,84bcbda71d12e6f822cee52859dbc8827b0ffcbb01918b039ce9204bee13f9e6,C:\Users\BARFE\.copilot\repos\copilot-worktrees\fast-mvh-kdt\barfe-aicahub-vigilant-robot\scratchpad\build_fast\fast_mvh.exe --map C:\Users\BARFE\.copilot\repos\copilot-worktrees\fast-mvh-kdt\barfe-aicahub-jubilant-engine\scratchpad\inst\nyr5k_M6 --start 1 --goal 5000 --algorithm L_NAMOA_DR_MVH_FAST --mvh C:\Users\BARFE\.copilot\repos\copilot-worktrees\fast-mvh-kdt\barfe-aicahub-jubilant-engine\scratchpad\inst\nyr5k_M6\apex_e0.1.mvh --cutoffTime 600 --sol-out benchmarks\runs\2026-10-04_123702_fast_m3_6\sols\nyr5k_M6_fast2.sol,"{""algorithm"": ""L_NAMOA_DR_MVH_FAST"", ""source"": ""1"", ""target"": ""5000"", ""num_solutions"": ""184366"", ""num_expansion"": ""2642117"", ""num_generation"": ""6762627"", ""num_reinsertion"": ""471216"", ""num_full_dominance_check"": ""185455"", ""num_good_fallback"": ""176019"", ""num_bad_fallback"": ""9436"", ""num_chooseh"": ""10614157"", ""num_frontier_trees"": ""391"", ""num_heuristic_trees"": ""0"", ""num_redundant_heuristics"": ""0"", ""runtime_s"": ""98.76"", ""time_limit_reached"": ""0"", ""cmpchk"": ""835426684"", ""cmpupd"": ""71773732"", ""cmp_chooseh"": ""1396800548"", ""cmp_full"": ""1096921706""}"
nyr5k_M6,ny,6,0.1,fast,0,ok,72.319,84bcbda71d12e6f822cee52859dbc8827b0ffcbb01918b039ce9204bee13f9e6,C:\Users\BARFE\.copilot\repos\copilot-worktrees\fast-mvh-kdt\barfe-aicahub-vigilant-robot\scratchpad\build_fast\fast_mvh.exe --map C:\Users\BARFE\.copilot\repos\copilot-worktrees\fast-mvh-kdt\barfe-aicahub-jubilant-engine\scratchpad\inst\nyr5k_M6 --start 1 --goal 5000 --algorithm L_NAMOA_DR_MVH_FAST3 --mvh C:\Users\BARFE\.copilot\repos\copilot-worktrees\fast-mvh-kdt\barfe-aicahub-jubilant-engine\scratchpad\inst\nyr5k_M6\apex_e0.1.mvh --cutoffTime 600 --sol-out benchmarks\runs\2026-10-04_123702_fast_m3_6\sols\nyr5k_M6_fast.sol,"{""algorithm"": ""L_NAMOA_DR_MVH_FAST3"", ""source"": ""1"", ""target"": ""5000"", ""num_solutions"": ""184366"", ""num_expansion"": ""2642117"", ""num_generation"": ""6762627"", ""runtime_s"": ""69.947"", ""time_limit_reached"": ""0"", ""cmpchk"": ""835426684"", ""cmpupd"": ""71773732"", ""cmp_chooseh"": ""1396800548"", ""cmp_full"": ""13270018"", ""num_full_dominance_check"": ""185455"", ""num_good_fallback"": ""176019"", ""num_bad_fallback"": ""9436"", ""num_fallback_indexed"": ""1315760""}"
bay16_M4,bay,4,0.1,maya,0,timeout,602.987,,C:\Users\BARFE\.copilot\repos\copilot-worktrees\fast-mvh-kdt\barfe-aicahub-vigilant-robot\scratchpad\maya_harness\maya_run.exe C:\Users\BARFE\.copilot\repos\copilot-worktrees\fast-mvh-kdt\barfe-aicahub-vigilant-robot\benchmarks\runs\2026-09-29_122346_bay_and_3d\inputs\BAY16000_M4 1 16000 C:\Users\BARFE\.copilot\repos\copilot-worktrees\fast-mvh-kdt\barfe-aicahub-vigilant-robot\benchmarks\runs\2026-09-29_122346_bay_and_3d\inputs\BAY16000_M4\apex_e0.1_lex.mvh benchmarks\runs\2026-10-04_123702_fast_m3_6\sols\bay16_M4_maya.sol 600,"{""algorithm"": ""L_NAMOA_DR_MVH"", ""num_solutions"": ""46219"", ""num_expansion"": ""2455467"", ""num_generation"": ""5736844"", ""num_reinsertion"": ""115146"", ""num_full_dominance_check"": ""248159"", ""num_good_fallback"": ""26821"", ""num_bad_fallback"": ""221338"", ""runtime_s"": ""600"", ""time_limit_reached"": ""1""}"
bay16_M4,bay,4,0.1,fast2,0,ok,43.526,783038b17fe9cae39731ec8bb80828b429ef5a1d9de9bbfe09de67d362ed2416,C:\Users\BARFE\.copilot\repos\copilot-worktrees\fast-mvh-kdt\barfe-aicahub-vigilant-robot\scratchpad\build_fast\fast_mvh.exe --map C:\Users\BARFE\.copilot\repos\copilot-worktrees\fast-mvh-kdt\barfe-aicahub-vigilant-robot\benchmarks\runs\2026-09-29_122346_bay_and_3d\inputs\BAY16000_M4 --start 1 --goal 16000 --algorithm L_NAMOA_DR_MVH_FAST --mvh C:\Users\BARFE\.copilot\repos\copilot-worktrees\fast-mvh-kdt\barfe-aicahub-vigilant-robot\benchmarks\runs\2026-09-29_122346_bay_and_3d\inputs\BAY16000_M4\apex_e0.1_lex.mvh --cutoffTime 600 --sol-out benchmarks\runs\2026-10-04_123702_fast_m3_6\sols\bay16_M4_fast2.sol,"{""algorithm"": ""L_NAMOA_DR_MVH_FAST"", ""source"": ""1"", ""target"": ""16000"", ""num_solutions"": ""55069"", ""num_expansion"": ""2881236"", ""num_generation"": ""6896053"", ""num_reinsertion"": ""137630"", ""num_full_dominance_check"": ""52298"", ""num_good_fallback"": ""49448"", ""num_bad_fallback"": ""2850"", ""num_chooseh"": ""10020971"", ""num_frontier_trees"": ""1384"", ""num_heuristic_trees"": ""0"", ""num_redundant_heuristics"": ""1"", ""runtime_s"": ""41.811"", ""time_limit_reached"": ""0"", ""cmpchk"": ""519369645"", ""cmpupd"": ""74539249"", ""cmp_chooseh"": ""173912382"", ""cmp_full"": ""87720614""}"
bay16_M4,bay,4,0.1,fast,0,ok,23.773,783038b17fe9cae39731ec8bb80828b429ef5a1d9de9bbfe09de67d362ed2416,C:\Users\BARFE\.copilot\repos\copilot-worktrees\fast-mvh-kdt\barfe-aicahub-vigilant-robot\scratchpad\build_fast\fast_mvh.exe --map C:\Users\BARFE\.copilot\repos\copilot-worktrees\fast-mvh-kdt\barfe-aicahub-vigilant-robot\benchmarks\runs\2026-09-29_122346_bay_and_3d\inputs\BAY16000_M4 --start 1 --goal 16000 --algorithm L_NAMOA_DR_MVH_FAST3 --mvh C:\Users\BARFE\.copilot\repos\copilot-worktrees\fast-mvh-kdt\barfe-aicahub-vigilant-robot\benchmarks\runs\2026-09-29_122346_bay_and_3d\inputs\BAY16000_M4\apex_e0.1_lex.mvh --cutoffTime 600 --sol-out benchmarks\runs\2026-10-04_123702_fast_m3_6\sols\bay16_M4_fast.sol,"{""algorithm"": ""L_NAMOA_DR_MVH_FAST3"", ""source"": ""1"", ""target"": ""16000"", ""num_solutions"": ""55069"", ""num_expansion"": ""2881236"", ""num_generation"": ""6896053"", ""runtime_s"": ""21.923"", ""time_limit_reached"": ""0"", ""cmpchk"": ""519369645"", ""cmpupd"": ""74539249"", ""cmp_chooseh"": ""173912382"", ""cmp_full"": ""2355693"", ""num_full_dominance_check"": ""52298"", ""num_good_fallback"": ""49448"", ""num_bad_fallback"": ""2850"", ""num_fallback_indexed"": ""1907771""}"
bay8_M5,bay,5,0.1,maya,0,timeout,602.497,,C:\Users\BARFE\.copilot\repos\copilot-worktrees\fast-mvh-kdt\barfe-aicahub-vigilant-robot\scratchpad\maya_harness\maya_run.exe C:\Users\BARFE\.copilot\repos\copilot-worktrees\fast-mvh-kdt\barfe-aicahub-vigilant-robot\benchmarks\runs\2026-09-29_122346_bay_and_3d\inputs\BAY8000_M5 1 8000 C:\Users\BARFE\.copilot\repos\copilot-worktrees\fast-mvh-kdt\barfe-aicahub-vigilant-robot\benchmarks\runs\2026-09-29_122346_bay_and_3d\inputs\BAY8000_M5\apex_e0.1_lex.mvh benchmarks\runs\2026-10-04_123702_fast_m3_6\sols\bay8_M5_maya.sol 600,"{""algorithm"": ""L_NAMOA_DR_MVH"", ""num_solutions"": ""9145"", ""num_expansion"": ""467022"", ""num_generation"": ""1271813"", ""num_reinsertion"": ""145643"", ""num_full_dominance_check"": ""281362"", ""num_good_fallback"": ""16703"", ""num_bad_fallback"": ""264659"", ""runtime_s"": ""600.001"", ""time_limit_reached"": ""1""}"
bay8_M5,bay,5,0.1,fast2,0,ok,29.107,13cea0e1528e795b107fa17589368b35ccc55da354ae49f1022d047b5dca106a,C:\Users\BARFE\.copilot\repos\copilot-worktrees\fast-mvh-kdt\barfe-aicahub-vigilant-robot\scratchpad\build_fast\fast_mvh.exe --map C:\Users\BARFE\.copilot\repos\copilot-worktrees\fast-mvh-kdt\barfe-aicahub-vigilant-robot\benchmarks\runs\2026-09-29_122346_bay_and_3d\inputs\BAY8000_M5 --start 1 --goal 8000 --algorithm L_NAMOA_DR_MVH_FAST --mvh C:\Users\BARFE\.copilot\repos\copilot-worktrees\fast-mvh-kdt\barfe-aicahub-vigilant-robot\benchmarks\runs\2026-09-29_122346_bay_and_3d\inputs\BAY8000_M5\apex_e0.1_lex.mvh --cutoffTime 600 --sol-out benchmarks\runs\2026-10-04_123702_fast_m3_6\sols\bay8_M5_fast2.sol,"{""algorithm"": ""L_NAMOA_DR_MVH_FAST"", ""source"": ""1"", ""target"": ""8000"", ""num_solutions"": ""33104"", ""num_expansion"": ""1195876"", ""num_generation"": ""3324340"", ""num_reinsertion"": ""263021"", ""num_full_dominance_check"": ""45531"", ""num_good_fallback"": ""45131"", ""num_bad_fallback"": ""400"", ""num_chooseh"": ""5172463"", ""num_frontier_trees"": ""629"", ""num_heuristic_trees"": ""0"", ""num_redundant_heuristics"": ""8"", ""runtime_s"": ""27.839"", ""time_limit_reached"": ""0"", ""cmpchk"": ""354655872"", ""cmpupd"": ""28382974"", ""cmp_chooseh"": ""617018555"", ""cmp_full"": ""35302419""}"
bay8_M5,bay,5,0.1,fast,0,ok,20.291,13cea0e1528e795b107fa17589368b35ccc55da354ae49f1022d047b5dca106a,C:\Users\BARFE\.copilot\repos\copilot-worktrees\fast-mvh-kdt\barfe-aicahub-vigilant-robot\scratchpad\build_fast\fast_mvh.exe --map C:\Users\BARFE\.copilot\repos\copilot-worktrees\fast-mvh-kdt\barfe-aicahub-vigilant-robot\benchmarks\runs\2026-09-29_122346_bay_and_3d\inputs\BAY8000_M5 --start 1 --goal 8000 --algorithm L_NAMOA_DR_MVH_FAST3 --mvh C:\Users\BARFE\.copilot\repos\copilot-worktrees\fast-mvh-kdt\barfe-aicahub-vigilant-robot\benchmarks\runs\2026-09-29_122346_bay_and_3d\inputs\BAY8000_M5\apex_e0.1_lex.mvh --cutoffTime 600 --sol-out benchmarks\runs\2026-10-04_123702_fast_m3_6\sols\bay8_M5_fast.sol,"{""algorithm"": ""L_NAMOA_DR_MVH_FAST3"", ""source"": ""1"", ""target"": ""8000"", ""num_solutions"": ""33104"", ""num_expansion"": ""1195876"", ""num_generation"": ""3324340"", ""runtime_s"": ""19.116"", ""time_limit_reached"": ""0"", ""cmpchk"": ""354655872"", ""cmpupd"": ""28382974"", ""cmp_chooseh"": ""617018555"", ""cmp_full"": ""1304404"", ""num_full_dominance_check"": ""45531"", ""num_good_fallback"": ""45131"", ""num_bad_fallback"": ""400"", ""num_fallback_indexed"": ""123462""}"
